StartDate,EndDate,Status,IPAddress,Progress,Duration (in seconds),Finished,RecordedDate,ResponseId,RecipientLastName,RecipientFirstName,RecipientEmail,ExternalReference,LocationLatitude,LocationLongitude,DistributionChannel,UserLanguage,condition,profile_id,gender,year_birth,race,education,income,party,donation,newsletter,trust_competent_1,trust_intelligent_1,trust_qualified_1,trust_honest_1,trust_ethical_1,trust_sincere_1,trust_concerned_1,trust_improve_1,trust_considerate_1,trust_feedback_1,trust_transparent_1,trust_attention_1,trust_post_1,distrust_1,funding_5,policy_1_1,policy_2_1,policy_3_1,policy_4_1,inst_trust_epa_1,inst_trust_nasa_1,inst_trust_noaa_1,inst_trust_uni_1,inst_trust_gov_1,belief_post_1,concern_1_1,concern_2_1,concern_3_1,policy_general_1,policy_specific_1_1,policy_specific_2_1,policy_specific_3_1,policy_specific_4_1,policy_specific_5_1,policy_specific_6_1,policy_specific_7_1,individual_meat_1,individual_transport_1,individual_solar_1,individual_fly_1,individual_talk_1,individual_donate_1
Start Date,End Date,Response Type,IP Address,Progress,Duration (in seconds),Finished,Recorded Date,Response ID,Recipient Last Name,Recipient First Name,Recipient Email,External Data Reference,Location Latitude,Location Longitude,Distribution Channel,User Language,Condition (embedded data),Profile ID (embedded data),Gender,Year of birth (used to derive age and age_band),Race / ethnicity,Highest level of education completed,Household income,Partisan identity,"Of the $10 bonus, how much would you like to donate to the American Meteorological Society (AMS)?","Did you subscribe to the ""Talking Climate"" newsletter on the previous page? (recoded 1/0 in cleaning)",How incompetent or competent are most climate scientists?,How unintelligent or intelligent are most climate scientists?,How unqualified or qualified are most climate scientists?,How dishonest or honest are most climate scientists?,How unethical or ethical are most climate scientists?,How insincere or sincere are most climate scientists?,How unconcerned or concerned are most climate scientists about people’s wellbeing?,How uneager or eager are most climate scientists to improve others’ lives?,How inconsiderate or considerate are most climate scientists of others’ interests?,"How open, if at all, are most climate scientists to feedback?",How unwilling or willing are most climate scientists to be transparent?,How much or how little attention do climate scientists pay to other people's views?,How much do you trust climate scientists?,How much do you distrust climate scientists?,"Do you think the federal government is spending too much, too little or about the right amount of money on climate change research? (reverse-coded in cleaning)",To what extent do you agree or disagree: — Climate scientists should work closely with policy makers to integrate scientific results into policy-making.,To what extent do you agree or disagree: — Climate scientists should actively advocate for specific policies.,To what extent do you agree or disagree: — Climate scientists should communicate their findings to policy makers.,To what extent do you agree or disagree: — Climate scientists should be more involved in the policy-making process.,How much do you trust the following institutions? — Environmental Protection Agency (EPA),How much do you trust the following institutions? — National Aeronautics and Space Administration (NASA),How much do you trust the following institutions? — National Oceanic and Atmospheric Administration (NOAA),How much do you trust the following institutions? — Universities and colleges,How much do you trust the following institutions? — Federal government,"How accurate do you think this statement is? ""Human activities are causing climate change.""",How concerned are you about climate change?,How serious a problem is climate change?,"Relative to other issues facing the U.S., how important is climate change?","How much do you oppose or support: ""The U.S. government should do more to reduce global warming""","How much do you support or oppose: — Raising taxes on fossil fuels (e.g., gas, oil, coal)",How much do you support or oppose: — Expanding infrastructure for public transportation,How much do you support or oppose: — Increasing the use of sustainable energy such as wind and solar energy,How much do you support or oppose: — Protecting forested and land areas,"How much do you support or oppose: — Increasing taxes on carbon-intensive foods (e.g., beef and dairy products)",How much do you support or oppose: — Investing more in green jobs and businesses,How much do you support or oppose: — Introducing laws to keep waterways and oceans clean,How likely are you to engage in the following in the next 12 months? — Eat less meat,"How likely are you to engage in the following in the next 12 months? — Walk, bicycle, carpool, or take public transportation more often instead of driving by yourself",How likely are you to engage in the following in the next 12 months? — Install a solar panel,How likely are you to engage in the following in the next 12 months? — Go on less personal (non-business) air travel,How likely are you to engage in the following in the next 12 months? — Talk to friends and family about the importance of climate change,How likely are you to engage in the following in the next 12 months? — Donate to an environmental NGO
"{""ImportId"":""StartDate""}","{""ImportId"":""EndDate""}","{""ImportId"":""Status""}","{""ImportId"":""IPAddress""}","{""ImportId"":""Progress""}","{""ImportId"":""Duration (in seconds)""}","{""ImportId"":""Finished""}","{""ImportId"":""RecordedDate""}","{""ImportId"":""ResponseId""}","{""ImportId"":""RecipientLastName""}","{""ImportId"":""RecipientFirstName""}","{""ImportId"":""RecipientEmail""}","{""ImportId"":""ExternalReference""}","{""ImportId"":""LocationLatitude""}","{""ImportId"":""LocationLongitude""}","{""ImportId"":""DistributionChannel""}","{""ImportId"":""UserLanguage""}","{""ImportId"":""condition""}","{""ImportId"":""profile_id""}","{""ImportId"":""gender""}","{""ImportId"":""year_birth""}","{""ImportId"":""race""}","{""ImportId"":""education""}","{""ImportId"":""income""}","{""ImportId"":""party""}","{""ImportId"":""donation""}","{""ImportId"":""newsletter""}","{""ImportId"":""trust_competent_1""}","{""ImportId"":""trust_intelligent_1""}","{""ImportId"":""trust_qualified_1""}","{""ImportId"":""trust_honest_1""}","{""ImportId"":""trust_ethical_1""}","{""ImportId"":""trust_sincere_1""}","{""ImportId"":""trust_concerned_1""}","{""ImportId"":""trust_improve_1""}","{""ImportId"":""trust_considerate_1""}","{""ImportId"":""trust_feedback_1""}","{""ImportId"":""trust_transparent_1""}","{""ImportId"":""trust_attention_1""}","{""ImportId"":""trust_post_1""}","{""ImportId"":""distrust_1""}","{""ImportId"":""funding_5""}","{""ImportId"":""policy_1_1""}","{""ImportId"":""policy_2_1""}","{""ImportId"":""policy_3_1""}","{""ImportId"":""policy_4_1""}","{""ImportId"":""inst_trust_epa_1""}","{""ImportId"":""inst_trust_nasa_1""}","{""ImportId"":""inst_trust_noaa_1""}","{""ImportId"":""inst_trust_uni_1""}","{""ImportId"":""inst_trust_gov_1""}","{""ImportId"":""belief_post_1""}","{""ImportId"":""concern_1_1""}","{""ImportId"":""concern_2_1""}","{""ImportId"":""concern_3_1""}","{""ImportId"":""policy_general_1""}","{""ImportId"":""policy_specific_1_1""}","{""ImportId"":""policy_specific_2_1""}","{""ImportId"":""policy_specific_3_1""}","{""ImportId"":""policy_specific_4_1""}","{""ImportId"":""policy_specific_5_1""}","{""ImportId"":""policy_specific_6_1""}","{""ImportId"":""policy_specific_7_1""}","{""ImportId"":""individual_meat_1""}","{""ImportId"":""individual_transport_1""}","{""ImportId"":""individual_solar_1""}","{""ImportId"":""individual_fly_1""}","{""ImportId"":""individual_talk_1""}","{""ImportId"":""individual_donate_1""}"
2026-01-16 05:11:33,2026-01-16 05:18:23,0,,100,410,1,2026-01-16 05:18:28,R_IB9GVCVMYKZPIK7,,,,,,,anonymous,EN,control,p00001,1,2005,5,1,3,2,1,2,20,17,39,74,100,17,73,61,87,10,47,53,78,100,50,64,34,23,38,100,22,52,38,100,65,42,46,75,33,21,13,100,95,14,84,37,58,29,49,66,36,10
2026-01-21 03:36:00,2026-01-21 03:41:58,0,,100,358,1,2026-01-21 03:42:03,R_IU5EA0C264YHLR2,,,,,,,anonymous,EN,control,p00002,2,1988,3,5,4,4,0,2,27,81,27,48,85,71,76,86,14,0,66,62,73,14,40,66,6,20,47,0,93,36,24,63,17,57,56,13,32,94,39,7,23,20,89,57,6,83,24,57,26,82
2026-01-18 05:04:04,2026-01-18 05:13:01,0,,100,537,1,2026-01-18 05:13:06,R_WAXYUU1EUHZS888,,,,,,,anonymous,EN,control,p00003,1,1999,4,2,1,3,5,2,41,40,68,51,79,0,0,53,60,94,20,67,46,36,23,53,24,3,84,78,89,58,39,100,63,93,31,28,66,72,80,100,20,32,49,65,79,63,52,39,0,71
2026-01-17 03:45:00,2026-01-17 03:56:16,0,,100,676,1,2026-01-17 03:56:21,R_34JFER9T5477IDX,,,,,,,anonymous,EN,control,p00004,2,1949,5,6,3,2,3,2,26,38,38,51,28,5,78,24,76,13,89,23,47,56,47,54,28,10,18,1,1,44,18,17,54,65,89,76,0,66,72,59,29,45,17,10,38,97,56,58,66,46
2026-01-20 18:51:47,2026-01-20 19:00:23,0,,100,516,1,2026-01-20 19:00:28,R_SR8TMJQC3YOWLIL,,,,,,,anonymous,EN,control,p00005,3,1944,4,2,5,4,4,2,37,28,44,40,100,76,30,45,82,45,28,6,78,53,44,54,85,100,10,73,66,20,68,75,51,69,0,100,42,73,1,40,52,26,52,84,34,92,68,59,0,58
2026-01-15 14:34:23,2026-01-15 14:45:00,0,,100,637,1,2026-01-15 14:45:05,R_4JZMTINVG7A9MD8,,,,,,,anonymous,EN,control,p00006,2,2004,4,3,4,4,0,1,62,0,74,57,14,16,39,58,69,95,100,41,37,6,74,60,74,43,49,64,65,51,94,0,10,37,49,43,41,85,58,41,80,74,83,54,25,0,0,35,27,21
2026-01-19 08:18:25,2026-01-19 08:32:37,0,,100,852,1,2026-01-19 08:32:42,R_8BV7KJS02KYNEXD,,,,,,,anonymous,EN,control,p00007,2,1994,5,5,2,2,2,2,78,73,75,4,57,38,54,51,29,26,21,65,78,52,42,86,31,65,73,75,26,43,64,82,38,18,89,57,53,33,19,34,18,37,60,100,47,20,73,59,76,80
2026-01-19 15:58:08,2026-01-19 16:09:43,0,,100,695,1,2026-01-19 16:09:48,R_3RMPIRTAWLHZ8LJ,,,,,,,anonymous,EN,control,p00008,2,1990,3,2,5,2,5,2,57,72,100,2,35,44,41,74,84,74,49,50,16,42,72,14,13,88,65,62,45,24,38,87,37,40,29,20,10,28,18,20,61,17,68,64,60,70,28,89,21,22
2026-01-16 09:25:45,2026-01-16 09:38:00,0,,100,735,1,2026-01-16 09:38:05,R_2BBF7O7ME1T2J5R,,,,,,,anonymous,EN,control,p00009,2,1959,4,5,5,2,1,2,40,97,0,0,62,55,84,40,45,48,61,87,9,100,16,45,30,49,64,13,44,50,10,37,48,64,52,68,6,28,23,44,67,56,15,43,33,49,0,44,52,33
2026-01-16 00:14:40,2026-01-16 00:22:54,0,,100,494,1,2026-01-16 00:22:59,R_45GSICBSNKMZ5D9,,,,,,,anonymous,EN,control,p00010,2,1939,4,3,1,2,10,2,63,63,54,52,51,54,85,38,16,49,57,59,86,90,33,48,21,72,41,100,45,34,7,51,94,50,84,25,20,49,2,18,33,38,59,100,31,35,87,44,95,71
2026-01-19 09:07:18,2026-01-19 09:14:32,0,,100,434,1,2026-01-19 09:14:37,R_EP4RBN5GRPWQFSA,,,,,,,anonymous,EN,control,p00011,1,1961,2,5,2,3,1,2,72,11,61,18,100,49,65,67,72,65,52,36,21,6,25,33,92,61,29,84,20,50,16,63,51,0,100,69,47,25,82,38,25,18,32,41,73,64,42,42,97,95
2026-01-20 06:57:49,2026-01-20 07:01:45,0,,100,236,1,2026-01-20 07:01:50,R_27EOJYQAE725ZDT,,,,,,,anonymous,EN,control,p00012,3,1977,3,6,5,4,7,2,51,100,11,69,19,8,20,66,45,0,40,43,38,45,47,58,99,62,100,28,13,42,49,0,32,80,37,63,45,49,70,61,94,0,39,6,67,54,0,43,25,75
2026-01-19 06:24:08,2026-01-19 06:33:09,0,,100,541,1,2026-01-19 06:33:14,R_DM71UIJKPUCB554,,,,,,,anonymous,EN,control,p00013,2,1972,3,3,1,4,10,2,0,38,19,64,65,34,29,64,75,86,72,100,100,74,100,85,44,2,29,77,28,36,59,66,28,10,56,45,46,62,30,2,60,54,92,0,65,36,64,42,0,35
2026-01-19 05:33:39,2026-01-19 05:41:40,0,,100,481,1,2026-01-19 05:41:45,R_ILKV1AECOGBAW91,,,,,,,anonymous,EN,control,p00014,3,1996,1,3,3,4,7,2,83,75,39,87,100,55,21,0,24,16,73,50,57,99,51,34,24,7,100,5,29,67,43,36,66,78,32,26,35,89,24,16,0,57,56,100,0,37,90,75,51,93
2026-01-17 13:40:55,2026-01-17 13:53:49,0,,100,774,1,2026-01-17 13:53:54,R_8E6NHHGQ8HFEE7Q,,,,,,,anonymous,EN,control,p00015,2,1936,1,1,4,1,10,2,70,96,60,38,52,47,17,26,0,25,23,67,64,31,73,79,49,60,41,64,58,58,33,62,68,51,64,42,95,71,73,25,37,46,15,27,62,57,50,96,27,72
2026-01-21 03:23:45,2026-01-21 03:28:51,0,,100,306,1,2026-01-21 03:28:56,R_1F81S43WR3NEFM1,,,,,,,anonymous,EN,control,p00016,2,2003,4,1,2,4,10,2,37,56,37,13,36,56,56,54,65,36,40,60,39,27,57,46,31,67,93,50,36,35,87,23,73,46,74,53,60,100,0,42,40,33,7,29,28,100,45,79,18,65
2026-01-17 11:20:20,2026-01-17 11:32:33,0,,100,733,1,2026-01-17 11:32:38,R_F31WS02KT47V5S3,,,,,,,anonymous,EN,control,p00017,1,1981,2,5,2,3,0,1,13,55,89,76,0,43,87,20,98,71,74,40,82,31,48,43,58,35,37,20,3,28,59,80,61,28,87,56,63,0,60,100,68,50,70,46,99,44,73,31,86,68
2026-01-19 23:57:13,2026-01-20 00:06:39,0,,100,566,1,2026-01-20 00:06:44,R_4QHURBFHP684DQY,,,,,,,anonymous,EN,control,p00018,3,2005,5,2,1,3,2,2,66,22,96,63,77,97,100,74,41,29,39,58,38,20,33,13,59,29,25,45,43,42,24,46,36,23,77,82,47,42,20,69,64,85,5,96,34,51,46,17,13,9
2026-01-15 13:35:03,2026-01-15 13:45:05,0,,100,602,1,2026-01-15 13:45:10,R_7U5ZQAWNLWQUVRC,,,,,,,anonymous,EN,control,p00019,3,2000,3,5,3,3,1,2,49,50,0,70,42,73,67,0,39,42,65,13,78,13,38,28,40,21,62,6,62,3,25,30,29,41,53,65,0,44,100,64,39,48,51,26,18,16,98,22,23,59
2026-01-21 14:28:49,2026-01-21 14:43:02,0,,100,853,1,2026-01-21 14:43:07,R_8VS3BPEGWG6UUE7,,,,,,,anonymous,EN,control,p00020,1,1954,5,4,5,2,3,2,40,100,51,71,94,53,56,77,25,65,25,72,19,45,38,45,2,28,43,69,5,84,49,77,43,73,77,56,79,46,54,21,52,3,33,77,50,65,16,50,0,38
2026-01-15 18:04:41,2026-01-15 18:11:22,0,,100,401,1,2026-01-15 18:11:27,R_3XXSLEEK8B6G88Z,,,,,,,anonymous,EN,control,p00021,2,1997,5,4,1,1,8,2,32,16,56,14,62,86,33,92,37,24,76,45,60,48,73,20,23,31,100,47,17,47,3,96,34,40,100,63,77,37,65,79,58,45,47,55,24,42,77,36,46,65
2026-01-20 16:53:26,2026-01-20 16:59:25,0,,100,359,1,2026-01-20 16:59:30,R_3VVH0LP3W3ZA3OL,,,,,,,anonymous,EN,control,p00022,1,1995,4,5,2,2,10,2,24,8,96,51,63,83,66,37,42,54,39,61,83,39,99,61,54,10,12,7,44,15,24,90,57,27,58,55,92,23,100,28,69,47,57,86,47,41,47,61,16,22
2026-01-17 19:49:55,2026-01-17 20:00:50,0,,100,655,1,2026-01-17 20:00:55,R_77O6UDULRTUF82L,,,,,,,anonymous,EN,control,p00023,2,1988,3,2,1,2,2,2,38,95,56,2,64,56,17,26,44,38,62,50,44,74,47,34,81,78,38,21,71,6,68,34,95,81,100,49,64,60,52,32,0,30,54,90,77,75,0,49,32,0
2026-01-19 00:49:19,2026-01-19 00:55:32,0,,100,373,1,2026-01-19 00:55:37,R_RMH85CTGK6Z028G,,,,,,,anonymous,EN,control,p00024,2,1951,5,4,1,1,0,2,53,46,46,62,48,5,84,45,49,55,100,27,24,35,60,49,32,0,57,40,62,26,26,46,64,56,81,65,48,55,48,35,49,56,72,51,58,0,8,44,0,40
2026-01-17 06:27:48,2026-01-17 06:32:21,0,,100,273,1,2026-01-17 06:32:26,R_Q5WQ2C02NH0ZHIO,,,,,,,anonymous,EN,control,p00025,3,1981,3,4,3,4,1,2,34,51,11,27,80,49,34,94,46,80,67,90,43,48,46,9,68,44,45,37,24,19,43,13,41,66,32,0,23,44,4,62,44,22,49,74,60,81,38,34,66,34
2026-01-20 05:17:39,2026-01-20 05:20:43,0,,100,184,1,2026-01-20 05:20:48,R_Z455ZKOS4DG31S1,,,,,,,anonymous,EN,control,p00026,1,1984,4,6,4,1,1,1,45,0,69,17,16,1,67,49,63,54,93,46,61,92,38,81,57,12,37,44,0,26,26,74,55,85,42,69,97,25,38,36,41,29,0,43,0,20,72,41,82,62
2026-01-17 15:08:40,2026-01-17 15:22:13,0,,100,813,1,2026-01-17 15:22:18,R_HS30ILZ7X8BJWZ5,,,,,,,anonymous,EN,control,p00027,2,1982,5,1,2,4,10,2,3,32,72,92,67,61,55,98,61,34,40,99,77,17,46,22,29,68,55,65,45,62,100,88,55,0,55,61,30,93,50,40,45,3,40,39,15,48,43,20,6,31
2026-01-21 20:46:12,2026-01-21 20:59:46,0,,100,814,1,2026-01-21 20:59:51,R_U1C5GVZDJ73F123,,,,,,,anonymous,EN,control,p00028,3,2003,4,6,4,2,5,2,86,46,50,27,6,33,42,59,81,73,47,50,63,20,44,44,4,68,37,65,93,37,8,57,86,26,100,100,33,38,25,28,38,84,0,66,12,95,52,52,48,42
2026-01-21 05:37:51,2026-01-21 05:48:46,0,,100,655,1,2026-01-21 05:48:51,R_REOKS4NA201NNG6,,,,,,,anonymous,EN,control,p00029,2,1992,4,2,2,2,9,2,8,50,62,81,54,47,39,53,43,26,22,69,26,69,49,31,47,37,42,42,69,14,57,51,100,100,30,10,18,6,55,33,19,50,95,58,86,87,36,40,29,90
2026-01-22 07:28:05,2026-01-22 07:36:29,0,,100,504,1,2026-01-22 07:36:34,R_V5MAGNXLTXAF5JT,,,,,,,anonymous,EN,control,p00030,3,1966,3,1,4,2,6,2,68,59,56,15,100,20,37,61,63,57,31,50,1,74,62,11,79,67,55,39,86,71,71,59,33,57,46,53,70,59,56,36,67,89,24,34,43,37,15,43,0,65
2026-01-22 07:29:03,2026-01-22 07:36:48,0,,100,465,1,2026-01-22 07:36:53,R_7VCJ670Y92TUP8L,,,,,,,anonymous,EN,control,p00031,2,1949,5,4,5,4,8,1,43,45,30,95,66,47,100,41,74,45,80,39,6,100,0,63,79,18,58,62,86,51,61,66,64,100,31,84,30,0,55,100,85,30,94,81,93,38,0,96,25,52
2026-01-18 00:21:13,2026-01-18 00:34:38,0,,100,805,1,2026-01-18 00:34:43,R_K40TAVPND44RLGD,,,,,,,anonymous,EN,control,p00032,2,1970,2,5,4,3,3,2,42,95,36,67,2,11,59,29,35,98,24,70,65,15,50,44,39,18,64,54,40,4,60,85,63,55,30,71,33,23,6,65,69,38,72,38,13,65,70,39,58,13
2026-01-18 19:37:45,2026-01-18 19:49:37,0,,100,712,1,2026-01-18 19:49:42,R_KVUJ7X1ZCRWWQLE,,,,,,,anonymous,EN,control,p00033,1,1966,3,3,2,1,0,2,62,42,0,47,0,51,88,53,89,14,34,46,69,67,28,54,54,55,0,35,19,42,49,68,50,63,31,0,43,35,62,62,53,43,68,69,24,20,27,8,32,34
2026-01-19 12:40:22,2026-01-19 12:53:33,0,,100,791,1,2026-01-19 12:53:38,R_I7WO804UYDF2GLL,,,,,,,anonymous,EN,control,p00034,2,1965,3,3,1,3,6,2,88,34,11,61,42,5,22,79,54,40,47,49,49,63,26,59,78,10,94,88,34,18,52,78,54,97,41,44,69,39,35,41,79,33,47,60,78,53,35,49,60,44
2026-01-15 10:38:37,2026-01-15 10:53:19,0,,100,882,1,2026-01-15 10:53:24,R_IPCSTCMPNK0GFKM,,,,,,,anonymous,EN,control,p00035,3,1979,1,4,3,2,0,1,54,69,51,46,50,37,50,23,65,7,100,54,14,37,43,60,88,27,54,15,100,93,0,16,19,71,58,75,38,49,53,79,32,55,87,63,50,82,49,62,81,99
2026-01-21 22:03:37,2026-01-21 22:11:18,0,,100,461,1,2026-01-21 22:11:23,R_B1EEBZ3DBXT8K5Y,,,,,,,anonymous,EN,control,p00036,2,1996,3,4,2,3,8,2,33,54,46,13,20,67,39,49,52,62,67,36,38,29,48,50,67,47,61,68,72,19,75,60,100,6,28,13,80,13,6,59,61,99,67,83,42,43,15,83,51,66
2026-01-18 11:39:10,2026-01-18 11:43:01,0,,100,231,1,2026-01-18 11:43:06,R_C4FX4ZIO5YAKLUI,,,,,,,anonymous,EN,control,p00037,2,1950,2,2,2,1,8,2,38,55,60,61,89,13,52,40,70,15,6,100,47,80,60,28,74,85,0,35,74,61,12,2,86,100,56,32,51,49,69,64,53,31,68,59,43,24,47,62,80,52
2026-01-20 10:42:22,2026-01-20 10:48:34,0,,100,372,1,2026-01-20 10:48:39,R_6T5M2MSFSWOZC9W,,,,,,,anonymous,EN,control,p00038,2,1970,5,4,5,3,4,2,64,89,39,71,72,14,54,50,49,44,43,23,35,56,29,74,42,66,89,25,1,76,72,72,57,0,24,100,58,26,68,60,100,100,41,61,93,38,85,0,67,47
2026-01-15 12:27:51,2026-01-15 12:40:37,0,,100,766,1,2026-01-15 12:40:42,R_FUP6ODZVZA3Z8UB,,,,,,,anonymous,EN,control,p00039,3,1958,1,3,5,2,6,2,64,35,30,94,30,52,23,37,62,0,12,26,42,77,82,90,100,52,44,12,41,34,88,47,59,70,48,44,0,32,90,29,57,5,68,34,89,52,22,39,4,43
2026-01-18 11:38:47,2026-01-18 11:49:17,0,,100,630,1,2026-01-18 11:49:22,R_C7P6NKIFRYTQG9Y,,,,,,,anonymous,EN,control,p00040,2,1939,5,2,4,4,6,2,43,72,75,54,25,1,0,89,9,100,78,100,60,21,49,37,56,69,55,75,73,27,33,16,28,83,75,87,45,36,39,77,80,81,10,67,29,43,68,33,50,41
2026-01-18 20:57:21,2026-01-18 21:09:02,0,,100,701,1,2026-01-18 21:09:07,R_4KWIZU3OY7RBPR7,,,,,,,anonymous,EN,control,p00041,1,1987,1,3,4,4,0,2,35,43,40,70,53,46,46,21,40,56,65,65,100,0,33,60,50,41,42,38,53,69,53,71,99,18,44,84,50,58,96,100,65,13,16,0,22,45,37,63,57,35
2026-01-16 19:28:36,2026-01-16 19:41:47,0,,100,791,1,2026-01-16 19:41:52,R_SU8KI5MDLNG16X6,,,,,,,anonymous,EN,control,p00042,2,1980,1,1,2,3,5,2,85,66,38,68,36,78,55,0,85,72,70,100,69,92,1,100,74,54,7,41,53,81,32,0,100,10,45,54,35,54,27,73,70,66,59,30,39,63,98,0,66,43
2026-01-20 07:00:54,2026-01-20 07:06:46,0,,100,352,1,2026-01-20 07:06:51,R_BNXI122LSBXQDC1,,,,,,,anonymous,EN,control,p00043,1,1982,5,2,5,2,1,2,53,61,25,16,54,96,100,97,93,32,54,65,77,100,36,27,46,46,60,51,72,31,20,39,64,80,81,85,66,10,90,50,48,78,90,35,51,14,59,60,32,0
2026-01-15 13:25:22,2026-01-15 13:36:57,0,,100,695,1,2026-01-15 13:37:02,R_KCYW6MYY6PPQAL2,,,,,,,anonymous,EN,control,p00044,3,1970,5,1,4,2,8,1,47,77,55,55,26,0,29,49,8,74,0,100,56,28,9,17,54,18,77,96,72,0,56,88,65,53,1,29,18,73,48,46,50,69,51,52,33,100,55,51,43,46
2026-01-21 05:42:59,2026-01-21 05:53:36,0,,100,637,1,2026-01-21 05:53:41,R_25ZMSHWGC8PUYY7,,,,,,,anonymous,EN,control,p00045,3,1956,4,2,4,4,10,2,0,47,100,48,16,47,49,54,52,65,51,78,47,87,67,33,0,71,57,52,61,12,75,54,63,80,45,34,45,47,57,90,66,40,20,79,24,61,25,71,65,60
2026-01-17 11:09:44,2026-01-17 11:19:21,0,,100,577,1,2026-01-17 11:19:26,R_N7768BLVKSWWQAP,,,,,,,anonymous,EN,control,p00046,1,1965,3,4,4,2,3,2,33,89,12,69,89,45,70,36,12,50,57,47,43,75,46,25,54,78,25,37,51,0,41,30,3,0,100,61,54,31,49,79,100,11,90,65,29,21,15,59,34,46
2026-01-18 21:39:45,2026-01-18 21:51:29,0,,100,704,1,2026-01-18 21:51:34,R_QXBIEPET3IEGRU2,,,,,,,anonymous,EN,control,p00047,2,1996,5,6,5,3,0,2,37,0,36,99,0,2,18,22,45,9,69,84,65,72,83,55,81,62,4,19,36,98,26,51,32,36,60,27,28,53,41,22,74,69,55,60,100,79,77,61,54,85
2026-01-19 15:18:00,2026-01-19 15:22:11,0,,100,251,1,2026-01-19 15:22:16,R_IOCTGHT0L6R5Z4Q,,,,,,,anonymous,EN,control,p00048,3,1976,5,6,3,1,4,2,54,45,31,53,92,40,59,50,65,69,0,76,58,20,92,58,45,76,82,75,52,46,43,96,26,49,30,81,70,92,25,20,78,62,25,35,70,38,30,46,76,35
2026-01-21 06:29:31,2026-01-21 06:34:26,0,,100,295,1,2026-01-21 06:34:31,R_QB8OBJ2MZKUTW53,,,,,,,anonymous,EN,control,p00049,1,1978,2,2,4,4,4,2,85,37,78,73,75,12,9,64,27,21,100,44,68,19,0,28,71,74,73,6,63,71,56,14,54,100,62,42,62,79,72,62,22,37,68,40,9,80,16,55,0,79
2026-01-19 21:40:08,2026-01-19 21:43:33,0,,100,205,1,2026-01-19 21:43:38,R_B62C1GT0FY4T61F,,,,,,,anonymous,EN,control,p00050,3,1966,1,3,5,2,0,1,71,59,54,50,4,91,96,60,100,75,69,37,62,33,18,75,67,69,56,1,27,34,32,9,20,50,22,62,6,25,42,23,43,57,55,36,33,17,14,47,83,27
2026-01-16 18:36:42,2026-01-16 18:49:04,0,,100,742,1,2026-01-16 18:49:09,R_00RFW67IJ0WLQBP,,,,,,,anonymous,EN,control,p00051,2,1979,3,4,1,1,9,1,42,51,44,65,44,41,56,59,100,11,88,43,73,50,20,47,43,79,88,8,74,15,100,55,27,19,64,68,29,100,30,29,26,70,57,90,58,63,57,40,85,14
2026-01-16 00:23:02,2026-01-16 00:37:22,0,,100,860,1,2026-01-16 00:37:27,R_I645FEKFHD4VM7C,,,,,,,anonymous,EN,control,p00052,1,1950,5,1,2,1,9,1,28,48,71,12,53,31,94,55,55,78,65,41,13,33,39,30,36,10,62,33,34,53,56,46,55,53,57,50,68,46,36,48,97,48,46,92,35,55,69,60,41,41
2026-01-22 03:53:22,2026-01-22 03:56:30,0,,100,188,1,2026-01-22 03:56:35,R_5XXQ4Z4ZYT26772,,,,,,,anonymous,EN,control,p00053,1,1970,4,4,3,4,8,2,100,97,57,72,27,47,11,22,33,30,76,73,49,26,42,66,23,28,10,81,51,19,42,54,0,73,54,41,0,0,39,45,100,58,82,7,70,43,83,32,18,84
2026-01-21 21:11:20,2026-01-21 21:14:51,0,,100,211,1,2026-01-21 21:14:56,R_BHUD065GBJ60LX8,,,,,,,anonymous,EN,control,p00054,3,1970,5,6,3,4,3,1,34,55,28,62,0,69,53,57,100,34,61,48,68,0,55,23,42,77,24,26,4,74,54,29,100,24,94,50,69,41,100,37,39,75,73,100,50,74,100,55,70,75
2026-01-16 16:54:23,2026-01-16 17:03:42,0,,100,559,1,2026-01-16 17:03:47,R_TUFGZYGQ0XI5R4G,,,,,,,anonymous,EN,control,p00055,1,1971,3,3,5,3,5,2,66,13,36,76,10,54,49,37,17,20,45,80,0,26,54,19,83,62,47,23,57,47,100,11,0,47,10,45,40,10,76,28,67,66,56,39,27,29,82,38,62,22
2026-01-18 03:57:50,2026-01-18 04:04:34,0,,100,404,1,2026-01-18 04:04:39,R_03X9PGKW8DIME43,,,,,,,anonymous,EN,control,p00056,2,1963,5,5,3,2,4,2,43,99,78,21,80,15,43,51,54,73,58,36,31,81,71,58,45,68,80,38,53,63,21,0,26,100,21,71,49,11,5,58,78,67,51,59,12,75,49,77,81,77
2026-01-21 00:35:40,2026-01-21 00:44:59,0,,100,559,1,2026-01-21 00:45:04,R_32Y6ELHRW7OKTRI,,,,,,,anonymous,EN,control,p00057,3,1951,4,3,5,4,5,2,55,65,33,61,63,17,74,98,68,23,52,18,38,46,27,89,25,100,41,64,36,53,66,55,67,19,44,68,55,66,100,100,75,100,70,13,36,100,35,36,0,93
2026-01-16 17:20:20,2026-01-16 17:30:52,0,,100,632,1,2026-01-16 17:30:57,R_YHJJDBPV8XGNQ05,,,,,,,anonymous,EN,control,p00058,3,1994,3,6,1,3,5,2,66,61,50,85,36,100,45,57,35,45,29,61,8,49,42,61,28,94,100,26,53,35,25,58,59,47,79,35,11,44,68,75,0,46,64,65,0,44,92,38,100,58
2026-01-15 19:02:31,2026-01-15 19:16:02,0,,100,811,1,2026-01-15 19:16:07,R_C90BGGLSFJ264LO,,,,,,,anonymous,EN,control,p00059,3,1968,1,2,5,4,6,2,42,52,4,33,34,38,80,54,72,31,27,98,95,31,53,65,81,44,17,27,50,24,87,38,53,28,57,21,26,64,33,54,58,57,59,46,62,81,73,41,81,0
2026-01-17 07:22:53,2026-01-17 07:35:14,0,,100,741,1,2026-01-17 07:35:19,R_LMZ4N2AV6B48EO2,,,,,,,anonymous,EN,control,p00060,3,1934,2,3,3,3,6,2,57,56,68,64,29,75,81,56,40,100,24,2,100,43,69,99,71,68,16,26,49,52,87,36,40,47,63,63,58,78,51,96,64,68,49,17,69,47,83,51,39,41
2026-01-19 14:05:43,2026-01-19 14:20:21,0,,100,878,1,2026-01-19 14:20:26,R_1NVFPOGZ8TVPBEF,,,,,,,anonymous,EN,Corporate reliance,p00061,3,2003,4,2,3,2,8,2,85,40,60,37,52,34,55,45,22,0,100,66,79,17,51,70,76,84,13,100,57,29,35,30,83,62,30,49,100,16,44,74,96,93,82,59,55,40,63,5,35,2
2026-01-18 02:20:36,2026-01-18 02:33:58,0,,100,802,1,2026-01-18 02:34:03,R_XDCLQD0HSZMRDHI,,,,,,,anonymous,EN,Corporate reliance,p00062,3,1986,3,4,2,1,7,2,52,65,0,26,80,0,11,77,23,34,87,51,58,77,32,22,19,26,70,9,81,45,42,47,63,34,48,57,72,63,70,65,0,85,21,70,67,25,37,4,0,46
2026-01-18 14:46:34,2026-01-18 14:55:09,0,,100,515,1,2026-01-18 14:55:14,R_W8D445DU8EGX5L5,,,,,,,anonymous,EN,Corporate reliance,p00063,1,1985,2,4,5,2,1,2,38,100,42,15,61,25,40,100,40,28,32,47,1,58,73,31,40,35,65,43,30,0,54,50,55,40,81,55,95,61,44,27,67,35,48,76,100,81,33,100,91,14
2026-01-20 02:48:32,2026-01-20 02:55:07,0,,100,395,1,2026-01-20 02:55:12,R_GVTAQQG1Y7BXTTZ,,,,,,,anonymous,EN,Corporate reliance,p00064,2,2005,1,2,3,4,4,2,58,71,30,3,71,16,34,72,37,86,16,27,20,39,45,52,39,42,48,0,23,86,45,65,79,85,89,0,82,44,76,42,67,64,42,23,85,100,93,40,35,68
2026-01-20 05:53:48,2026-01-20 06:07:24,0,,100,816,1,2026-01-20 06:07:29,R_WZF27O6HLMZU86B,,,,,,,anonymous,EN,Corporate reliance,p00065,2,1954,1,2,3,1,8,2,45,49,48,60,63,61,43,16,44,79,86,52,100,58,30,68,51,18,27,64,21,100,21,0,14,13,12,4,56,56,48,63,74,75,12,39,75,36,79,54,26,31
2026-01-16 13:10:20,2026-01-16 13:20:42,0,,100,622,1,2026-01-16 13:20:47,R_8QFXCEGW5C49NPZ,,,,,,,anonymous,EN,Corporate reliance,p00066,2,1969,5,3,1,2,7,2,87,24,34,85,53,66,13,67,32,55,65,77,38,39,44,69,0,56,27,52,80,34,59,0,50,69,55,62,26,64,50,81,28,42,0,76,63,34,97,30,59,82
2026-01-19 03:33:28,2026-01-19 03:38:45,0,,100,317,1,2026-01-19 03:38:50,R_JR5NFR1Q52AVDCH,,,,,,,anonymous,EN,Corporate reliance,p00067,3,1942,2,5,2,1,8,2,59,53,7,48,68,58,33,78,37,90,0,61,51,7,0,43,63,68,85,68,16,49,32,19,83,52,60,78,22,17,67,19,73,32,72,100,20,85,42,16,99,6
2026-01-20 18:29:48,2026-01-20 18:38:47,0,,100,539,1,2026-01-20 18:38:52,R_HGEK5NAVS0PR35E,,,,,,,anonymous,EN,Corporate reliance,p00068,3,1946,4,2,4,1,0,2,81,83,47,8,100,100,31,30,67,0,47,44,26,100,43,82,76,39,53,15,47,78,100,17,0,44,100,24,33,83,71,72,29,55,63,29,69,29,78,92,100,40
2026-01-17 20:05:37,2026-01-17 20:10:35,0,,100,298,1,2026-01-17 20:10:40,R_LIRB3WR1DPT96WA,,,,,,,anonymous,EN,Corporate reliance,p00069,2,2005,4,6,5,2,3,2,15,78,55,28,36,42,100,40,6,19,67,58,76,46,66,60,36,49,37,26,43,87,0,64,0,52,82,41,36,8,63,13,66,21,16,38,48,60,56,0,52,17
2026-01-17 10:22:47,2026-01-17 10:27:33,0,,100,286,1,2026-01-17 10:27:38,R_22EJAMMDU2EF123,,,,,,,anonymous,EN,Corporate reliance,p00070,1,1999,3,2,5,1,8,2,19,11,71,0,42,4,40,84,61,100,15,46,61,85,0,0,38,72,59,0,57,46,86,54,47,87,100,62,51,60,40,59,1,100,0,39,35,65,56,30,74,38
2026-01-19 05:13:07,2026-01-19 05:19:04,0,,100,357,1,2026-01-19 05:19:09,R_D49SHSCIK90SMJ6,,,,,,,anonymous,EN,Corporate reliance,p00071,1,2004,2,4,4,4,0,2,52,51,58,32,92,60,41,60,71,31,53,13,48,42,24,38,66,53,92,0,71,1,40,75,24,51,67,45,43,65,56,79,15,22,53,57,76,47,36,28,42,51
2026-01-15 22:31:52,2026-01-15 22:44:45,0,,100,773,1,2026-01-15 22:44:50,R_41LNF91KLW24YWH,,,,,,,anonymous,EN,Corporate reliance,p00072,1,1948,3,1,3,3,6,2,51,10,72,62,27,51,100,5,46,100,4,55,57,53,73,21,29,79,51,49,33,17,46,94,30,38,39,70,0,69,100,67,63,70,50,56,94,72,97,28,9,0
2026-01-17 23:51:45,2026-01-17 23:56:02,0,,100,257,1,2026-01-17 23:56:07,R_N6TXOKUOETECFRE,,,,,,,anonymous,EN,Corporate reliance,p00073,2,1979,1,6,5,4,3,2,62,15,53,11,50,30,26,41,65,69,13,95,57,71,2,35,22,62,45,23,62,66,31,50,2,52,53,27,49,74,1,95,67,19,100,66,47,60,74,40,43,13
2026-01-15 11:01:54,2026-01-15 11:07:35,0,,100,341,1,2026-01-15 11:07:40,R_2MNPGP50FHHBSCA,,,,,,,anonymous,EN,Corporate reliance,p00074,1,1984,2,3,3,4,6,2,37,75,69,50,46,42,54,43,49,64,68,25,79,3,54,100,53,44,40,72,85,19,59,36,34,46,46,44,58,65,78,43,85,86,54,16,22,59,29,2,60,55
2026-01-19 08:01:58,2026-01-19 08:11:27,0,,100,569,1,2026-01-19 08:11:32,R_C4J8U4XZJFQ3XGB,,,,,,,anonymous,EN,Corporate reliance,p00075,3,1995,3,5,5,2,4,2,29,31,58,93,70,61,45,58,43,0,47,47,25,26,98,79,100,31,30,51,0,36,59,100,100,68,4,8,53,79,73,90,77,51,0,95,26,75,72,97,54,12
2026-01-16 14:16:59,2026-01-16 14:21:45,0,,100,286,1,2026-01-16 14:21:50,R_FV752NMY3F7XET5,,,,,,,anonymous,EN,Corporate reliance,p00076,2,1997,5,1,1,2,7,1,91,54,100,30,78,58,34,15,48,49,32,1,52,80,40,26,72,25,30,2,74,39,37,55,49,25,47,35,28,30,65,85,75,98,41,25,11,45,42,74,59,19
2026-01-20 07:19:38,2026-01-20 07:26:04,0,,100,386,1,2026-01-20 07:26:09,R_U6CX2B6R2VFFK8K,,,,,,,anonymous,EN,Corporate reliance,p00077,3,1944,3,6,5,3,9,2,68,95,31,15,52,59,30,100,100,0,43,36,100,72,58,0,44,37,2,100,8,0,23,91,82,32,83,64,48,5,58,43,65,95,79,42,33,90,12,58,45,17
2026-01-15 14:05:09,2026-01-15 14:11:00,0,,100,351,1,2026-01-15 14:11:05,R_QGR70EHVBKCWIWJ,,,,,,,anonymous,EN,Corporate reliance,p00078,2,1955,3,1,4,3,10,2,86,78,88,53,65,43,33,100,16,82,46,30,20,21,70,0,32,47,25,70,30,29,45,72,0,18,50,54,42,49,99,41,75,89,85,57,33,38,56,56,75,48
2026-01-21 00:41:29,2026-01-21 00:44:53,0,,100,204,1,2026-01-21 00:44:58,R_QH5ABHVI0WGORFF,,,,,,,anonymous,EN,Corporate reliance,p00079,3,1956,4,4,4,2,3,2,28,71,30,28,100,25,77,61,20,45,97,78,26,55,30,39,67,32,44,13,7,69,18,35,55,55,58,26,50,37,44,40,26,30,38,19,48,74,40,65,26,0
2026-01-21 22:08:37,2026-01-21 22:22:55,0,,100,858,1,2026-01-21 22:23:00,R_IV1JD49UOLKJUL1,,,,,,,anonymous,EN,Corporate reliance,p00080,1,1967,2,1,2,1,7,1,62,100,19,30,32,49,75,80,56,27,73,32,52,52,52,68,94,100,84,100,30,82,64,45,65,57,66,26,35,23,97,6,90,37,21,74,57,41,100,87,92,9
2026-01-15 11:44:38,2026-01-15 11:59:10,0,,100,872,1,2026-01-15 11:59:15,R_HJEMXQYMRWPUDPK,,,,,,,anonymous,EN,Corporate reliance,p00081,1,1999,4,4,5,3,2,2,82,100,76,100,26,96,79,33,67,75,44,64,38,63,78,83,94,48,41,74,22,36,57,12,77,88,100,68,14,49,100,72,35,71,22,32,32,37,0,96,26,52
2026-01-22 06:02:02,2026-01-22 06:10:17,0,,100,495,1,2026-01-22 06:10:22,R_P3ZS742SLSW9XJT,,,,,,,anonymous,EN,Corporate reliance,p00082,2,1942,1,3,2,4,4,2,41,47,36,44,48,64,49,67,47,44,65,71,14,60,22,71,48,0,68,64,46,52,48,84,38,62,57,69,60,86,52,41,60,45,71,45,61,50,24,54,89,54
2026-01-20 03:15:51,2026-01-20 03:30:13,0,,100,862,1,2026-01-20 03:30:18,R_MP6HHNKIMZOJDK3,,,,,,,anonymous,EN,Corporate reliance,p00083,1,1986,3,5,1,2,7,2,73,39,50,26,10,73,52,58,16,13,26,55,0,71,27,68,88,23,100,68,66,33,86,66,37,54,66,88,74,33,30,23,35,68,33,65,95,74,14,32,85,59
2026-01-17 11:21:37,2026-01-17 11:27:58,0,,100,381,1,2026-01-17 11:28:03,R_ZIAG8FWFEL8PMAC,,,,,,,anonymous,EN,Corporate reliance,p00084,3,1999,5,3,5,2,6,1,30,13,7,33,50,0,48,81,46,28,29,62,75,11,33,38,37,9,46,32,57,49,100,43,89,44,79,100,60,37,57,35,37,43,65,27,37,6,36,13,39,11
2026-01-17 07:07:38,2026-01-17 07:10:49,0,,100,191,1,2026-01-17 07:10:54,R_443TSDPUKPLVCLU,,,,,,,anonymous,EN,Corporate reliance,p00085,2,1960,1,4,1,4,7,2,49,64,1,71,19,20,100,87,53,52,62,57,55,19,69,20,21,88,87,72,87,49,65,58,59,62,60,73,88,5,55,0,64,25,54,41,75,46,31,30,64,64
2026-01-19 18:00:08,2026-01-19 18:04:39,0,,100,271,1,2026-01-19 18:04:44,R_T081ZO8GBR19YLG,,,,,,,anonymous,EN,Corporate reliance,p00086,1,1978,4,3,4,4,8,2,48,52,65,89,33,23,74,40,12,5,21,43,76,0,64,38,70,46,78,82,48,52,76,62,93,8,97,47,71,49,83,0,21,38,80,62,59,23,6,68,53,74
2026-01-20 00:14:47,2026-01-20 00:21:49,0,,100,422,1,2026-01-20 00:21:54,R_WJDTILITSI7TZ8B,,,,,,,anonymous,EN,Corporate reliance,p00087,1,1962,2,4,3,2,6,2,95,0,85,0,88,56,87,45,35,61,20,65,44,5,68,35,54,63,33,32,64,100,9,87,30,28,39,42,0,97,67,80,29,53,99,38,31,100,51,98,19,69
2026-01-16 00:36:44,2026-01-16 00:47:08,0,,100,624,1,2026-01-16 00:47:13,R_80VDZKSLQAP0V0V,,,,,,,anonymous,EN,Corporate reliance,p00088,3,1962,5,2,5,2,10,1,59,51,83,6,43,72,54,79,46,72,70,85,4,41,45,26,57,32,71,72,80,100,41,73,100,77,65,34,22,45,62,28,69,26,31,30,16,4,19,50,40,0
2026-01-20 10:20:27,2026-01-20 10:31:02,0,,100,635,1,2026-01-20 10:31:07,R_4EAODXIG5ZUA9DP,,,,,,,anonymous,EN,Corporate reliance,p00089,2,1986,2,2,5,1,9,2,0,43,57,94,31,95,36,87,80,71,80,18,6,44,66,80,57,48,35,87,39,28,46,53,79,87,26,68,10,69,55,33,0,64,46,30,9,8,91,47,56,84
2026-01-20 14:56:59,2026-01-20 15:08:34,0,,100,695,1,2026-01-20 15:08:39,R_AJ7QQMHM2ZTO1ZQ,,,,,,,anonymous,EN,Corporate reliance,p00090,2,1949,3,5,2,1,3,1,42,47,36,100,38,0,75,76,57,34,1,20,55,82,49,34,51,73,41,88,100,59,23,69,0,49,0,77,2,63,33,57,32,57,99,33,76,22,68,33,0,49
2026-01-20 17:55:27,2026-01-20 17:59:14,0,,100,227,1,2026-01-20 17:59:19,R_BH4D0TTFWACMEDA,,,,,,,anonymous,EN,Corporate reliance,p00091,1,1982,5,3,1,3,8,1,40,52,55,53,0,81,11,43,87,29,65,78,66,40,15,42,49,51,10,38,36,72,71,60,37,54,60,90,35,65,43,97,83,59,45,75,46,98,36,84,34,81
2026-01-18 21:24:40,2026-01-18 21:33:03,0,,100,503,1,2026-01-18 21:33:08,R_UT5TH3L0STZW68P,,,,,,,anonymous,EN,Corporate reliance,p00092,3,1978,3,4,4,1,0,2,53,36,64,79,41,100,24,34,13,29,83,31,45,81,55,46,31,60,53,67,2,93,64,76,34,24,45,56,37,74,72,33,63,24,6,100,9,56,38,80,67,33
2026-01-21 07:27:46,2026-01-21 07:38:53,0,,100,667,1,2026-01-21 07:38:58,R_3LHJIMAPHKVZOYX,,,,,,,anonymous,EN,Corporate reliance,p00093,1,1979,5,2,5,4,0,2,100,35,69,48,7,98,40,43,49,86,16,22,49,30,34,63,33,52,63,33,56,22,100,86,6,60,89,45,58,64,60,100,19,0,50,19,40,53,34,58,28,34
2026-01-16 03:44:24,2026-01-16 03:53:08,0,,100,524,1,2026-01-16 03:53:13,R_0WDLW6KVJ98V4SF,,,,,,,anonymous,EN,Corporate reliance,p00094,3,1952,1,1,5,3,9,2,67,76,36,47,24,56,13,49,0,20,61,20,55,47,68,37,74,58,62,45,37,89,75,28,76,84,59,45,65,5,47,13,68,59,0,49,14,47,0,69,62,58
2026-01-17 19:21:13,2026-01-17 19:28:45,0,,100,452,1,2026-01-17 19:28:50,R_U34TPOHDAOBP1TJ,,,,,,,anonymous,EN,Corporate reliance,p00095,3,1968,2,5,4,3,0,2,41,89,100,57,28,43,48,0,28,58,61,24,58,62,39,81,38,84,72,100,57,64,68,95,13,63,19,34,14,22,25,82,7,100,37,45,88,23,100,80,61,14
2026-01-16 16:55:08,2026-01-16 17:10:05,0,,100,897,1,2026-01-16 17:10:10,R_UEPAP8VS8LXOHXJ,,,,,,,anonymous,EN,Corporate reliance,p00096,1,1997,1,1,1,1,4,1,20,31,74,0,20,52,78,0,48,26,100,100,43,30,62,43,34,42,17,73,51,48,66,89,81,20,94,78,50,83,2,61,0,66,38,86,32,64,83,42,20,41
2026-01-17 07:56:25,2026-01-17 08:07:00,0,,100,635,1,2026-01-17 08:07:05,R_1X6M3QZYKAZYM5P,,,,,,,anonymous,EN,Corporate reliance,p00097,1,1955,4,2,2,4,3,2,24,60,53,57,0,65,42,21,60,25,92,66,35,9,60,92,0,100,30,59,65,80,55,77,0,38,51,63,28,0,100,78,82,98,20,38,39,34,66,78,76,98
2026-01-15 11:51:56,2026-01-15 12:02:21,0,,100,625,1,2026-01-15 12:02:26,R_3GNCS5JZ4ILWB75,,,,,,,anonymous,EN,Corporate reliance,p00098,3,1979,5,4,3,3,8,2,39,29,53,63,59,22,0,78,49,64,100,65,0,12,5,42,66,31,77,89,93,53,81,40,20,98,86,55,46,40,73,28,40,18,29,39,0,40,75,14,42,42
2026-01-19 04:37:37,2026-01-19 04:46:42,0,,100,545,1,2026-01-19 04:46:47,R_PH2K3B11IME98WL,,,,,,,anonymous,EN,Corporate reliance,p00099,1,1951,4,4,5,1,6,1,29,25,43,14,100,30,46,49,57,58,89,100,33,40,40,27,26,56,33,64,0,18,17,22,9,2,18,33,100,53,74,43,54,62,27,91,53,43,64,54,48,100
2026-01-20 03:08:23,2026-01-20 03:13:41,0,,100,318,1,2026-01-20 03:13:46,R_1KAYYB4FRAXBNXX,,,,,,,anonymous,EN,Corporate reliance,p00100,2,1961,3,5,5,4,8,2,34,44,70,69,35,74,37,29,84,22,100,69,75,63,91,81,6,82,40,53,48,66,77,32,24,74,51,34,55,62,0,57,65,11,86,85,41,26,69,100,49,43
2026-01-16 10:07:22,2026-01-16 10:17:20,0,,100,598,1,2026-01-16 10:17:25,R_5ZY3MMHRHX25NDB,,,,,,,anonymous,EN,Corporate reliance,p00101,1,1972,2,2,5,4,5,2,26,34,54,52,78,100,36,19,19,23,61,91,33,100,52,60,50,57,16,70,9,27,0,23,91,38,88,81,6,30,31,63,67,42,0,63,68,68,56,70,31,45
2026-01-15 19:20:38,2026-01-15 19:25:50,0,,100,312,1,2026-01-15 19:25:55,R_9DZD0299HHCNRPT,,,,,,,anonymous,EN,Corporate reliance,p00102,2,1960,3,5,3,3,7,1,63,45,19,55,14,6,79,35,28,81,34,79,28,100,32,35,60,36,50,53,24,88,17,80,27,42,29,17,84,24,71,47,0,12,65,60,77,55,46,46,30,50
2026-01-15 23:52:18,2026-01-16 00:00:36,0,,100,498,1,2026-01-16 00:00:41,R_2BVUGR3WCOFY6XW,,,,,,,anonymous,EN,Corporate reliance,p00103,3,1982,5,2,1,3,3,2,66,18,69,64,2,53,56,13,32,50,34,0,38,99,47,16,0,64,34,0,75,79,38,30,5,61,77,50,100,44,69,81,36,10,82,72,88,42,0,29,27,63
2026-01-18 21:44:00,2026-01-18 21:48:40,0,,100,280,1,2026-01-18 21:48:45,R_L05WVWHZO0REILF,,,,,,,anonymous,EN,Corporate reliance,p00104,2,1986,1,6,2,2,2,2,76,39,88,96,41,50,13,19,94,90,82,49,100,76,88,63,0,45,0,98,91,38,62,91,54,76,69,44,69,57,60,34,34,31,65,82,6,37,50,98,20,47
2026-01-22 04:40:13,2026-01-22 04:55:03,0,,100,890,1,2026-01-22 04:55:08,R_RPL659AA3T1RT5P,,,,,,,anonymous,EN,Corporate reliance,p00105,2,1988,2,6,4,3,3,1,71,100,0,49,75,39,58,65,53,100,92,14,63,54,86,53,60,50,86,95,45,30,55,68,84,19,36,22,40,82,36,13,21,24,6,23,27,96,72,71,100,17
2026-01-17 13:28:38,2026-01-17 13:32:10,0,,100,212,1,2026-01-17 13:32:15,R_3OUV5QBZ64BGCD0,,,,,,,anonymous,EN,Corporate reliance,p00106,2,1967,5,4,5,1,2,2,20,69,18,59,83,91,51,59,99,33,85,64,51,28,81,70,56,96,52,76,31,80,54,26,57,19,7,50,37,89,0,30,68,100,47,78,3,39,14,11,46,69
2026-01-18 00:59:36,2026-01-18 01:12:59,0,,100,803,1,2026-01-18 01:13:04,R_7GJS8U9XU9M08R3,,,,,,,anonymous,EN,Corporate reliance,p00107,2,1974,2,3,4,2,2,1,91,100,15,54,42,14,31,0,58,32,58,50,40,10,65,54,19,31,85,20,23,44,54,43,60,70,4,26,50,59,57,45,50,29,73,90,21,53,7,57,33,33
2026-01-16 17:25:11,2026-01-16 17:37:17,0,,100,726,1,2026-01-16 17:37:22,R_JUYL1SMGKUXD5YH,,,,,,,anonymous,EN,Corporate reliance,p00108,3,1971,5,4,5,2,9,1,75,61,100,4,51,53,57,39,90,16,56,39,100,42,89,87,48,16,40,100,54,60,75,100,17,57,90,95,30,11,81,0,43,59,15,37,71,40,10,100,22,37
2026-01-19 05:26:54,2026-01-19 05:33:29,0,,100,395,1,2026-01-19 05:33:34,R_B3TTBWZOLO5LXTE,,,,,,,anonymous,EN,Corporate reliance,p00109,1,1972,2,1,5,1,8,2,80,86,19,61,73,57,15,97,50,36,63,11,78,22,25,59,57,51,27,52,66,80,100,90,100,79,50,27,32,100,57,28,0,21,69,30,71,37,29,62,34,12
2026-01-16 12:35:59,2026-01-16 12:41:46,0,,100,347,1,2026-01-16 12:41:51,R_4RUKAV6DJ7W0I27,,,,,,,anonymous,EN,Corporate reliance,p00110,2,1950,1,4,2,3,5,1,0,0,22,74,51,37,46,42,30,53,18,65,51,96,54,55,46,70,100,10,49,26,16,95,69,28,76,45,66,20,34,20,24,4,79,70,35,54,19,69,0,0
2026-01-16 09:36:48,2026-01-16 09:48:49,0,,100,721,1,2026-01-16 09:48:54,R_QL1BZS0D4H30YT1,,,,,,,anonymous,EN,Corporate reliance,p00111,1,1938,1,1,3,1,6,1,43,53,76,36,30,80,57,2,77,97,15,9,38,41,66,37,14,64,53,54,87,72,59,0,59,84,66,96,37,48,41,32,0,29,33,100,37,32,20,69,82,70
2026-01-18 21:39:44,2026-01-18 21:45:59,0,,100,375,1,2026-01-18 21:46:04,R_6DBZCNSQ33E8Y8O,,,,,,,anonymous,EN,Corporate reliance,p00112,1,1956,2,5,5,2,3,2,65,71,44,54,28,78,16,100,53,38,85,63,24,36,51,59,55,41,37,21,34,48,100,10,0,29,6,57,100,6,79,30,75,43,100,0,67,20,19,0,37,86
2026-01-16 13:22:45,2026-01-16 13:31:25,0,,100,520,1,2026-01-16 13:31:30,R_QZ09REF880PYIT3,,,,,,,anonymous,EN,Corporate reliance,p00113,1,1997,5,3,3,4,4,1,46,28,52,50,41,0,95,24,95,55,64,71,63,4,100,56,54,77,60,24,67,36,37,91,64,42,30,54,75,22,24,93,23,21,28,60,2,55,90,100,15,100
2026-01-15 17:40:04,2026-01-15 17:48:44,0,,100,520,1,2026-01-15 17:48:49,R_DHFZIRXBNOQBZU6,,,,,,,anonymous,EN,Corporate reliance,p00114,2,1987,2,5,3,4,0,2,52,32,59,72,76,45,67,58,60,52,38,32,42,55,78,31,87,0,55,100,38,60,17,20,52,66,90,43,41,14,50,46,48,87,28,14,54,36,54,32,31,82
2026-01-16 17:00:48,2026-01-16 17:04:50,0,,100,242,1,2026-01-16 17:04:55,R_MHWXLMIYKXBQ6LT,,,,,,,anonymous,EN,Corporate reliance,p00115,3,1984,2,6,5,3,0,1,40,88,7,54,82,60,54,31,24,100,94,34,26,54,50,89,76,54,44,100,15,61,78,73,12,13,8,52,98,42,55,29,34,64,0,0,52,57,11,81,13,48
2026-01-16 10:30:05,2026-01-16 10:43:22,0,,100,797,1,2026-01-16 10:43:27,R_U02VYSP6NZYWDRT,,,,,,,anonymous,EN,Corporate reliance,p00116,2,1942,5,2,5,2,1,2,87,95,53,19,47,37,8,99,50,21,67,57,13,13,76,39,5,40,55,21,89,32,44,68,36,71,0,65,38,62,56,2,72,61,87,16,41,90,31,30,12,19
2026-01-17 16:56:51,2026-01-17 17:00:44,0,,100,233,1,2026-01-17 17:00:49,R_Z1K8VW30IIQSHZI,,,,,,,anonymous,EN,Corporate reliance,p00117,3,1972,2,6,2,4,10,1,23,94,39,42,42,28,6,15,53,100,34,56,22,50,49,68,39,41,66,61,0,54,38,17,19,38,63,70,55,43,47,51,59,43,46,100,65,69,4,100,58,53
2026-01-20 09:59:14,2026-01-20 10:03:09,0,,100,235,1,2026-01-20 10:03:14,R_6GSURHKTHJCT00U,,,,,,,anonymous,EN,Corporate reliance,p00118,2,1977,4,5,4,3,9,2,7,100,26,67,34,81,23,100,63,93,77,55,83,8,48,60,78,19,41,13,38,100,20,66,54,69,31,56,0,75,30,32,35,37,32,42,35,21,52,41,29,48
2026-01-18 15:10:38,2026-01-18 15:19:53,0,,100,555,1,2026-01-18 15:19:58,R_99K5F7PNRB4MYHU,,,,,,,anonymous,EN,Corporate reliance,p00119,2,1957,5,2,5,4,4,1,4,76,79,67,97,11,34,55,41,44,13,0,14,24,24,85,0,100,30,49,62,0,51,100,41,54,24,33,54,48,0,81,35,49,78,51,0,43,77,58,38,32
2026-01-21 11:00:21,2026-01-21 11:11:19,0,,100,658,1,2026-01-21 11:11:24,R_0Z3U0PYYNHRMMJU,,,,,,,anonymous,EN,Corporate reliance,p00120,2,1950,1,6,3,1,4,1,58,73,39,51,53,39,78,65,77,53,40,91,47,18,33,48,62,72,42,87,70,1,86,41,64,99,40,15,75,28,40,37,86,15,100,57,48,59,41,73,46,43
2026-01-19 00:38:50,2026-01-19 00:48:22,0,,100,572,1,2026-01-19 00:48:27,R_N8YUODXNC3TA4FQ,,,,,,,anonymous,EN,Social justice,p00121,2,2005,4,1,4,1,5,1,15,60,58,90,74,74,100,76,69,56,100,59,60,10,53,78,10,84,78,79,0,26,95,27,77,7,68,71,60,70,60,31,26,16,47,46,77,78,88,47,56,77
2026-01-17 15:18:29,2026-01-17 15:23:59,0,,100,330,1,2026-01-17 15:24:04,R_EQNO1U0YKME4O5S,,,,,,,anonymous,EN,Social justice,p00122,3,2006,2,3,1,1,0,2,69,56,56,46,12,100,13,25,21,44,62,96,78,36,84,66,100,43,85,8,60,51,48,37,71,42,65,67,100,22,0,57,73,28,65,82,0,13,44,73,65,43
2026-01-18 21:53:08,2026-01-18 21:57:28,0,,100,260,1,2026-01-18 21:57:33,R_0VVZ7U1XNUNX0SW,,,,,,,anonymous,EN,Social justice,p00123,1,1960,3,1,4,4,10,2,62,51,30,38,71,92,19,31,78,79,0,20,78,18,71,37,88,55,32,100,26,66,35,79,51,42,28,48,22,48,99,48,95,0,17,68,62,38,6,30,38,61
2026-01-20 18:28:20,2026-01-20 18:38:20,0,,100,600,1,2026-01-20 18:38:25,R_M1NI0WXDLP744GB,,,,,,,anonymous,EN,Social justice,p00124,3,1953,1,3,1,2,8,2,82,56,35,81,41,58,89,47,69,46,37,30,36,89,80,42,43,65,61,93,13,62,92,37,45,67,49,95,3,93,0,50,38,67,38,66,29,35,27,85,55,44
2026-01-20 22:57:24,2026-01-20 23:04:34,0,,100,430,1,2026-01-20 23:04:39,R_8IUN1KCXEQHX2VY,,,,,,,anonymous,EN,Social justice,p00125,2,1985,5,2,4,1,6,2,33,4,41,51,81,19,63,17,69,99,73,68,65,76,53,72,100,33,18,86,22,65,5,22,42,35,46,22,81,35,63,79,7,90,17,30,25,60,33,65,35,60
2026-01-21 08:35:15,2026-01-21 08:45:03,0,,100,588,1,2026-01-21 08:45:08,R_RDY53Q68KFGCKG1,,,,,,,anonymous,EN,Social justice,p00126,3,1975,5,6,2,4,1,2,50,84,55,46,81,100,0,69,93,33,95,79,12,85,20,0,86,17,82,73,37,42,48,63,42,35,75,46,52,100,44,100,50,76,69,59,71,25,42,33,68,50
2026-01-15 17:45:59,2026-01-15 17:55:25,0,,100,566,1,2026-01-15 17:55:30,R_7PHOPMHR1AY7QZE,,,,,,,anonymous,EN,Social justice,p00127,2,1943,5,6,2,1,10,2,29,67,70,30,16,29,42,74,15,48,100,100,62,59,51,84,59,59,79,86,11,84,66,77,59,34,36,80,11,47,35,21,89,55,74,48,89,85,55,75,0,62
2026-01-18 02:41:07,2026-01-18 02:52:40,0,,100,693,1,2026-01-18 02:52:45,R_QO21TGMCM96XC3C,,,,,,,anonymous,EN,Social justice,p00128,1,1942,1,5,4,2,4,1,58,69,73,29,40,77,8,57,66,31,78,51,77,57,54,39,13,47,69,27,26,54,51,14,67,52,29,45,100,78,93,1,58,19,46,25,44,83,74,41,66,96
2026-01-18 03:40:00,2026-01-18 03:43:38,0,,100,218,1,2026-01-18 03:43:43,R_CHHN37X7825ONWN,,,,,,,anonymous,EN,Social justice,p00129,1,1988,4,6,1,2,5,1,42,13,87,40,28,47,98,41,0,18,78,76,27,28,89,82,45,81,100,68,58,36,24,66,55,57,77,80,65,76,78,59,53,63,18,58,64,71,47,32,100,87
2026-01-18 05:53:18,2026-01-18 06:00:25,0,,100,427,1,2026-01-18 06:00:30,R_2610VC965M941XT,,,,,,,anonymous,EN,Social justice,p00130,2,1971,3,2,5,3,1,2,64,13,41,76,74,100,25,59,12,71,88,76,100,62,42,10,41,10,65,42,55,83,0,18,0,77,57,7,66,63,99,72,62,43,5,49,73,65,76,53,84,80
2026-01-17 03:03:18,2026-01-17 03:09:58,0,,100,400,1,2026-01-17 03:10:03,R_D6EBX06H1B44LBQ,,,,,,,anonymous,EN,Social justice,p00131,1,1996,3,3,1,4,9,2,57,79,39,29,46,0,50,52,56,10,43,44,36,59,21,37,71,55,0,24,19,61,46,0,46,79,27,31,54,40,54,79,41,23,24,59,43,37,16,81,15,79
2026-01-17 00:22:50,2026-01-17 00:26:25,0,,100,215,1,2026-01-17 00:26:30,R_JTQX8OO4XKG4F2T,,,,,,,anonymous,EN,Social justice,p00132,2,1988,5,4,2,2,1,2,39,12,53,42,69,58,83,67,79,21,43,76,88,50,14,73,57,72,0,24,49,82,45,73,100,85,40,45,25,2,29,47,38,78,100,13,32,23,25,48,70,66
2026-01-19 19:58:32,2026-01-19 20:09:32,0,,100,660,1,2026-01-19 20:09:37,R_ZFP9WIJA94ZRFLB,,,,,,,anonymous,EN,Social justice,p00133,2,1974,2,3,5,2,2,2,65,60,41,24,100,66,73,100,88,56,45,100,100,75,83,86,27,35,34,21,100,100,0,61,38,10,72,6,64,100,100,56,65,11,33,58,100,32,86,57,68,86
2026-01-22 06:32:46,2026-01-22 06:43:27,0,,100,641,1,2026-01-22 06:43:32,R_KZ58CC3GYNAMI5H,,,,,,,anonymous,EN,Social justice,p00134,2,1981,1,5,1,1,3,2,32,69,79,75,16,65,63,78,41,68,70,29,58,35,73,38,16,62,48,48,0,20,85,39,53,76,45,0,81,26,24,8,28,68,94,33,13,11,100,61,33,74
2026-01-21 08:45:10,2026-01-21 08:51:18,0,,100,368,1,2026-01-21 08:51:23,R_DWAAIGUOMJQSKZG,,,,,,,anonymous,EN,Social justice,p00135,3,1976,4,2,4,3,8,1,36,39,57,35,42,61,11,55,100,24,56,76,84,37,85,61,41,11,52,58,46,18,61,7,7,66,7,20,78,58,96,34,60,100,34,45,49,50,9,24,43,24
2026-01-21 07:54:36,2026-01-21 08:01:52,0,,100,436,1,2026-01-21 08:01:57,R_HHNXRACRRBXG8AW,,,,,,,anonymous,EN,Social justice,p00136,1,1995,5,2,1,4,8,2,45,32,45,10,83,51,60,98,81,48,31,45,31,70,42,100,18,100,7,100,100,53,62,38,30,62,50,72,64,82,11,71,35,93,20,20,37,79,73,60,0,85
2026-01-18 10:58:55,2026-01-18 11:05:40,0,,100,405,1,2026-01-18 11:05:45,R_BUCMTFMZHGGWUFT,,,,,,,anonymous,EN,Social justice,p00137,2,1936,4,6,1,4,7,2,61,88,87,44,76,81,38,34,78,92,90,60,12,29,34,28,44,47,0,36,17,53,29,10,21,36,50,81,51,51,57,35,97,86,0,74,45,19,60,48,56,60
2026-01-16 15:41:43,2026-01-16 15:54:20,0,,100,757,1,2026-01-16 15:54:25,R_NUB78EIZ59EUUHY,,,,,,,anonymous,EN,Social justice,p00138,2,2002,1,4,4,4,10,2,9,27,49,0,44,58,44,30,91,68,97,66,12,60,55,53,49,77,51,4,47,28,44,53,46,74,36,41,53,31,53,100,58,42,0,69,28,70,52,68,79,48
2026-01-16 04:21:51,2026-01-16 04:27:53,0,,100,362,1,2026-01-16 04:27:58,R_IUD82VE1VADZ16P,,,,,,,anonymous,EN,Social justice,p00139,2,1988,2,2,2,3,8,2,50,72,83,22,85,72,67,68,41,85,71,38,75,25,43,66,77,31,23,8,61,69,46,33,24,38,20,100,88,48,43,66,47,78,50,0,45,51,47,32,68,13
2026-01-17 03:47:18,2026-01-17 03:58:16,0,,100,658,1,2026-01-17 03:58:21,R_OPVJZN5W61O22RA,,,,,,,anonymous,EN,Social justice,p00140,2,2004,2,6,2,4,1,2,61,35,62,75,80,59,25,100,13,52,55,58,23,52,64,33,46,71,50,60,46,38,73,32,100,54,69,75,41,59,33,68,51,12,44,0,62,61,0,14,57,42
2026-01-16 13:22:31,2026-01-16 13:37:01,0,,100,870,1,2026-01-16 13:37:06,R_YW8UESKCIVL8XW6,,,,,,,anonymous,EN,Social justice,p00141,1,1978,5,3,4,3,8,1,70,100,41,21,88,64,67,97,90,52,63,42,0,30,19,16,63,39,85,27,66,56,42,28,77,29,34,13,58,42,65,12,71,51,56,95,49,70,44,42,74,32
2026-01-21 07:20:51,2026-01-21 07:26:58,0,,100,367,1,2026-01-21 07:27:03,R_XK53M7DXQKAULWR,,,,,,,anonymous,EN,Social justice,p00142,3,1952,2,2,1,3,2,2,35,44,19,37,66,19,23,27,60,62,12,45,0,79,48,57,79,35,53,26,41,21,7,66,32,36,67,91,51,34,29,67,85,63,17,29,46,25,20,100,100,100
2026-01-18 09:29:15,2026-01-18 09:42:24,0,,100,789,1,2026-01-18 09:42:29,R_VH0S047A9X7YT45,,,,,,,anonymous,EN,Social justice,p00143,3,1960,3,2,3,3,7,2,76,33,32,89,18,66,60,62,43,78,31,52,20,100,40,17,20,48,25,45,16,37,54,41,52,37,12,99,41,89,40,35,69,48,0,44,6,64,55,69,32,10
2026-01-15 13:41:56,2026-01-15 13:45:28,0,,100,212,1,2026-01-15 13:45:33,R_0UODRARFWF8RNUD,,,,,,,anonymous,EN,Social justice,p00144,1,2006,5,2,2,2,6,2,59,99,30,37,44,67,84,86,17,89,47,100,52,43,38,15,23,45,100,7,80,58,52,62,0,25,49,73,73,11,0,53,87,60,73,58,52,49,72,35,0,84
2026-01-20 19:34:27,2026-01-20 19:38:05,0,,100,218,1,2026-01-20 19:38:10,R_3ACA2ACULVGFHEZ,,,,,,,anonymous,EN,Social justice,p00145,1,1997,5,4,1,2,5,2,67,29,65,45,31,82,65,43,13,48,40,52,57,71,55,57,21,60,70,44,75,39,100,61,32,57,53,0,76,86,45,43,32,11,67,76,81,16,64,36,46,62
2026-01-15 21:44:34,2026-01-15 21:56:25,0,,100,711,1,2026-01-15 21:56:30,R_JO7AIGEADEPFJKB,,,,,,,anonymous,EN,Social justice,p00146,3,1969,3,6,4,4,7,2,82,0,56,67,57,0,52,96,56,84,13,49,85,64,72,54,24,61,99,86,37,11,30,69,41,24,44,54,67,69,27,40,46,83,26,69,45,100,45,57,16,74
2026-01-21 18:05:35,2026-01-21 18:20:27,0,,100,892,1,2026-01-21 18:20:32,R_UWZD76CJEE3VVVY,,,,,,,anonymous,EN,Social justice,p00147,2,1944,5,6,4,1,0,2,5,51,32,81,63,50,33,48,14,67,50,55,30,17,32,63,41,77,36,46,27,49,64,78,92,53,54,13,84,29,88,76,48,55,0,87,56,14,46,56,100,59
2026-01-21 06:54:50,2026-01-21 06:58:53,0,,100,243,1,2026-01-21 06:58:58,R_221UYWH118I0PJR,,,,,,,anonymous,EN,Social justice,p00148,2,1968,3,4,2,3,9,2,91,100,18,69,45,38,26,66,1,38,51,48,25,54,27,9,9,62,39,31,79,80,44,61,41,29,49,22,57,65,27,49,81,48,27,0,21,25,0,70,42,29
2026-01-18 02:48:59,2026-01-18 02:54:37,0,,100,338,1,2026-01-18 02:54:42,R_BCMDPR7OMYAGMMW,,,,,,,anonymous,EN,Social justice,p00149,3,2005,4,3,3,2,6,2,56,0,100,91,75,32,51,0,85,19,60,29,45,40,77,27,0,40,63,100,52,35,42,100,55,44,85,16,20,91,63,12,60,89,100,14,35,41,92,17,63,58
2026-01-20 13:46:14,2026-01-20 13:54:37,0,,100,503,1,2026-01-20 13:54:42,R_R5FOS7P5MOSIA5P,,,,,,,anonymous,EN,Social justice,p00150,3,1993,2,4,3,3,3,2,66,52,61,76,37,88,45,0,64,68,55,68,7,29,90,23,96,43,28,31,44,6,26,22,39,27,37,49,87,69,18,42,66,100,56,29,0,76,4,52,0,53
2026-01-22 06:08:03,2026-01-22 06:15:41,0,,100,458,1,2026-01-22 06:15:46,R_RKIQN430Y6CNILR,,,,,,,anonymous,EN,Social justice,p00151,1,1940,5,6,2,4,4,1,18,43,73,11,50,37,28,83,91,49,41,81,87,33,53,67,54,56,80,0,68,28,28,0,77,56,15,20,52,13,61,62,0,3,66,73,43,32,67,68,69,26
2026-01-16 18:43:07,2026-01-16 18:54:06,0,,100,659,1,2026-01-16 18:54:11,R_E9DDMW8VSQ72OGN,,,,,,,anonymous,EN,Social justice,p00152,3,1998,2,6,4,2,0,2,80,70,70,42,42,75,90,32,66,60,31,41,45,74,51,49,63,21,39,13,66,33,25,100,60,72,3,34,20,39,52,6,43,87,25,90,60,78,42,34,48,38
2026-01-17 21:33:38,2026-01-17 21:39:43,0,,100,365,1,2026-01-17 21:39:48,R_I1PBPWWVTX459TX,,,,,,,anonymous,EN,Social justice,p00153,1,1962,2,5,4,1,9,2,71,2,48,40,36,66,100,100,18,85,35,38,59,97,59,56,74,34,41,34,30,15,70,45,0,73,54,63,86,37,50,84,72,63,34,53,98,54,0,45,23,49
2026-01-21 16:14:43,2026-01-21 16:17:50,0,,100,187,1,2026-01-21 16:17:55,R_E2NXZELG2UQL8A1,,,,,,,anonymous,EN,Social justice,p00154,3,1983,3,5,2,1,4,2,57,41,37,34,45,67,69,0,52,62,42,19,58,29,59,47,81,43,71,89,50,60,45,48,0,57,74,51,16,72,53,25,58,12,57,55,56,7,80,57,23,67
2026-01-21 04:18:16,2026-01-21 04:26:27,0,,100,491,1,2026-01-21 04:26:32,R_6DRVDLN1E9CH1BA,,,,,,,anonymous,EN,Social justice,p00155,2,1981,1,6,1,3,8,2,42,58,50,33,30,35,53,41,88,85,100,56,15,61,51,64,24,91,29,34,100,50,100,60,61,24,0,25,70,31,67,35,49,0,22,28,70,20,24,36,2,74
2026-01-17 11:17:55,2026-01-17 11:25:03,0,,100,428,1,2026-01-17 11:25:08,R_PGTCWPV2DH0FQT0,,,,,,,anonymous,EN,Social justice,p00156,2,1984,3,6,4,4,5,2,64,43,59,0,45,27,100,2,60,68,71,89,32,52,67,76,32,73,4,79,94,51,50,74,43,73,23,73,34,44,32,74,29,26,34,19,56,32,42,9,48,41
2026-01-20 09:47:53,2026-01-20 09:58:46,0,,100,653,1,2026-01-20 09:58:51,R_HH0B74P6OO2ZLRJ,,,,,,,anonymous,EN,Social justice,p00157,2,1941,1,2,1,1,2,2,35,80,55,74,5,79,13,1,18,17,62,70,75,38,31,75,0,26,32,40,54,46,43,76,79,89,63,39,12,75,23,95,6,0,45,51,61,54,33,68,25,60
2026-01-18 09:05:06,2026-01-18 09:09:39,0,,100,273,1,2026-01-18 09:09:44,R_5OIXKSE1MVJ5NVX,,,,,,,anonymous,EN,Social justice,p00158,2,1970,3,1,1,3,7,2,81,20,44,63,14,83,39,38,81,25,65,46,77,69,44,5,50,78,60,59,59,29,18,49,22,100,62,0,58,65,67,71,80,50,85,42,64,27,41,1,76,57
2026-01-22 07:23:18,2026-01-22 07:30:53,0,,100,455,1,2026-01-22 07:30:58,R_GC2JP9LC9UORL1V,,,,,,,anonymous,EN,Social justice,p00159,3,1993,2,5,4,3,1,1,52,26,92,37,45,97,100,32,0,77,23,8,2,15,82,33,29,21,0,39,72,50,42,75,28,68,8,83,24,63,94,56,0,5,83,27,64,79,50,70,62,71
2026-01-18 00:11:04,2026-01-18 00:23:13,0,,100,729,1,2026-01-18 00:23:18,R_3K27FGMFVBQE5CO,,,,,,,anonymous,EN,Social justice,p00160,2,1959,3,2,1,1,2,1,9,78,19,34,5,50,86,60,40,67,72,53,66,100,70,0,27,47,12,51,58,13,72,48,0,38,71,59,38,23,58,46,60,33,100,56,53,91,56,36,78,37
2026-01-20 12:48:42,2026-01-20 12:51:43,0,,100,181,1,2026-01-20 12:51:48,R_J6DBRD9X0SNAG4Q,,,,,,,anonymous,EN,Social justice,p00161,3,1984,2,3,1,3,5,2,38,54,0,65,65,25,27,66,79,83,79,19,44,67,100,83,78,30,52,59,91,37,68,46,77,87,17,56,50,49,43,68,23,61,43,65,41,67,69,0,21,62
2026-01-15 17:05:19,2026-01-15 17:11:42,0,,100,383,1,2026-01-15 17:11:47,R_QFPUSYAUH068KVK,,,,,,,anonymous,EN,Social justice,p00162,1,1960,1,5,2,3,6,2,48,80,55,14,81,51,59,29,60,64,48,63,38,67,42,3,76,45,0,32,17,95,65,39,94,51,55,76,13,54,35,84,31,69,69,60,22,14,92,44,40,34
2026-01-19 22:02:40,2026-01-19 22:06:30,0,,100,230,1,2026-01-19 22:06:35,R_T5LHCV0R25T7DGP,,,,,,,anonymous,EN,Social justice,p00163,3,1958,1,6,4,2,3,2,81,96,18,54,59,20,100,100,0,85,52,33,90,6,100,29,25,28,98,80,38,77,43,0,76,88,33,31,15,45,25,58,50,81,34,35,100,36,27,90,49,1
2026-01-19 19:23:06,2026-01-19 19:36:19,0,,100,793,1,2026-01-19 19:36:24,R_AVCSDTU4651PUL8,,,,,,,anonymous,EN,Social justice,p00164,1,1935,2,3,2,3,2,2,28,0,50,69,21,100,0,100,26,35,64,47,28,30,48,45,96,59,47,23,60,41,42,43,52,4,72,60,76,45,8,21,75,38,0,1,88,52,37,93,72,50
2026-01-15 23:49:46,2026-01-16 00:00:00,0,,100,614,1,2026-01-16 00:00:05,R_FNYEJ4FKPA47A4X,,,,,,,anonymous,EN,Social justice,p00165,2,2001,1,6,3,1,3,1,0,5,36,37,82,57,87,40,48,54,82,27,73,52,79,88,57,60,51,54,95,45,27,65,0,59,68,16,18,14,86,0,15,36,51,64,28,61,57,48,67,83
2026-01-16 11:45:30,2026-01-16 11:59:12,0,,100,822,1,2026-01-16 11:59:17,R_A16IEU80P4JROIF,,,,,,,anonymous,EN,Social justice,p00166,2,2006,3,5,5,3,7,2,62,36,44,38,100,45,23,75,21,68,0,59,67,37,52,52,57,47,0,50,19,87,72,95,74,46,57,16,77,5,39,41,65,100,87,3,40,40,57,57,64,59
2026-01-21 17:49:06,2026-01-21 17:52:19,0,,100,193,1,2026-01-21 17:52:24,R_Z0JQA87NW3599CI,,,,,,,anonymous,EN,Social justice,p00167,2,1979,1,2,4,4,2,1,79,41,33,40,11,31,75,71,72,40,28,94,87,48,0,34,54,58,46,65,52,45,14,72,9,27,40,5,95,53,8,64,86,64,41,62,3,90,26,36,0,4
2026-01-21 09:03:18,2026-01-21 09:16:17,0,,100,779,1,2026-01-21 09:16:22,R_X55HB3B6U144ESU,,,,,,,anonymous,EN,Social justice,p00168,2,1966,5,2,5,3,0,2,73,78,55,57,79,16,72,92,12,0,16,90,77,32,32,62,0,34,98,26,94,52,69,17,4,33,47,81,84,70,100,50,86,100,70,18,62,85,91,69,41,82
2026-01-19 17:25:57,2026-01-19 17:31:55,0,,100,358,1,2026-01-19 17:32:00,R_0Z30IYTJC69X6OZ,,,,,,,anonymous,EN,Social justice,p00169,1,1992,5,2,5,3,9,2,71,59,95,43,84,19,70,100,63,34,33,73,0,44,33,21,5,45,57,56,4,35,33,0,50,100,30,62,5,44,45,79,26,76,49,20,69,2,0,90,30,0
2026-01-17 15:52:17,2026-01-17 15:57:28,0,,100,311,1,2026-01-17 15:57:33,R_RSOD2A3QXEOA2BX,,,,,,,anonymous,EN,Social justice,p00170,2,1984,5,1,1,2,9,2,35,58,10,52,81,100,24,64,95,31,0,50,14,63,58,68,42,61,30,39,87,96,75,23,100,25,100,61,28,27,39,42,0,57,76,41,7,8,6,33,82,78
2026-01-19 15:52:11,2026-01-19 15:57:57,0,,100,346,1,2026-01-19 15:58:02,R_WYR8AED4LM4J0YM,,,,,,,anonymous,EN,Social justice,p00171,3,1941,4,1,3,2,4,2,41,36,39,54,31,100,35,57,100,91,24,49,63,71,100,94,68,56,66,73,26,68,49,66,64,10,33,79,59,75,47,29,11,65,29,18,14,45,30,96,12,0
2026-01-19 20:22:14,2026-01-19 20:27:32,0,,100,318,1,2026-01-19 20:27:37,R_RKQJWIF481ZX2PA,,,,,,,anonymous,EN,Social justice,p00172,1,1994,5,6,2,3,3,2,69,20,44,0,49,71,51,3,27,37,100,45,77,43,41,61,51,41,75,23,46,91,67,59,58,8,4,36,33,46,32,31,48,71,97,24,54,62,14,49,83,62
2026-01-22 05:19:30,2026-01-22 05:23:33,0,,100,243,1,2026-01-22 05:23:38,R_VV3ADUFVH308AK9,,,,,,,anonymous,EN,Social justice,p00173,3,1949,5,5,5,3,0,2,67,55,48,30,51,27,58,44,40,69,76,69,100,54,2,75,67,39,16,51,56,27,40,41,49,51,98,68,52,86,72,80,60,39,64,0,38,17,94,57,43,69
2026-01-17 05:19:01,2026-01-17 05:26:22,0,,100,441,1,2026-01-17 05:26:27,R_RPGVE4SQJ0K3NXP,,,,,,,anonymous,EN,Social justice,p00174,1,1959,5,1,1,2,6,2,37,96,65,27,0,62,61,65,62,41,7,0,35,31,65,17,65,33,8,100,24,38,50,32,97,71,66,36,62,88,3,79,54,55,67,12,77,39,27,68,47,52
2026-01-19 11:15:19,2026-01-19 11:20:00,0,,100,281,1,2026-01-19 11:20:05,R_FHFI5O1SOAOKFF9,,,,,,,anonymous,EN,Social justice,p00175,1,1980,5,6,4,2,3,1,71,15,66,54,72,7,63,35,29,10,99,0,56,0,1,50,65,13,39,95,43,34,69,42,96,50,69,75,62,53,60,100,68,36,3,44,17,74,67,25,47,88
2026-01-18 12:31:46,2026-01-18 12:42:27,0,,100,641,1,2026-01-18 12:42:32,R_8TMB1LGKGSC42K9,,,,,,,anonymous,EN,Social justice,p00176,3,1953,2,4,2,3,4,2,17,28,100,58,77,10,37,46,18,27,61,33,62,65,33,29,83,32,79,15,58,48,83,8,76,75,28,46,62,0,37,48,43,22,43,48,66,22,7,46,91,33
2026-01-17 17:48:01,2026-01-17 17:52:00,0,,100,239,1,2026-01-17 17:52:05,R_EHB7SBTKEKLNF3N,,,,,,,anonymous,EN,Social justice,p00177,1,1980,5,4,4,3,0,2,38,47,38,0,69,56,28,33,76,57,67,7,6,87,54,33,79,31,32,44,80,63,0,78,63,34,52,56,40,90,54,48,35,66,100,59,50,73,85,51,38,87
2026-01-21 21:57:44,2026-01-21 22:09:30,0,,100,706,1,2026-01-21 22:09:35,R_AHWOPSCWGW4RE5U,,,,,,,anonymous,EN,Social justice,p00178,1,1942,3,2,5,2,2,2,55,52,71,37,50,63,53,77,66,41,33,55,53,74,4,75,32,45,51,27,47,70,31,64,80,100,40,7,58,42,35,20,61,95,44,78,10,100,72,89,37,57
2026-01-16 09:58:42,2026-01-16 10:08:23,0,,100,581,1,2026-01-16 10:08:28,R_7ATVWLWXSR04QKQ,,,,,,,anonymous,EN,Social justice,p00179,3,1946,5,5,5,3,6,2,57,45,46,51,7,57,88,60,21,69,47,77,94,12,68,61,55,80,77,32,60,90,27,75,26,56,90,54,11,14,55,82,14,45,51,44,26,50,17,100,36,83
2026-01-18 18:31:08,2026-01-18 18:37:17,0,,100,369,1,2026-01-18 18:37:22,R_QNFDG9L680LM047,,,,,,,anonymous,EN,Social justice,p00180,2,1943,3,2,2,3,7,1,76,43,50,26,70,23,31,78,0,45,38,7,60,74,57,36,77,65,66,49,57,50,80,100,28,45,60,90,95,26,84,47,51,8,44,83,71,72,57,22,68,21
2026-01-20 01:20:23,2026-01-20 01:31:01,0,,100,638,1,2026-01-20 01:31:06,R_FL2Z6ZQ9SVNJEUM,,,,,,,anonymous,EN,Interview Prof. Maraun,p00181,2,1955,2,4,4,4,2,2,57,47,62,60,78,16,79,75,20,62,16,51,34,31,58,51,28,11,13,40,41,16,10,46,52,66,64,30,84,25,85,91,97,47,37,23,55,54,83,19,77,65
2026-01-17 08:10:05,2026-01-17 08:13:35,0,,100,210,1,2026-01-17 08:13:40,R_8X6BVJKNG59CNCA,,,,,,,anonymous,EN,Interview Prof. Maraun,p00182,1,1937,1,3,4,4,9,2,53,66,47,51,32,88,52,62,38,46,60,4,16,96,35,49,23,53,72,41,48,56,72,70,16,90,23,76,56,63,70,51,34,77,64,85,23,55,28,95,62,18
2026-01-15 09:44:49,2026-01-15 09:53:03,0,,100,494,1,2026-01-15 09:53:08,R_JMLZCQD4ITBFMK0,,,,,,,anonymous,EN,Interview Prof. Maraun,p00183,2,1948,1,2,1,3,6,2,34,55,77,42,80,92,14,36,43,12,51,47,37,89,3,67,0,47,45,21,46,43,67,63,81,48,24,38,59,41,33,76,35,41,67,79,83,100,10,25,63,80
2026-01-19 17:13:42,2026-01-19 17:18:21,0,,100,279,1,2026-01-19 17:18:26,R_CQR7MKD3XT1X6ZW,,,,,,,anonymous,EN,Interview Prof. Maraun,p00184,3,1970,2,1,4,1,9,2,39,69,45,57,80,57,50,40,41,62,82,34,21,57,50,33,81,50,63,38,0,28,52,100,85,56,52,100,30,21,55,0,38,0,69,35,37,46,69,56,58,35
2026-01-16 10:24:22,2026-01-16 10:35:11,0,,100,649,1,2026-01-16 10:35:16,R_16E0KCPS3V14WXX,,,,,,,anonymous,EN,Interview Prof. Maraun,p00185,1,1970,5,4,1,4,0,1,71,31,81,68,96,58,86,9,27,93,12,42,81,65,32,52,95,74,59,42,77,100,66,85,0,85,26,74,55,52,70,79,53,46,99,42,10,55,60,100,13,68
2026-01-16 06:56:09,2026-01-16 07:06:10,0,,100,601,1,2026-01-16 07:06:15,R_3SFSL68KYJXCQ8X,,,,,,,anonymous,EN,Interview Prof. Maraun,p00186,3,2005,2,1,5,3,7,2,78,75,44,88,32,0,0,51,71,10,100,67,9,69,43,83,56,84,35,52,41,83,57,29,37,46,60,71,52,70,48,35,54,38,98,34,81,46,77,62,15,93
2026-01-19 10:20:42,2026-01-19 10:28:09,0,,100,447,1,2026-01-19 10:28:14,R_4JEL33GWZ3VRS45,,,,,,,anonymous,EN,Interview Prof. Maraun,p00187,1,1986,2,1,1,4,6,1,0,84,0,100,100,38,27,55,49,37,36,35,42,56,28,66,31,59,55,37,32,50,78,35,100,70,9,14,71,72,48,3,15,0,54,11,76,100,10,21,29,94
2026-01-18 19:51:56,2026-01-18 20:04:09,0,,100,733,1,2026-01-18 20:04:14,R_QP0OIIFROLOAY1A,,,,,,,anonymous,EN,Interview Prof. Maraun,p00188,2,1941,3,1,3,4,5,2,13,67,22,42,75,77,71,64,34,29,43,35,28,0,78,48,77,66,45,51,2,60,83,39,49,14,84,55,75,87,28,20,38,81,86,23,51,68,43,23,58,52
2026-01-20 15:29:29,2026-01-20 15:42:54,0,,100,805,1,2026-01-20 15:42:59,R_ZKZZZYAJYL2879E,,,,,,,anonymous,EN,Interview Prof. Maraun,p00189,2,1996,1,2,3,4,0,2,43,80,47,82,0,30,70,31,40,49,79,61,35,54,38,55,85,23,53,49,7,100,94,25,93,33,28,50,0,88,11,71,88,56,25,43,33,7,85,45,33,94
2026-01-18 06:45:09,2026-01-18 06:56:30,0,,100,681,1,2026-01-18 06:56:35,R_S2W3OWPZYBT5DI1,,,,,,,anonymous,EN,Interview Prof. Maraun,p00190,3,2006,4,2,1,2,0,2,68,51,28,76,19,10,92,59,20,58,63,18,58,45,48,50,100,74,89,49,73,32,100,24,63,11,21,82,73,27,43,54,44,32,45,77,11,44,75,0,22,46
2026-01-21 01:41:41,2026-01-21 01:52:31,0,,100,650,1,2026-01-21 01:52:36,R_KRQCES6H3FCJ4HG,,,,,,,anonymous,EN,Interview Prof. Maraun,p00191,2,1951,5,4,3,4,10,2,59,80,54,63,67,15,23,39,89,48,73,23,2,58,12,46,9,65,14,68,56,4,7,47,55,62,43,0,15,92,63,54,21,38,22,66,59,40,54,46,0,67
2026-01-18 22:13:47,2026-01-18 22:25:45,0,,100,718,1,2026-01-18 22:25:50,R_3QRK9X9MIUW1WBG,,,,,,,anonymous,EN,Interview Prof. Maraun,p00192,1,1960,2,2,5,1,1,2,0,39,10,49,51,0,35,38,33,52,27,44,0,47,5,58,87,28,71,100,55,68,66,58,66,48,25,74,35,88,72,54,37,74,67,17,27,48,23,37,59,53
2026-01-20 18:25:56,2026-01-20 18:39:12,0,,100,796,1,2026-01-20 18:39:17,R_J6HR8BO22QXZIJM,,,,,,,anonymous,EN,Interview Prof. Maraun,p00193,3,1954,3,4,1,4,9,2,22,56,71,72,100,66,29,24,22,51,19,28,39,46,48,51,38,69,30,37,89,47,25,89,56,65,43,55,17,71,30,29,0,52,63,0,57,67,49,74,72,36
2026-01-17 01:58:03,2026-01-17 02:08:41,0,,100,638,1,2026-01-17 02:08:46,R_HDZ6VPND1B8NA2X,,,,,,,anonymous,EN,Interview Prof. Maraun,p00194,2,1957,5,1,2,3,1,2,23,68,39,55,38,28,100,61,88,41,64,100,0,30,85,5,56,36,15,31,74,100,91,83,82,39,70,95,47,32,67,89,29,0,18,90,37,70,42,70,32,31
2026-01-18 03:12:38,2026-01-18 03:17:23,0,,100,285,1,2026-01-18 03:17:28,R_FWVEYPVVW1E7YNT,,,,,,,anonymous,EN,Interview Prof. Maraun,p00195,1,1955,5,1,2,4,7,2,50,19,77,34,34,28,48,73,36,59,100,38,71,66,63,76,74,27,41,17,29,58,0,100,37,11,63,18,81,15,30,28,27,90,9,90,72,76,69,73,58,62
2026-01-20 10:02:28,2026-01-20 10:08:05,0,,100,337,1,2026-01-20 10:08:10,R_604AOL2PLWNY29U,,,,,,,anonymous,EN,Interview Prof. Maraun,p00196,1,1956,2,5,2,1,1,2,45,29,14,34,76,48,100,89,77,24,13,100,70,26,42,41,69,43,27,27,89,89,33,64,34,91,70,46,0,69,67,42,17,46,82,79,65,43,50,41,57,100
2026-01-16 16:17:51,2026-01-16 16:29:52,0,,100,721,1,2026-01-16 16:29:57,R_UUZ7SNR5TK00ATQ,,,,,,,anonymous,EN,Interview Prof. Maraun,p00197,3,1998,4,2,3,3,1,2,59,28,68,68,46,57,34,87,62,38,100,50,43,39,94,84,62,75,90,38,26,66,82,87,87,1,67,64,65,38,22,31,38,49,59,29,43,92,29,81,44,39
2026-01-19 03:08:17,2026-01-19 03:22:05,0,,100,828,1,2026-01-19 03:22:10,R_0MES7VPCKLSEWGQ,,,,,,,anonymous,EN,Interview Prof. Maraun,p00198,1,2005,5,1,5,1,8,2,41,85,20,44,82,49,71,56,30,63,0,0,30,64,46,64,39,47,25,66,62,26,38,46,58,43,0,9,17,53,69,100,24,100,86,72,52,8,24,35,36,70
2026-01-18 10:33:59,2026-01-18 10:39:48,0,,100,349,1,2026-01-18 10:39:53,R_FDHSZUH8NU38ZVZ,,,,,,,anonymous,EN,Interview Prof. Maraun,p00199,3,2000,4,4,1,3,2,2,95,90,79,0,62,50,31,89,46,53,55,30,55,23,3,28,60,21,76,97,73,100,46,81,47,64,61,36,74,7,61,55,0,50,100,50,50,55,31,37,88,34
2026-01-15 18:05:28,2026-01-15 18:10:21,0,,100,293,1,2026-01-15 18:10:26,R_4EYLKU786WE1GFC,,,,,,,anonymous,EN,Interview Prof. Maraun,p00200,1,1962,1,4,5,1,1,2,45,83,25,22,67,54,21,100,35,40,24,15,49,82,100,57,61,13,54,65,69,37,0,81,28,56,71,57,27,29,45,43,44,44,26,87,77,58,75,54,32,31
2026-01-16 10:44:27,2026-01-16 10:49:05,0,,100,278,1,2026-01-16 10:49:10,R_ZGMZQUT0DA3J36A,,,,,,,anonymous,EN,Interview Prof. Maraun,p00201,2,1997,3,4,1,4,1,2,41,21,30,8,88,59,26,79,100,58,39,73,45,39,37,22,42,42,89,34,38,65,28,92,81,85,65,92,78,39,58,44,44,55,52,57,32,88,48,61,76,53
2026-01-18 03:19:45,2026-01-18 03:29:57,0,,100,612,1,2026-01-18 03:30:02,R_GNI8MO8XGKSIIR7,,,,,,,anonymous,EN,Interview Prof. Maraun,p00202,1,2001,2,1,5,2,4,2,69,98,11,65,29,24,47,44,71,82,17,77,35,23,19,37,62,32,93,17,0,100,19,37,88,39,46,98,41,28,46,66,34,50,64,91,78,31,69,12,83,88
2026-01-20 03:59:39,2026-01-20 04:08:13,0,,100,514,1,2026-01-20 04:08:18,R_69C2SRTEPF95VU6,,,,,,,anonymous,EN,Interview Prof. Maraun,p00203,2,1995,2,4,4,2,10,2,50,39,50,30,68,46,69,12,85,44,57,41,82,64,51,85,16,91,55,30,58,78,42,53,61,58,68,2,40,15,65,52,16,56,68,72,43,100,85,50,35,80
2026-01-20 02:42:48,2026-01-20 02:55:56,0,,100,788,1,2026-01-20 02:56:01,R_55NTJB5VN72ZHVJ,,,,,,,anonymous,EN,Interview Prof. Maraun,p00204,3,1978,1,4,3,4,7,2,15,55,9,26,92,29,25,38,71,27,34,52,11,17,2,64,60,7,97,50,29,56,92,96,31,26,58,84,60,37,48,38,25,0,18,60,36,64,18,53,68,61
2026-01-15 16:50:10,2026-01-15 17:00:43,0,,100,633,1,2026-01-15 17:00:48,R_CKV4CU3L5Z4V52T,,,,,,,anonymous,EN,Interview Prof. Maraun,p00205,2,1977,5,2,2,1,0,2,55,82,49,60,76,89,0,20,51,62,85,42,91,64,78,97,43,63,57,18,57,49,59,58,23,83,41,18,28,18,60,46,71,82,75,38,60,82,48,30,36,33
2026-01-18 20:48:09,2026-01-18 21:01:03,0,,100,774,1,2026-01-18 21:01:08,R_B6RADCQSJD0L4LA,,,,,,,anonymous,EN,Interview Prof. Maraun,p00206,2,1954,1,4,4,1,6,2,26,23,71,89,36,26,48,100,0,67,25,0,43,92,17,43,77,38,8,69,40,56,94,75,93,11,5,43,52,58,39,40,48,100,51,32,3,40,39,48,26,1
2026-01-15 18:41:49,2026-01-15 18:48:53,0,,100,424,1,2026-01-15 18:48:58,R_K0KFXJYSRHH9891,,,,,,,anonymous,EN,Interview Prof. Maraun,p00207,3,2004,5,2,5,3,9,2,57,38,46,5,0,41,53,25,80,43,51,48,32,70,62,77,27,68,92,59,69,41,68,53,0,38,13,81,8,27,10,100,24,28,45,44,41,44,100,46,77,31
2026-01-19 05:03:42,2026-01-19 05:13:23,0,,100,581,1,2026-01-19 05:13:28,R_25GIJI71B9V5CCL,,,,,,,anonymous,EN,Interview Prof. Maraun,p00208,3,2004,3,3,4,1,9,2,0,74,62,57,91,0,9,45,62,99,39,47,80,62,3,44,62,11,43,36,98,70,97,48,87,0,40,32,77,92,64,45,33,51,36,70,39,73,0,77,25,60
2026-01-21 10:22:06,2026-01-21 10:34:37,0,,100,751,1,2026-01-21 10:34:42,R_UAUHRU5F8K59PNE,,,,,,,anonymous,EN,Interview Prof. Maraun,p00209,2,1943,4,6,5,3,7,2,42,72,100,33,3,62,100,60,45,32,100,75,46,95,54,69,31,60,56,62,18,45,14,100,10,76,82,25,72,100,36,62,30,74,68,77,77,8,47,47,26,25
2026-01-20 21:14:09,2026-01-20 21:22:43,0,,100,514,1,2026-01-20 21:22:48,R_8QRHI07PW9WOR6Z,,,,,,,anonymous,EN,Interview Prof. Maraun,p00210,3,1935,3,2,3,2,7,2,32,60,62,38,57,85,51,100,67,45,61,46,88,37,53,90,12,60,72,28,45,77,73,0,95,25,63,40,20,72,65,59,56,74,28,18,34,60,80,40,53,8
2026-01-21 18:48:03,2026-01-21 18:57:28,0,,100,565,1,2026-01-21 18:57:33,R_XVO699ZJPG30I3B,,,,,,,anonymous,EN,Interview Prof. Maraun,p00211,2,1996,4,4,1,4,2,2,28,18,67,35,54,34,3,0,65,100,18,37,54,100,64,40,61,28,62,53,39,89,24,0,30,29,41,52,53,76,6,68,0,2,10,20,77,64,58,27,100,28
2026-01-19 19:24:50,2026-01-19 19:38:19,0,,100,809,1,2026-01-19 19:38:24,R_QBLG7ROHEGAFTDZ,,,,,,,anonymous,EN,Interview Prof. Maraun,p00212,1,1991,4,2,5,3,2,2,75,63,49,95,63,49,53,12,53,34,39,94,78,53,30,68,23,32,13,11,52,26,77,40,34,0,28,78,87,56,100,58,15,33,38,21,91,50,62,26,95,51
2026-01-16 11:09:24,2026-01-16 11:18:37,0,,100,553,1,2026-01-16 11:18:42,R_V45O8PXJGIXDNYH,,,,,,,anonymous,EN,Interview Prof. Maraun,p00213,1,1974,5,1,3,2,9,1,43,15,56,100,30,87,51,19,38,79,43,39,82,56,73,67,63,24,42,76,96,35,64,60,65,100,32,75,91,36,58,17,35,99,0,41,89,49,52,52,100,76
2026-01-16 00:13:12,2026-01-16 00:26:52,0,,100,820,1,2026-01-16 00:26:57,R_MV03ASFEV08ITU4,,,,,,,anonymous,EN,Interview Prof. Maraun,p00214,1,2003,3,6,2,2,8,1,0,57,9,25,36,25,63,61,45,54,29,39,0,82,34,90,44,63,78,44,29,34,83,33,39,79,48,80,62,39,62,87,55,49,62,80,18,48,15,20,33,68
2026-01-19 05:02:24,2026-01-19 05:10:31,0,,100,487,1,2026-01-19 05:10:36,R_B4GREFJ7B1QTVJP,,,,,,,anonymous,EN,Interview Prof. Maraun,p00215,2,1989,3,2,3,2,6,2,72,32,60,61,79,15,28,100,83,80,73,43,54,66,55,58,45,52,47,4,99,53,87,77,66,59,29,66,18,21,100,64,30,65,48,65,42,15,96,0,39,60
2026-01-20 17:52:05,2026-01-20 18:05:56,0,,100,831,1,2026-01-20 18:06:01,R_6WZXU78FXZJJ1BB,,,,,,,anonymous,EN,Interview Prof. Maraun,p00216,1,1991,3,2,5,1,3,2,40,78,10,54,28,84,100,71,12,87,46,22,20,0,42,31,54,60,66,13,75,42,42,40,5,52,75,11,21,49,57,55,98,66,58,63,25,16,27,39,16,48
2026-01-15 09:33:13,2026-01-15 09:45:07,0,,100,714,1,2026-01-15 09:45:12,R_9QRBVRXQ2V450TJ,,,,,,,anonymous,EN,Interview Prof. Maraun,p00217,2,1981,4,2,3,3,9,2,49,66,66,0,53,54,55,2,59,60,62,39,84,10,81,88,61,27,55,0,100,35,21,34,24,20,43,35,27,59,44,81,65,7,84,22,77,35,80,69,63,12
2026-01-18 08:59:08,2026-01-18 09:02:46,0,,100,218,1,2026-01-18 09:02:51,R_IOCXB3XXRTDGL3Z,,,,,,,anonymous,EN,Interview Prof. Maraun,p00218,3,1983,2,5,4,4,2,2,42,14,37,63,74,100,21,35,71,59,48,3,27,0,43,28,49,28,0,30,82,53,77,52,41,84,50,32,100,48,66,43,76,23,25,54,71,73,76,73,53,72
2026-01-17 10:09:15,2026-01-17 10:23:41,0,,100,866,1,2026-01-17 10:23:46,R_42RLCRM3RUD892T,,,,,,,anonymous,EN,Interview Prof. Maraun,p00219,2,1984,2,4,5,3,8,2,79,85,53,53,80,44,30,48,82,74,73,99,74,19,100,63,48,54,63,56,63,68,27,88,49,8,100,66,78,91,45,36,62,16,41,52,39,66,35,8,53,14
2026-01-17 19:35:19,2026-01-17 19:42:58,0,,100,459,1,2026-01-17 19:43:03,R_UN1IAXI09A73E7D,,,,,,,anonymous,EN,Interview Prof. Maraun,p00220,2,1982,1,3,4,4,3,2,77,85,100,10,66,83,37,46,32,92,8,7,80,100,49,58,51,13,55,16,41,54,26,23,59,46,80,67,50,60,65,27,42,42,86,50,22,24,37,47,23,7
2026-01-22 01:54:34,2026-01-22 02:04:30,0,,100,596,1,2026-01-22 02:04:35,R_NGU1PLWG71ZPNX6,,,,,,,anonymous,EN,Interview Prof. Maraun,p00221,1,1945,2,1,2,1,1,2,21,55,35,78,2,96,72,10,66,91,87,46,87,46,85,44,84,11,54,87,21,64,8,52,74,36,36,91,47,66,52,81,40,54,63,51,48,96,51,55,38,73
2026-01-20 13:25:49,2026-01-20 13:38:28,0,,100,759,1,2026-01-20 13:38:33,R_N4ZMJJPHFQNXFBZ,,,,,,,anonymous,EN,Interview Prof. Maraun,p00222,1,1941,1,4,4,2,6,1,13,12,0,100,67,53,0,56,20,5,50,68,95,69,14,1,97,36,4,100,89,87,0,27,96,60,69,44,49,56,60,17,72,75,71,100,38,100,38,33,0,39
2026-01-20 02:22:19,2026-01-20 02:36:05,0,,100,826,1,2026-01-20 02:36:10,R_3DMYWEJ9P8UR0N6,,,,,,,anonymous,EN,Interview Prof. Maraun,p00223,2,1949,3,5,3,3,3,2,26,0,64,23,0,42,57,30,75,44,34,58,27,73,75,21,50,100,43,55,10,100,54,54,51,52,83,81,52,62,30,55,69,64,32,34,85,81,32,15,27,55
2026-01-20 14:47:44,2026-01-20 14:55:06,0,,100,442,1,2026-01-20 14:55:11,R_CP8JKUAXJWPJWLC,,,,,,,anonymous,EN,Interview Prof. Maraun,p00224,3,1963,2,6,3,3,9,2,38,31,30,91,38,31,59,93,49,75,68,80,61,34,12,51,69,21,49,37,33,47,46,87,42,23,60,66,41,22,75,22,35,18,25,69,80,87,61,57,48,100
2026-01-19 10:21:11,2026-01-19 10:35:46,0,,100,875,1,2026-01-19 10:35:51,R_S6UFX3MMP8HWZLA,,,,,,,anonymous,EN,Interview Prof. Maraun,p00225,1,1963,1,6,1,3,5,2,9,99,62,82,100,62,66,54,67,0,40,50,31,0,39,7,71,55,0,100,0,58,46,40,75,52,44,34,77,39,47,18,62,28,22,20,77,64,62,27,100,98
2026-01-18 02:34:23,2026-01-18 02:41:49,0,,100,446,1,2026-01-18 02:41:54,R_V0P4IN0ZMLM1Q32,,,,,,,anonymous,EN,Interview Prof. Maraun,p00226,1,1934,1,6,1,1,6,1,45,61,0,0,0,67,61,49,56,90,91,58,27,22,38,50,51,68,78,59,53,0,53,55,11,43,56,54,0,21,78,44,71,70,38,0,35,54,79,38,69,31
2026-01-16 01:55:01,2026-01-16 01:58:11,0,,100,190,1,2026-01-16 01:58:16,R_HC0CHD2QC8BSGNS,,,,,,,anonymous,EN,Interview Prof. Maraun,p00227,1,1980,1,6,1,1,1,1,46,51,66,76,26,66,65,50,77,12,0,37,40,87,80,47,38,29,60,50,100,39,56,45,65,61,62,15,100,55,38,98,100,45,22,85,16,34,35,38,85,43
2026-01-22 04:55:33,2026-01-22 04:59:59,0,,100,266,1,2026-01-22 05:00:04,R_TUJ5EL673QVU7U4,,,,,,,anonymous,EN,Interview Prof. Maraun,p00228,1,2005,2,1,3,1,9,2,7,76,61,11,100,42,83,91,54,58,77,86,68,71,59,64,68,15,47,24,53,58,14,79,68,47,91,47,20,65,96,58,26,15,100,2,100,71,46,34,32,57
2026-01-15 13:05:13,2026-01-15 13:16:39,0,,100,686,1,2026-01-15 13:16:44,R_YFCIIF73GLQLY90,,,,,,,anonymous,EN,Interview Prof. Maraun,p00229,1,1984,2,5,2,2,3,2,63,49,73,19,73,36,57,53,21,54,53,72,0,72,36,47,50,55,63,31,66,90,36,46,48,27,18,18,78,85,50,58,70,33,39,71,100,33,100,28,13,66
2026-01-20 02:23:17,2026-01-20 02:32:39,0,,100,562,1,2026-01-20 02:32:44,R_9UIPWSZ1GBC38BV,,,,,,,anonymous,EN,Interview Prof. Maraun,p00230,2,1995,2,4,2,1,8,1,100,85,42,0,61,70,35,35,40,55,67,51,38,57,66,61,63,35,36,95,51,91,93,83,65,27,27,47,0,40,39,55,38,32,75,56,53,38,34,27,49,30
2026-01-20 15:40:43,2026-01-20 15:50:55,0,,100,612,1,2026-01-20 15:51:00,R_YOKFFPVFGXMK6QS,,,,,,,anonymous,EN,Interview Prof. Maraun,p00231,3,1939,5,2,3,1,7,2,69,77,62,49,59,39,64,99,1,48,14,40,62,17,89,72,82,52,42,59,78,85,35,26,64,26,15,39,71,33,35,56,47,53,42,67,19,75,34,81,38,53
2026-01-18 21:02:01,2026-01-18 21:05:22,0,,100,201,1,2026-01-18 21:05:27,R_V6VGQ2H6GDOUINZ,,,,,,,anonymous,EN,Interview Prof. Maraun,p00232,2,1936,1,5,3,4,5,2,48,29,48,27,56,69,79,0,59,77,48,36,47,59,76,36,69,37,11,62,75,95,23,44,42,68,48,25,46,47,64,65,28,88,75,33,73,37,50,58,31,76
2026-01-17 06:34:29,2026-01-17 06:44:45,0,,100,616,1,2026-01-17 06:44:50,R_ZT7SB5SXZ2MATYO,,,,,,,anonymous,EN,Interview Prof. Maraun,p00233,1,1985,1,1,1,1,6,2,94,72,78,31,65,31,86,99,8,34,73,55,69,66,56,43,31,43,37,50,57,59,37,44,28,46,69,33,36,54,25,41,49,52,33,53,28,73,14,44,83,35
2026-01-20 00:58:21,2026-01-20 01:05:09,0,,100,408,1,2026-01-20 01:05:14,R_CX8AFOE7YZVVSC9,,,,,,,anonymous,EN,Interview Prof. Maraun,p00234,1,1953,3,2,1,3,2,2,48,44,35,33,89,43,36,66,22,32,61,66,30,19,93,61,24,29,48,32,100,58,40,42,32,62,47,60,64,88,76,17,26,61,46,56,69,33,49,83,57,51
2026-01-20 06:29:11,2026-01-20 06:35:19,0,,100,368,1,2026-01-20 06:35:24,R_2SAN57TXVJTZTKV,,,,,,,anonymous,EN,Interview Prof. Maraun,p00235,3,1959,5,6,5,2,5,2,28,17,13,100,54,39,28,44,45,76,61,51,48,71,95,44,45,71,50,45,61,41,47,9,53,31,11,77,32,51,60,0,70,9,59,100,61,68,48,54,53,53
2026-01-21 18:20:25,2026-01-21 18:24:04,0,,100,219,1,2026-01-21 18:24:09,R_Y74ULZQSKFHOHN0,,,,,,,anonymous,EN,Interview Prof. Maraun,p00236,2,1970,2,2,5,2,2,2,71,51,26,14,40,57,11,16,48,60,34,54,63,28,23,24,98,44,61,54,69,46,70,73,36,78,45,77,80,60,78,45,2,42,0,55,19,49,74,42,89,3
2026-01-17 03:12:55,2026-01-17 03:16:36,0,,100,221,1,2026-01-17 03:16:41,R_0A59FE35GFSBDF1,,,,,,,anonymous,EN,Interview Prof. Maraun,p00237,3,1977,5,6,2,3,8,1,34,81,75,67,40,18,54,100,0,23,32,73,57,50,46,44,16,60,26,88,58,100,21,28,38,79,65,66,22,50,19,37,73,92,12,98,24,86,62,54,45,78
2026-01-20 20:01:35,2026-01-20 20:09:24,0,,100,469,1,2026-01-20 20:09:29,R_PF6IIQX8CIJUUAN,,,,,,,anonymous,EN,Interview Prof. Maraun,p00238,2,1956,2,1,4,3,10,2,33,65,74,66,49,98,60,56,66,18,49,93,19,0,2,80,6,81,73,19,35,72,33,29,31,49,92,48,100,55,74,7,83,68,26,38,39,50,55,69,33,66
2026-01-17 19:41:24,2026-01-17 19:50:17,0,,100,533,1,2026-01-17 19:50:22,R_NWKRZY11VSYGH2I,,,,,,,anonymous,EN,Interview Prof. Maraun,p00239,1,1937,5,1,4,2,7,1,29,54,93,33,92,10,81,64,37,26,100,77,68,58,29,82,98,32,25,47,0,12,45,11,50,0,16,100,40,38,67,73,0,55,23,46,0,0,47,69,100,36
2026-01-22 06:21:11,2026-01-22 06:32:55,0,,100,704,1,2026-01-22 06:33:00,R_HXYA57N7ZJXAG04,,,,,,,anonymous,EN,Interview Prof. Maraun,p00240,2,1937,5,1,5,1,3,2,93,47,100,65,19,49,82,31,22,15,50,39,82,81,100,27,13,85,69,49,100,22,29,76,31,86,42,16,90,40,51,0,40,58,85,53,65,69,75,52,74,42
2026-01-19 02:11:01,2026-01-19 02:15:29,0,,100,268,1,2026-01-19 02:15:34,R_OTZIP9WIJ6GAK8P,,,,,,,anonymous,EN,Funding,p00241,3,1977,1,6,3,4,0,2,70,36,55,60,59,43,55,44,85,20,54,18,62,45,54,26,100,50,19,70,39,69,9,36,81,62,57,40,64,60,82,44,0,87,37,56,38,14,71,49,70,42
2026-01-18 19:35:14,2026-01-18 19:38:34,0,,100,200,1,2026-01-18 19:38:39,R_C7JTG1Q0B8GFYWR,,,,,,,anonymous,EN,Funding,p00242,2,1937,4,2,1,1,8,2,54,50,90,54,94,57,57,71,71,59,41,67,0,26,34,58,6,70,12,14,10,0,0,27,44,92,55,0,64,67,75,42,71,50,64,44,52,49,27,71,43,24
2026-01-21 10:36:15,2026-01-21 10:39:26,0,,100,191,1,2026-01-21 10:39:31,R_SST9B3HG7P4TAK7,,,,,,,anonymous,EN,Funding,p00243,1,1978,3,6,3,2,2,1,44,62,39,39,17,68,27,100,19,9,48,51,49,75,43,69,10,70,68,12,33,84,53,79,14,53,52,13,52,50,73,90,100,84,65,29,46,80,52,27,83,21
2026-01-20 13:43:04,2026-01-20 13:48:36,0,,100,332,1,2026-01-20 13:48:41,R_JC13H8VTT62MSUB,,,,,,,anonymous,EN,Funding,p00244,1,1937,1,5,5,2,2,2,79,52,100,70,17,0,25,94,64,0,12,74,0,60,85,84,100,54,49,0,41,19,17,40,11,17,42,72,85,61,66,17,53,41,58,60,100,0,87,77,56,41
2026-01-21 11:23:57,2026-01-21 11:38:16,0,,100,859,1,2026-01-21 11:38:21,R_HMFYYP3UGGTV8NF,,,,,,,anonymous,EN,Funding,p00245,1,1983,2,3,1,4,1,2,84,44,37,100,100,67,15,77,100,65,18,54,21,84,52,100,69,13,74,24,75,81,47,54,80,27,75,33,40,58,46,58,94,0,55,9,79,55,72,28,100,36
2026-01-16 16:13:45,2026-01-16 16:25:19,0,,100,694,1,2026-01-16 16:25:24,R_6JEWSV7VXI1BY75,,,,,,,anonymous,EN,Funding,p00246,1,1981,1,3,3,2,5,2,54,93,19,47,93,47,16,17,26,81,0,45,70,84,39,27,60,81,41,41,7,88,12,42,46,54,43,39,92,54,24,17,31,41,48,58,4,82,95,77,19,28
2026-01-19 18:55:46,2026-01-19 19:00:44,0,,100,298,1,2026-01-19 19:00:49,R_2X3WXZ429T1KSWY,,,,,,,anonymous,EN,Funding,p00247,2,1938,4,1,3,2,5,2,87,60,7,24,32,7,76,100,72,56,86,100,0,47,29,53,50,0,69,45,55,36,43,34,42,49,67,38,66,69,47,49,32,31,0,61,74,53,19,79,63,0
2026-01-18 22:00:32,2026-01-18 22:11:06,0,,100,634,1,2026-01-18 22:11:11,R_6C24IS5MMVOO543,,,,,,,anonymous,EN,Funding,p00248,1,1995,4,4,5,2,9,2,0,85,44,50,38,0,98,26,49,34,47,100,100,70,71,0,76,60,13,81,34,56,66,57,54,73,48,100,74,17,69,100,61,35,0,88,47,52,35,76,81,73
2026-01-22 01:56:17,2026-01-22 02:10:24,0,,100,847,1,2026-01-22 02:10:29,R_1SOGGG9B1WJCK9C,,,,,,,anonymous,EN,Funding,p00249,2,1967,2,4,3,2,3,2,21,0,65,17,57,28,40,100,55,4,34,8,17,55,44,76,68,0,75,37,58,75,98,2,25,70,31,100,53,39,29,23,55,75,6,25,0,33,59,90,70,16
2026-01-21 22:55:02,2026-01-21 23:01:54,0,,100,412,1,2026-01-21 23:01:59,R_H7VHC1UEK11SXY1,,,,,,,anonymous,EN,Funding,p00250,2,1972,4,6,5,1,10,2,70,73,9,69,12,47,67,37,14,0,71,89,46,76,55,28,0,10,58,77,55,66,49,84,90,13,40,82,87,83,66,21,32,51,38,35,70,62,73,22,38,55
2026-01-16 10:38:58,2026-01-16 10:48:45,0,,100,587,1,2026-01-16 10:48:50,R_9I9UD8RDI394P43,,,,,,,anonymous,EN,Funding,p00251,3,1991,3,3,5,4,9,2,59,79,100,87,74,51,36,81,29,67,73,63,45,62,53,52,18,24,0,35,45,78,75,67,73,47,46,29,48,22,38,40,57,43,38,73,95,66,0,57,88,41
2026-01-16 23:39:00,2026-01-16 23:42:11,0,,100,191,1,2026-01-16 23:42:16,R_D6NS61H8UXMWTF2,,,,,,,anonymous,EN,Funding,p00252,3,1984,2,1,2,4,9,2,14,61,10,33,45,55,16,46,32,47,17,41,72,86,10,0,23,81,24,74,89,84,46,63,41,55,49,30,0,42,100,75,68,53,59,59,75,96,45,77,51,0
2026-01-19 01:34:57,2026-01-19 01:46:38,0,,100,701,1,2026-01-19 01:46:43,R_0IEHZHPPXVGSWL5,,,,,,,anonymous,EN,Funding,p00253,3,1950,1,1,3,1,10,1,58,54,43,40,76,37,56,54,59,22,38,100,0,57,29,44,69,13,11,62,3,9,68,61,27,36,86,55,41,59,65,41,65,53,35,34,53,0,35,77,34,32
2026-01-18 18:48:30,2026-01-18 19:00:40,0,,100,730,1,2026-01-18 19:00:45,R_7ZBE0ILFD1TC6VE,,,,,,,anonymous,EN,Funding,p00254,2,1940,4,2,1,1,0,2,68,49,100,57,6,92,0,38,53,36,61,88,61,18,62,38,53,55,64,39,34,35,16,46,100,25,100,35,33,91,55,8,31,55,57,39,28,0,100,35,62,61
2026-01-19 07:29:14,2026-01-19 07:38:11,0,,100,537,1,2026-01-19 07:38:16,R_78WUQZ9YKMW54JL,,,,,,,anonymous,EN,Funding,p00255,1,2005,5,4,3,3,6,2,100,83,92,15,52,63,32,4,34,18,60,66,100,19,23,63,85,53,33,80,41,79,62,83,83,43,100,44,21,51,41,63,49,51,51,49,25,100,68,58,39,65
2026-01-20 08:21:05,2026-01-20 08:28:56,0,,100,471,1,2026-01-20 08:29:01,R_T8ZEV25XVUYECIP,,,,,,,anonymous,EN,Funding,p00256,2,2004,1,6,5,2,2,2,29,40,29,69,16,0,0,57,20,50,37,26,47,78,78,70,71,30,15,91,15,22,53,22,45,71,68,26,18,93,33,88,53,20,65,94,43,72,33,64,0,60
2026-01-18 17:42:12,2026-01-18 17:55:20,0,,100,788,1,2026-01-18 17:55:25,R_KJOAGU3HVXXCVWR,,,,,,,anonymous,EN,Funding,p00257,1,1954,4,6,5,2,10,1,27,87,69,100,54,22,30,78,44,46,71,65,43,39,16,38,40,81,80,100,83,41,78,35,50,38,52,59,100,63,88,58,100,34,48,42,33,18,51,16,24,61
2026-01-18 18:13:30,2026-01-18 18:20:10,0,,100,400,1,2026-01-18 18:20:15,R_LJVJ3GPKG8A6GN6,,,,,,,anonymous,EN,Funding,p00258,2,1976,2,1,1,2,8,1,18,57,60,85,28,28,82,43,68,49,79,49,14,94,43,34,56,0,46,77,6,16,24,48,11,96,25,35,38,8,63,37,0,75,56,51,70,51,40,47,41,48
2026-01-18 16:29:28,2026-01-18 16:34:03,0,,100,275,1,2026-01-18 16:34:08,R_PRBX037N3PX5LBT,,,,,,,anonymous,EN,Funding,p00259,2,1973,3,6,3,4,10,1,49,55,79,80,43,59,73,4,55,60,70,61,74,100,86,39,91,27,69,89,88,30,43,16,95,61,32,35,50,86,86,84,8,23,79,60,63,51,43,62,73,37
2026-01-15 20:30:58,2026-01-15 20:45:23,0,,100,865,1,2026-01-15 20:45:28,R_F8EJDTNRRCNTC8T,,,,,,,anonymous,EN,Funding,p00260,2,1977,5,3,3,3,7,2,57,20,100,100,32,92,7,26,56,28,60,21,74,69,42,59,39,72,48,51,69,67,62,24,22,32,1,12,57,39,100,41,88,14,94,71,32,52,100,45,66,59
2026-01-21 20:14:10,2026-01-21 20:20:06,0,,100,356,1,2026-01-21 20:20:11,R_S0R4W09I8O1Q4HW,,,,,,,anonymous,EN,Funding,p00261,2,1941,4,2,5,1,7,2,45,40,47,74,33,11,73,44,63,92,43,53,42,78,32,37,48,88,27,36,100,66,44,26,60,31,76,33,83,73,0,54,34,97,37,67,30,47,38,54,6,70
2026-01-17 17:53:24,2026-01-17 17:58:11,0,,100,287,1,2026-01-17 17:58:16,R_FD55IC1L2IPTSMU,,,,,,,anonymous,EN,Funding,p00262,2,1953,2,2,5,2,2,2,28,37,49,21,73,40,27,48,57,87,41,3,24,81,63,59,59,3,23,100,14,57,83,23,100,76,80,75,12,71,34,56,87,34,63,77,33,52,100,0,68,33
2026-01-15 16:24:24,2026-01-15 16:29:28,0,,100,304,1,2026-01-15 16:29:33,R_4Z7JWDJBH2WBRVX,,,,,,,anonymous,EN,Funding,p00263,3,1982,4,2,5,3,9,2,20,20,46,52,69,75,47,62,100,97,100,0,76,48,84,78,77,0,77,12,97,24,32,0,45,42,30,69,73,39,22,95,45,75,5,29,56,36,70,10,61,83
2026-01-20 13:59:32,2026-01-20 14:08:39,0,,100,547,1,2026-01-20 14:08:44,R_N30BY39V5PT9OBY,,,,,,,anonymous,EN,Funding,p00264,1,1938,4,2,3,3,2,2,17,38,28,31,77,100,48,75,42,28,29,73,62,32,84,54,54,29,55,69,52,53,38,38,21,43,56,49,97,36,64,62,26,29,24,47,55,71,54,32,46,46
2026-01-18 22:24:59,2026-01-18 22:34:06,0,,100,547,1,2026-01-18 22:34:11,R_75LRFJ05BOUKC6B,,,,,,,anonymous,EN,Funding,p00265,3,1936,5,6,4,2,1,2,74,55,79,26,37,0,20,20,73,73,60,95,0,43,61,51,58,65,58,87,73,74,63,58,83,0,14,50,13,34,44,48,30,16,35,42,55,55,74,100,43,81
2026-01-15 10:41:24,2026-01-15 10:52:43,0,,100,679,1,2026-01-15 10:52:48,R_JRK4AK6W6K4PSH5,,,,,,,anonymous,EN,Funding,p00266,1,1951,5,2,3,2,7,2,8,84,54,78,49,72,62,74,2,63,87,74,64,62,100,0,21,38,87,74,17,100,49,18,80,52,22,28,0,37,55,75,47,57,80,75,67,100,82,53,67,38
2026-01-17 23:52:43,2026-01-17 23:56:21,0,,100,218,1,2026-01-17 23:56:26,R_NMH4EP889IVYICQ,,,,,,,anonymous,EN,Funding,p00267,1,1959,2,4,4,3,9,2,68,87,69,50,20,46,88,83,37,63,34,26,0,0,50,56,37,61,15,87,0,80,9,20,32,66,0,55,19,21,32,56,13,84,12,47,88,43,71,0,60,6
2026-01-16 03:31:27,2026-01-16 03:46:17,0,,100,890,1,2026-01-16 03:46:22,R_IRNRIJLGAZOK2CK,,,,,,,anonymous,EN,Funding,p00268,2,2003,3,6,3,3,0,2,67,100,9,0,41,17,24,16,94,33,60,45,34,41,67,100,48,26,100,29,100,35,53,11,74,11,90,65,0,54,71,21,41,71,68,81,49,37,58,41,76,38
2026-01-17 19:35:25,2026-01-17 19:40:10,0,,100,285,1,2026-01-17 19:40:15,R_YNHIJX3ZW45LPSY,,,,,,,anonymous,EN,Funding,p00269,1,1968,2,5,2,2,6,2,64,65,71,35,59,47,37,100,49,21,41,78,56,57,5,74,60,17,47,15,83,29,43,35,36,0,30,73,56,64,62,65,17,27,71,53,18,60,56,52,69,24
2026-01-20 10:26:30,2026-01-20 10:38:04,0,,100,694,1,2026-01-20 10:38:09,R_9KZ05I7II0D7XJX,,,,,,,anonymous,EN,Funding,p00270,1,1983,5,3,2,1,7,2,31,62,85,48,100,27,54,43,62,54,55,43,52,54,38,19,47,44,68,76,74,9,29,29,33,30,5,70,100,88,11,50,57,13,45,0,0,52,37,99,93,3
2026-01-21 06:37:15,2026-01-21 06:43:05,0,,100,350,1,2026-01-21 06:43:10,R_7U3X40C7KHLK9U5,,,,,,,anonymous,EN,Funding,p00271,3,1988,5,3,1,4,3,1,43,38,71,67,2,24,58,58,46,59,84,86,63,29,58,70,29,95,2,21,55,37,78,57,37,17,72,2,46,43,23,88,62,40,30,73,47,72,78,42,81,3
2026-01-20 04:46:47,2026-01-20 04:59:43,0,,100,776,1,2026-01-20 04:59:48,R_1I0Z5L6P9TIAISO,,,,,,,anonymous,EN,Funding,p00272,3,1978,5,6,3,3,8,2,96,28,88,0,40,60,42,33,96,32,84,13,59,3,51,60,78,74,72,28,29,60,57,39,92,67,58,52,64,30,43,34,23,16,49,100,37,55,68,21,55,39
2026-01-20 11:17:40,2026-01-20 11:31:06,0,,100,806,1,2026-01-20 11:31:11,R_EOU3QRI4ZT89001,,,,,,,anonymous,EN,Funding,p00273,3,1964,1,5,2,3,2,1,60,5,49,36,56,87,52,41,42,62,12,37,39,44,79,100,72,10,45,48,0,55,79,42,0,75,57,10,44,85,56,56,60,32,45,38,30,70,42,54,60,46
2026-01-17 00:06:49,2026-01-17 00:11:13,0,,100,264,1,2026-01-17 00:11:18,R_9FH3X813Y3ZZ8UR,,,,,,,anonymous,EN,Funding,p00274,3,1981,2,5,5,2,9,2,43,100,23,16,94,100,97,72,75,97,86,55,49,52,70,100,50,78,81,82,70,39,62,59,48,15,61,27,39,64,53,46,58,100,88,50,86,25,48,58,33,100
2026-01-17 21:04:20,2026-01-17 21:10:50,0,,100,390,1,2026-01-17 21:10:55,R_TZCLD9JI7ZD44YI,,,,,,,anonymous,EN,Funding,p00275,2,2002,5,6,3,1,3,2,77,84,56,25,55,42,56,29,89,62,36,26,23,35,40,0,38,92,83,30,60,62,100,75,38,58,74,28,17,30,97,53,24,95,48,22,99,30,82,32,72,40
2026-01-20 21:24:21,2026-01-20 21:37:05,0,,100,764,1,2026-01-20 21:37:10,R_3PAIR13CHEV0U8F,,,,,,,anonymous,EN,Funding,p00276,1,1971,5,2,4,1,7,1,52,42,86,59,48,100,31,83,58,85,28,88,22,86,63,100,47,62,100,27,20,56,57,71,53,92,74,57,53,18,0,53,0,80,24,36,69,88,39,18,57,99
2026-01-16 04:17:10,2026-01-16 04:28:19,0,,100,669,1,2026-01-16 04:28:24,R_D2B3CCPMGX5Z184,,,,,,,anonymous,EN,Funding,p00277,2,2004,1,2,5,4,5,1,88,19,29,44,93,69,50,100,29,80,37,45,99,43,30,53,63,12,21,49,18,90,19,27,58,66,68,84,33,77,6,96,66,81,40,15,45,83,33,99,50,50
2026-01-21 16:58:46,2026-01-21 17:04:21,0,,100,335,1,2026-01-21 17:04:26,R_N7LNTHYS4TN7EOR,,,,,,,anonymous,EN,Funding,p00278,2,2000,4,4,3,1,2,2,62,47,29,100,68,80,3,75,31,63,31,51,48,100,0,50,57,81,92,84,78,63,0,40,60,58,80,45,48,28,59,79,58,94,38,95,44,46,35,12,54,15
2026-01-19 14:45:47,2026-01-19 14:59:21,0,,100,814,1,2026-01-19 14:59:26,R_SUIKRKFTM3VU4A7,,,,,,,anonymous,EN,Funding,p00279,1,1989,3,2,4,4,0,2,84,47,19,51,56,51,60,30,33,66,34,76,63,27,5,81,63,85,0,37,23,26,94,59,45,68,78,62,50,46,59,35,81,25,63,64,95,86,98,32,19,17
2026-01-18 15:59:37,2026-01-18 16:11:01,0,,100,684,1,2026-01-18 16:11:06,R_NFMN55TM9CGY0CW,,,,,,,anonymous,EN,Funding,p00280,1,1966,1,2,3,2,9,1,61,100,43,74,33,27,50,41,77,100,76,100,39,43,57,41,50,48,41,67,94,57,100,5,70,56,18,56,9,66,12,26,68,56,16,67,10,100,45,31,30,11
2026-01-20 15:38:32,2026-01-20 15:52:56,0,,100,864,1,2026-01-20 15:53:01,R_YJ1XKHAPK2I5ZDQ,,,,,,,anonymous,EN,Funding,p00281,2,1934,3,4,3,2,4,2,58,43,48,27,42,84,61,5,100,44,39,68,55,17,36,68,4,57,42,24,26,71,25,65,100,54,78,40,76,27,34,55,65,96,62,43,20,30,84,68,17,32
2026-01-17 22:40:10,2026-01-17 22:47:46,0,,100,456,1,2026-01-17 22:47:51,R_ZEI2BZ0BCHWY77A,,,,,,,anonymous,EN,Funding,p00282,1,1975,4,2,1,1,8,2,84,58,56,78,58,27,49,44,45,100,58,67,99,40,39,13,67,32,89,65,5,4,30,49,23,2,6,55,100,42,45,42,20,55,0,83,33,36,96,74,63,35
2026-01-19 22:03:06,2026-01-19 22:11:09,0,,100,483,1,2026-01-19 22:11:14,R_4Z0WCTG6V6WYN46,,,,,,,anonymous,EN,Funding,p00283,3,1991,5,2,2,4,7,2,34,45,31,80,64,82,63,69,86,50,81,49,15,30,78,45,83,68,6,53,38,42,31,10,50,56,21,22,75,26,39,84,72,29,80,41,31,100,45,56,31,17
2026-01-21 19:24:19,2026-01-21 19:31:23,0,,100,424,1,2026-01-21 19:31:28,R_YXUV4L9KGQHBK17,,,,,,,anonymous,EN,Funding,p00284,1,1999,5,4,4,2,0,2,64,44,57,74,53,14,73,22,65,0,83,55,64,77,62,59,88,16,57,30,85,89,58,67,92,68,28,31,39,45,84,40,73,41,69,61,71,35,39,34,31,30
2026-01-16 09:14:09,2026-01-16 09:22:03,0,,100,474,1,2026-01-16 09:22:08,R_8F19ZZPFKXRO5QO,,,,,,,anonymous,EN,Funding,p00285,3,1943,1,1,3,2,9,1,45,12,51,60,48,13,6,44,96,96,0,76,18,52,55,75,79,68,10,64,100,7,49,17,100,7,40,87,20,65,39,25,50,47,31,19,65,0,85,18,66,48
2026-01-18 20:29:46,2026-01-18 20:37:36,0,,100,470,1,2026-01-18 20:37:41,R_F7367GSD068NF9V,,,,,,,anonymous,EN,Funding,p00286,3,1962,1,3,3,1,1,2,75,81,79,66,60,34,25,5,99,92,10,100,80,74,41,31,60,42,60,68,95,14,61,56,79,53,100,36,45,40,81,61,49,33,44,9,27,26,64,60,70,57
2026-01-17 20:02:53,2026-01-17 20:06:04,0,,100,191,1,2026-01-17 20:06:09,R_H0VSY0L7WSL48SN,,,,,,,anonymous,EN,Funding,p00287,1,1961,4,1,4,1,6,2,66,80,83,28,50,50,70,45,82,7,32,25,68,48,7,55,22,57,100,97,34,35,35,37,23,33,39,100,81,1,70,81,45,49,81,39,68,69,31,50,14,42
2026-01-17 20:55:14,2026-01-17 21:04:20,0,,100,546,1,2026-01-17 21:04:25,R_PQXC78N1G5FTILR,,,,,,,anonymous,EN,Funding,p00288,2,1935,3,2,5,2,2,2,90,51,27,47,75,71,81,33,40,4,49,87,94,51,11,21,100,68,29,72,60,20,51,68,44,0,45,21,24,28,41,46,31,84,62,72,52,42,13,42,91,77
2026-01-19 05:45:03,2026-01-19 05:49:19,0,,100,256,1,2026-01-19 05:49:24,R_V1RWUHNJIBPPA4J,,,,,,,anonymous,EN,Funding,p00289,1,1953,2,2,4,2,9,2,60,10,14,99,77,68,42,58,68,18,87,49,97,55,100,60,50,52,9,58,56,59,72,57,100,61,40,59,74,65,38,12,11,94,64,25,33,50,72,79,2,48
2026-01-20 01:15:24,2026-01-20 01:28:15,0,,100,771,1,2026-01-20 01:28:20,R_5WFFJPSSP3S91J3,,,,,,,anonymous,EN,Funding,p00290,1,1998,5,5,1,2,4,2,33,72,39,97,67,96,32,65,23,63,57,44,0,6,58,11,100,13,86,39,22,71,78,50,24,45,59,75,11,71,50,49,33,42,37,49,0,50,31,2,42,20
2026-01-19 19:59:03,2026-01-19 20:05:12,0,,100,369,1,2026-01-19 20:05:17,R_7X5ZGYLUSLN6YXL,,,,,,,anonymous,EN,Funding,p00291,2,1956,4,1,2,2,6,2,85,61,74,0,54,74,35,2,66,56,84,31,29,90,69,10,29,50,38,80,82,43,0,20,26,85,81,84,37,87,54,77,54,57,26,100,23,91,43,32,36,0
2026-01-16 11:01:15,2026-01-16 11:14:06,0,,100,771,1,2026-01-16 11:14:11,R_2XKCFH9H6UILGHJ,,,,,,,anonymous,EN,Funding,p00292,3,1942,5,6,2,2,7,2,99,100,45,100,39,44,34,29,36,71,19,45,35,55,22,62,46,77,100,41,78,0,48,38,87,23,24,46,24,19,72,62,48,32,49,94,83,19,28,41,63,17
2026-01-21 20:37:23,2026-01-21 20:47:06,0,,100,583,1,2026-01-21 20:47:11,R_NFV75ZAPRMMB9LZ,,,,,,,anonymous,EN,Funding,p00293,3,1944,1,5,3,1,3,2,100,78,37,16,82,57,15,73,79,21,80,69,78,43,21,34,63,12,0,0,52,27,41,100,37,64,3,19,71,0,37,49,67,0,55,45,40,9,55,8,46,75
2026-01-19 23:20:28,2026-01-19 23:29:23,0,,100,535,1,2026-01-19 23:29:28,R_ZWAKLZ1D3L6GILH,,,,,,,anonymous,EN,Funding,p00294,1,1935,2,3,5,4,8,2,0,14,16,65,100,72,28,2,14,52,60,57,56,43,8,53,48,65,79,48,54,25,0,53,63,98,65,35,10,88,82,85,65,73,80,37,27,59,70,0,0,63
2026-01-18 23:23:03,2026-01-18 23:30:17,0,,100,434,1,2026-01-18 23:30:22,R_S7JA240BUC3Z0A9,,,,,,,anonymous,EN,Funding,p00295,1,1966,1,4,5,3,10,2,56,67,15,29,51,80,74,49,84,47,61,13,65,83,0,39,33,91,52,51,8,4,33,44,50,42,89,46,79,8,54,98,54,22,7,39,63,52,14,94,9,40
2026-01-21 05:18:28,2026-01-21 05:22:05,0,,100,217,1,2026-01-21 05:22:10,R_KN3HI3MS98ALFEW,,,,,,,anonymous,EN,Funding,p00296,2,1994,1,2,3,3,10,2,34,82,26,74,55,36,100,69,97,38,65,20,41,59,30,63,52,16,8,45,36,64,46,75,62,76,51,63,0,38,86,97,80,50,28,52,61,56,29,90,68,45
2026-01-15 23:51:55,2026-01-16 00:00:34,0,,100,519,1,2026-01-16 00:00:39,R_1THYMCS4Q77B3T7,,,,,,,anonymous,EN,Funding,p00297,3,1989,1,3,2,3,0,2,100,30,28,54,19,46,20,51,0,17,79,39,52,43,98,78,100,66,54,5,37,0,100,51,37,33,15,60,6,33,0,38,94,13,96,27,50,60,53,68,40,65
2026-01-17 21:21:56,2026-01-17 21:32:23,0,,100,627,1,2026-01-17 21:32:28,R_3DYLFB7J0EKIWBH,,,,,,,anonymous,EN,Funding,p00298,1,1960,3,2,2,2,1,2,69,27,71,56,4,58,71,43,62,23,31,79,61,37,0,58,30,48,11,56,63,77,11,47,71,39,55,39,37,76,35,45,54,59,29,63,72,18,98,60,53,58
2026-01-19 14:45:35,2026-01-19 14:55:19,0,,100,584,1,2026-01-19 14:55:24,R_7LM3QW0AK1622VD,,,,,,,anonymous,EN,Funding,p00299,3,1999,5,4,3,1,5,1,56,36,29,15,0,26,71,40,48,4,0,48,65,47,59,33,16,34,51,56,96,27,72,62,53,25,67,57,66,91,65,75,30,10,36,94,71,68,57,39,79,45
2026-01-21 15:54:17,2026-01-21 16:06:22,0,,100,725,1,2026-01-21 16:06:27,R_PAHPW5ZEUN9XI0J,,,,,,,anonymous,EN,Funding,p00300,2,1987,5,1,2,3,8,2,55,0,54,44,77,26,53,25,97,42,40,63,22,79,49,80,98,68,53,19,25,52,56,67,25,96,20,50,76,59,23,57,71,16,38,85,68,100,87,76,0,50
2026-01-17 07:50:27,2026-01-17 08:05:04,0,,100,877,1,2026-01-17 08:05:09,R_BLZNIHBJ38SBCG1,,,,,,,anonymous,EN,Oil industry misinformation,p00301,3,1959,4,1,5,1,2,2,79,8,89,41,6,57,37,40,30,35,34,41,23,18,67,11,34,79,31,86,66,39,73,52,55,100,25,9,44,33,56,84,51,39,48,58,82,100,71,52,24,42
2026-01-18 11:44:09,2026-01-18 11:48:18,0,,100,249,1,2026-01-18 11:48:23,R_MHQGNFK7EJFLP10,,,,,,,anonymous,EN,Oil industry misinformation,p00302,1,1977,5,1,5,3,3,2,24,48,68,16,63,0,47,41,54,11,62,68,55,49,81,2,43,60,43,0,88,57,22,27,4,16,27,43,48,100,34,34,74,19,59,62,19,82,32,60,61,44
2026-01-19 05:49:08,2026-01-19 05:59:49,0,,100,641,1,2026-01-19 05:59:54,R_IW0Z6KHAQOKBVSI,,,,,,,anonymous,EN,Oil industry misinformation,p00303,3,1996,3,3,5,2,6,2,60,80,49,19,21,69,77,28,21,64,47,47,8,82,45,70,53,53,45,29,65,62,38,58,32,49,79,30,49,61,100,100,42,51,47,0,72,50,15,37,68,23
2026-01-16 13:04:50,2026-01-16 13:18:04,0,,100,794,1,2026-01-16 13:18:09,R_B8X9BD1XLIDGG2N,,,,,,,anonymous,EN,Oil industry misinformation,p00304,2,1949,3,6,4,4,3,2,65,69,51,66,0,68,41,48,100,61,28,100,39,45,22,71,65,12,41,23,45,52,27,36,0,0,52,61,43,41,34,63,70,61,74,73,18,71,7,43,68,41
2026-01-17 23:10:24,2026-01-17 23:14:46,0,,100,262,1,2026-01-17 23:14:51,R_63V39ICUKCZ76XX,,,,,,,anonymous,EN,Oil industry misinformation,p00305,3,1976,3,4,4,1,7,2,71,43,80,28,63,56,36,13,23,23,81,32,75,47,66,40,100,82,42,43,17,28,66,58,26,49,40,93,67,20,74,0,55,75,0,37,0,43,28,90,56,25
2026-01-18 16:58:16,2026-01-18 17:04:52,0,,100,396,1,2026-01-18 17:04:57,R_NYUQKO9NP2Y6LK0,,,,,,,anonymous,EN,Oil industry misinformation,p00306,3,1936,3,2,2,2,7,2,19,50,83,0,77,44,100,0,70,68,89,0,37,58,57,84,62,64,16,84,49,22,58,4,100,36,38,33,48,43,31,24,11,68,24,75,28,6,51,79,48,31
2026-01-19 20:51:53,2026-01-19 20:55:22,0,,100,209,1,2026-01-19 20:55:27,R_EBCX3T7QCLJNQ2E,,,,,,,anonymous,EN,Oil industry misinformation,p00307,3,1942,3,6,1,4,7,2,29,100,28,76,82,93,59,40,71,60,76,15,81,42,55,39,23,12,46,100,87,92,2,23,55,34,10,83,70,25,83,58,65,11,69,69,33,75,52,4,52,59
2026-01-20 20:56:33,2026-01-20 21:05:03,0,,100,510,1,2026-01-20 21:05:08,R_M613BBJPQVBZL0F,,,,,,,anonymous,EN,Oil industry misinformation,p00308,3,1968,4,4,2,2,3,2,76,93,77,0,33,16,75,53,0,22,86,36,40,70,7,28,67,50,65,24,71,51,73,32,78,40,83,21,49,43,62,100,76,47,48,21,54,59,17,58,78,47
2026-01-16 18:49:00,2026-01-16 18:54:58,0,,100,358,1,2026-01-16 18:55:03,R_6DD89H1YWP4ETRH,,,,,,,anonymous,EN,Oil industry misinformation,p00309,3,1995,2,4,3,2,5,2,68,66,58,55,86,58,78,40,25,68,45,77,14,58,81,7,68,52,22,34,65,14,51,62,20,56,60,27,22,76,17,8,60,49,47,73,39,11,82,33,68,77
2026-01-17 01:45:46,2026-01-17 01:52:16,0,,100,390,1,2026-01-17 01:52:21,R_B7FHOQV1LR6ST40,,,,,,,anonymous,EN,Oil industry misinformation,p00310,3,1946,5,6,1,2,1,2,72,0,24,18,89,38,88,14,54,72,83,41,0,90,61,31,12,100,88,10,0,46,17,47,80,68,46,86,99,45,76,54,55,17,47,65,40,41,60,73,61,50
2026-01-18 08:01:53,2026-01-18 08:15:56,0,,100,843,1,2026-01-18 08:16:01,R_MOE56R93SLKO7FH,,,,,,,anonymous,EN,Oil industry misinformation,p00311,2,1989,3,2,1,3,4,2,53,46,13,71,59,72,49,47,67,75,41,27,41,63,62,76,11,59,47,23,82,23,33,13,58,61,100,74,66,21,41,52,41,78,24,15,100,0,15,76,28,36
2026-01-20 20:20:07,2026-01-20 20:30:42,0,,100,635,1,2026-01-20 20:30:47,R_B0LNWBQBE0KIE33,,,,,,,anonymous,EN,Oil industry misinformation,p00312,3,1984,4,3,1,3,4,2,60,55,17,0,51,100,0,100,40,19,31,20,55,65,71,64,13,46,3,25,89,66,50,33,0,51,9,17,64,64,49,64,42,76,0,67,87,56,18,21,24,50
2026-01-15 16:47:05,2026-01-15 16:59:12,0,,100,727,1,2026-01-15 16:59:17,R_5IML3TZLQBDLLE3,,,,,,,anonymous,EN,Oil industry misinformation,p00313,2,1944,5,4,2,2,8,1,30,76,71,74,45,56,48,9,56,50,40,100,85,77,51,57,77,33,67,4,52,60,72,34,30,40,80,49,62,37,61,100,67,76,11,23,30,49,100,43,32,45
2026-01-18 08:54:31,2026-01-18 09:00:56,0,,100,385,1,2026-01-18 09:01:01,R_U1ODFWR4E3HWAO4,,,,,,,anonymous,EN,Oil industry misinformation,p00314,2,1978,2,1,1,4,0,1,87,100,64,41,31,62,58,63,26,67,13,21,23,18,16,42,65,40,45,96,76,49,43,13,27,69,37,55,100,0,69,51,43,38,10,0,32,10,45,27,100,18
2026-01-20 23:53:48,2026-01-21 00:01:24,0,,100,456,1,2026-01-21 00:01:29,R_MM7IU40NLZ8NMUB,,,,,,,anonymous,EN,Oil industry misinformation,p00315,1,1962,5,5,2,1,8,2,8,41,56,56,41,35,88,14,81,65,100,59,54,76,62,55,43,79,86,0,41,9,74,68,43,68,32,34,46,48,28,84,59,89,22,74,93,57,78,89,56,75
2026-01-19 17:40:29,2026-01-19 17:54:08,0,,100,819,1,2026-01-19 17:54:13,R_K70KUVWIZLW2JAL,,,,,,,anonymous,EN,Oil industry misinformation,p00316,1,1948,3,2,4,2,2,1,58,52,31,88,64,0,53,47,63,25,60,57,34,100,57,86,94,46,92,53,35,51,69,42,2,13,100,78,35,72,44,0,25,100,51,72,15,90,74,74,78,10
2026-01-16 07:04:44,2026-01-16 07:10:48,0,,100,364,1,2026-01-16 07:10:53,R_V747SWWLA2GBGDF,,,,,,,anonymous,EN,Oil industry misinformation,p00317,3,1940,1,6,3,1,2,2,51,35,57,56,89,66,13,1,59,55,82,91,51,100,50,94,71,68,29,60,50,23,100,55,54,100,10,75,45,42,41,71,39,77,57,31,19,56,41,30,22,61
2026-01-20 14:22:49,2026-01-20 14:28:37,0,,100,348,1,2026-01-20 14:28:42,R_QG4FR3DLYIK7JOH,,,,,,,anonymous,EN,Oil industry misinformation,p00318,3,1983,3,1,4,3,4,2,27,91,37,65,87,74,57,63,73,14,37,65,54,91,62,75,38,64,0,58,30,0,75,9,100,80,25,25,24,0,42,77,46,13,37,64,50,37,86,63,35,0
2026-01-16 04:33:25,2026-01-16 04:45:02,0,,100,697,1,2026-01-16 04:45:07,R_ROZ4AAUW79W22A6,,,,,,,anonymous,EN,Oil industry misinformation,p00319,1,1951,2,1,3,2,1,1,85,31,54,9,0,79,13,58,50,37,42,39,98,31,67,7,30,24,58,46,65,66,41,71,33,82,78,35,56,35,57,71,18,99,44,94,59,29,12,47,100,44
2026-01-15 22:10:29,2026-01-15 22:23:57,0,,100,808,1,2026-01-15 22:24:02,R_FGT72WN8ZQXT4JZ,,,,,,,anonymous,EN,Oil industry misinformation,p00320,1,1963,2,4,3,3,0,2,0,61,74,93,49,96,55,53,14,70,1,85,83,51,100,53,46,31,68,40,38,57,18,49,4,27,51,50,39,40,17,0,92,77,42,65,21,12,25,52,41,64
2026-01-20 02:13:18,2026-01-20 02:19:13,0,,100,355,1,2026-01-20 02:19:18,R_Q33K2URDWNSZ19L,,,,,,,anonymous,EN,Oil industry misinformation,p00321,3,1949,5,2,4,4,5,2,41,8,52,100,50,45,56,41,52,22,54,93,54,44,70,65,35,0,71,74,64,23,27,61,100,71,46,40,52,75,53,45,55,80,42,100,9,35,57,10,77,52
2026-01-19 15:00:16,2026-01-19 15:15:08,0,,100,892,1,2026-01-19 15:15:13,R_FJ1O1F396PW467F,,,,,,,anonymous,EN,Oil industry misinformation,p00322,1,1937,2,5,5,4,7,2,25,0,45,61,29,100,23,0,28,52,0,46,22,71,88,44,24,53,69,0,24,25,43,62,77,60,49,2,49,44,61,71,28,68,17,59,12,44,52,47,39,47
2026-01-16 11:51:08,2026-01-16 12:02:00,0,,100,652,1,2026-01-16 12:02:05,R_1H77I1KHFQFCJIT,,,,,,,anonymous,EN,Oil industry misinformation,p00323,1,1970,3,2,4,4,8,2,51,42,84,59,64,51,68,17,35,48,48,0,26,79,36,57,86,10,27,80,10,43,37,39,37,45,50,43,39,70,100,24,43,31,61,20,66,0,29,41,53,40
2026-01-19 06:31:14,2026-01-19 06:38:49,0,,100,455,1,2026-01-19 06:38:54,R_NF3JZL8ZKI2XS9E,,,,,,,anonymous,EN,Oil industry misinformation,p00324,2,2004,4,1,5,4,4,2,59,66,43,76,55,44,79,8,30,39,64,56,81,88,34,41,68,48,51,49,41,45,32,82,45,36,38,34,72,0,0,14,75,20,67,73,65,38,46,35,31,55
2026-01-19 08:20:34,2026-01-19 08:31:22,0,,100,648,1,2026-01-19 08:31:27,R_J58JWHHR0PJF9FK,,,,,,,anonymous,EN,Oil industry misinformation,p00325,2,1951,4,1,2,1,7,2,35,27,70,0,47,37,39,52,62,56,59,68,79,31,67,57,60,14,86,56,63,25,41,29,0,36,81,89,42,31,45,36,48,67,58,64,35,87,74,33,78,42
2026-01-20 01:58:12,2026-01-20 02:12:08,0,,100,836,1,2026-01-20 02:12:13,R_JSMIWKCOGSJ6YQ2,,,,,,,anonymous,EN,Oil industry misinformation,p00326,2,1960,1,6,3,2,5,2,64,12,41,62,1,80,98,75,74,27,76,0,64,9,38,70,81,38,46,72,40,88,23,47,53,56,45,18,8,21,85,15,36,81,70,51,32,18,68,58,39,91
2026-01-18 13:54:38,2026-01-18 13:59:40,0,,100,302,1,2026-01-18 13:59:45,R_XKI9T58EIRICX4Z,,,,,,,anonymous,EN,Oil industry misinformation,p00327,3,2001,2,6,3,4,0,2,73,87,34,49,65,5,100,67,43,21,32,28,46,89,49,51,24,100,79,60,0,88,14,85,0,52,53,54,86,7,34,55,68,21,15,28,16,12,96,24,20,19
2026-01-19 04:18:20,2026-01-19 04:25:59,0,,100,459,1,2026-01-19 04:26:04,R_KZEX5CXQUD2BP6P,,,,,,,anonymous,EN,Oil industry misinformation,p00328,1,1960,3,5,2,3,6,2,20,49,40,43,0,20,70,87,46,91,27,22,40,34,44,81,37,3,28,50,32,0,56,68,71,25,7,13,53,48,53,59,31,39,34,56,49,68,68,91,17,85
2026-01-20 18:17:07,2026-01-20 18:29:44,0,,100,757,1,2026-01-20 18:29:49,R_HSHOVBIFY0RMIEU,,,,,,,anonymous,EN,Oil industry misinformation,p00329,1,1979,1,3,2,3,6,2,7,41,17,13,87,81,58,87,22,42,41,0,60,57,70,34,45,58,77,66,65,52,36,40,27,40,46,0,19,29,68,57,22,35,43,66,43,57,44,31,81,40
2026-01-15 14:44:35,2026-01-15 14:58:29,0,,100,834,1,2026-01-15 14:58:34,R_FLJD3USEJFT7FBY,,,,,,,anonymous,EN,Oil industry misinformation,p00330,1,1977,4,2,2,2,8,2,15,59,37,62,83,76,36,33,27,63,61,100,0,39,70,34,63,38,39,53,17,0,95,89,94,50,61,79,100,57,83,97,57,95,41,74,33,84,50,25,88,86
2026-01-16 04:52:33,2026-01-16 04:58:39,0,,100,366,1,2026-01-16 04:58:44,R_LPQF442OSTUGK7I,,,,,,,anonymous,EN,Oil industry misinformation,p00331,1,1951,2,4,2,2,2,2,44,50,23,31,0,44,19,50,67,60,44,13,37,36,0,51,51,45,34,72,50,20,100,52,39,98,48,99,23,55,90,32,55,12,100,78,31,0,69,75,21,46
2026-01-16 12:40:53,2026-01-16 12:49:12,0,,100,499,1,2026-01-16 12:49:17,R_BCPJPKSVE6UOR76,,,,,,,anonymous,EN,Oil industry misinformation,p00332,3,1990,1,6,4,2,4,2,0,83,20,100,55,51,71,0,30,38,26,20,30,100,40,79,85,42,73,80,78,31,37,26,62,56,74,67,0,61,3,18,9,31,59,39,29,62,3,59,82,49
2026-01-16 06:07:32,2026-01-16 06:11:46,0,,100,254,1,2026-01-16 06:11:51,R_9MKIKY0NOV8LQG8,,,,,,,anonymous,EN,Oil industry misinformation,p00333,3,1939,4,4,5,1,1,2,0,100,28,44,56,53,49,100,83,62,94,100,50,62,0,97,68,7,58,63,100,46,60,5,61,33,24,59,0,36,53,88,43,42,41,63,56,72,63,24,50,44
2026-01-18 10:24:48,2026-01-18 10:39:48,0,,100,900,1,2026-01-18 10:39:53,R_CG4BQV8TIX0CT3X,,,,,,,anonymous,EN,Oil industry misinformation,p00334,3,1971,3,5,2,3,10,2,26,29,46,37,30,38,70,65,8,36,59,3,53,35,33,59,65,40,54,12,45,33,10,24,100,17,100,73,56,40,9,54,81,100,43,32,9,52,66,39,48,11
2026-01-15 22:30:56,2026-01-15 22:33:58,0,,100,182,1,2026-01-15 22:34:03,R_1339A15ICP8MA3U,,,,,,,anonymous,EN,Oil industry misinformation,p00335,1,1963,3,3,3,2,10,2,41,10,65,31,43,19,42,100,7,80,53,37,71,54,62,44,51,100,12,70,28,14,45,41,67,49,18,60,63,77,100,24,66,0,67,30,17,25,34,0,63,46
2026-01-16 12:50:11,2026-01-16 12:57:09,0,,100,418,1,2026-01-16 12:57:14,R_QXMCVFGA4FTS1RQ,,,,,,,anonymous,EN,Oil industry misinformation,p00336,2,1947,4,5,5,1,2,2,20,46,66,36,100,13,68,42,99,81,30,75,36,29,84,59,41,12,28,28,45,100,97,37,44,78,20,52,95,39,43,27,42,74,78,32,78,36,78,26,30,44
2026-01-17 19:05:42,2026-01-17 19:10:10,0,,100,268,1,2026-01-17 19:10:15,R_XM9J4A80480DDPX,,,,,,,anonymous,EN,Oil industry misinformation,p00337,2,1963,3,2,2,3,3,2,41,34,25,18,38,66,51,76,42,80,55,33,47,81,0,37,14,70,0,0,47,84,46,100,52,56,87,79,73,10,20,55,0,32,2,58,20,64,23,13,59,31
2026-01-16 10:19:50,2026-01-16 10:28:15,0,,100,505,1,2026-01-16 10:28:20,R_M6DX9QJ4DCI5BHB,,,,,,,anonymous,EN,Oil industry misinformation,p00338,1,1968,2,1,1,4,7,2,45,52,11,59,17,56,83,0,51,35,48,27,37,86,33,86,34,35,39,100,0,18,45,25,61,61,62,70,0,66,22,44,28,48,70,78,41,31,23,68,45,66
2026-01-19 18:30:44,2026-01-19 18:45:26,0,,100,882,1,2026-01-19 18:45:31,R_N7IKMX4OB9RJYRZ,,,,,,,anonymous,EN,Oil industry misinformation,p00339,1,1946,1,4,5,4,0,2,72,90,67,38,51,25,49,87,32,46,44,78,36,62,79,21,0,25,82,28,32,36,39,57,57,42,43,53,18,72,69,39,82,59,39,48,64,23,85,34,95,81
2026-01-21 00:21:17,2026-01-21 00:33:55,0,,100,758,1,2026-01-21 00:34:00,R_QT8KBMQZU0J4TZI,,,,,,,anonymous,EN,Oil industry misinformation,p00340,2,2002,3,4,3,4,6,2,42,47,24,52,26,37,24,51,29,66,66,58,57,12,17,66,52,88,74,76,36,0,29,85,56,40,100,79,23,55,2,53,57,8,67,39,33,59,17,20,77,43
2026-01-18 08:58:03,2026-01-18 09:12:58,0,,100,895,1,2026-01-18 09:13:03,R_13UDKRJXQ6RJWU6,,,,,,,anonymous,EN,Oil industry misinformation,p00341,1,1984,3,2,3,3,1,2,53,57,40,28,10,33,25,88,70,1,17,100,48,33,37,49,31,48,0,47,58,16,54,31,25,35,13,100,12,30,14,27,71,75,73,80,68,100,53,62,2,70
2026-01-19 17:08:43,2026-01-19 17:16:44,0,,100,481,1,2026-01-19 17:16:49,R_FEYLK8YAQ1S38VV,,,,,,,anonymous,EN,Oil industry misinformation,p00342,3,1998,4,1,4,2,1,2,45,32,69,100,67,21,28,52,68,23,70,42,100,57,67,23,7,76,7,46,66,48,48,57,60,99,48,79,24,51,72,100,100,48,0,51,66,34,94,100,82,20
2026-01-20 18:55:50,2026-01-20 19:02:39,0,,100,409,1,2026-01-20 19:02:44,R_Z15HPM3RJIOSZ4E,,,,,,,anonymous,EN,Oil industry misinformation,p00343,3,2004,1,4,4,4,6,2,27,49,65,50,100,0,67,100,26,75,17,89,74,11,75,50,48,0,100,69,27,90,57,0,29,36,1,52,47,100,27,38,61,49,90,62,48,24,36,100,4,53
2026-01-18 18:08:21,2026-01-18 18:18:20,0,,100,599,1,2026-01-18 18:18:25,R_YXXBYJ3GHAG5UNU,,,,,,,anonymous,EN,Oil industry misinformation,p00344,2,1984,4,1,3,2,5,2,50,51,100,8,26,34,2,57,47,22,53,65,74,100,100,23,27,18,25,44,17,54,47,51,58,33,21,43,49,14,74,0,29,79,66,49,9,46,57,95,36,100
2026-01-20 11:07:35,2026-01-20 11:13:06,0,,100,331,1,2026-01-20 11:13:11,R_WQALN21XBCWCRP1,,,,,,,anonymous,EN,Oil industry misinformation,p00345,3,1945,5,1,3,3,7,2,13,68,27,33,46,44,21,79,18,26,61,70,23,30,31,34,64,56,14,44,96,53,54,84,56,5,38,14,89,82,45,55,54,34,62,44,55,45,55,63,75,17
2026-01-17 15:40:10,2026-01-17 15:49:53,0,,100,583,1,2026-01-17 15:49:58,R_SQ8Y5VH12NWQJCE,,,,,,,anonymous,EN,Oil industry misinformation,p00346,2,1971,2,4,2,1,7,2,51,50,36,0,31,13,37,39,69,28,77,49,25,30,64,34,87,32,0,81,32,26,26,54,66,16,80,80,4,16,45,67,31,41,38,34,100,71,62,6,17,88
2026-01-21 22:03:26,2026-01-21 22:10:05,0,,100,399,1,2026-01-21 22:10:10,R_141HYU1POTI28RN,,,,,,,anonymous,EN,Oil industry misinformation,p00347,3,1990,5,1,1,1,1,2,74,23,36,53,17,43,52,95,35,15,51,15,67,91,29,38,46,14,79,36,99,12,35,51,37,53,9,29,47,44,84,72,53,22,24,53,0,53,0,53,41,47
2026-01-20 16:13:25,2026-01-20 16:20:23,0,,100,418,1,2026-01-20 16:20:28,R_7TRYIHAR4SPN23O,,,,,,,anonymous,EN,Oil industry misinformation,p00348,3,1953,3,4,1,2,3,2,51,82,79,30,0,83,19,11,48,56,25,36,77,53,51,56,74,30,85,88,85,12,100,75,57,65,5,97,35,38,81,71,31,70,83,39,26,79,24,56,49,53
2026-01-20 20:35:32,2026-01-20 20:40:47,0,,100,315,1,2026-01-20 20:40:52,R_43SIBGXTHMP4JFO,,,,,,,anonymous,EN,Oil industry misinformation,p00349,3,1991,1,6,1,2,6,2,100,100,60,35,46,48,67,82,52,73,52,24,71,22,45,52,0,51,34,39,22,51,46,57,26,20,64,100,8,34,51,49,22,53,2,89,83,51,31,48,57,70
2026-01-18 23:13:26,2026-01-18 23:16:54,0,,100,208,1,2026-01-18 23:16:59,R_M1XO3F33MRALAJO,,,,,,,anonymous,EN,Oil industry misinformation,p00350,1,1973,5,6,1,2,7,2,80,77,36,35,100,48,38,44,4,32,78,65,57,86,89,71,83,60,78,44,78,94,47,7,47,84,14,85,99,78,92,5,37,51,0,63,60,25,34,72,43,19
2026-01-20 19:05:04,2026-01-20 19:09:15,0,,100,251,1,2026-01-20 19:09:20,R_FZAUOYRZCNBDTBZ,,,,,,,anonymous,EN,Oil industry misinformation,p00351,3,1938,5,3,5,4,1,2,48,46,28,17,100,0,53,40,54,60,0,74,14,60,48,83,31,31,17,48,84,47,49,60,74,39,100,56,65,0,76,53,68,18,57,20,62,79,48,37,15,62
2026-01-17 05:37:03,2026-01-17 05:45:42,0,,100,519,1,2026-01-17 05:45:47,R_A2ARMU8FQHOWHDO,,,,,,,anonymous,EN,Oil industry misinformation,p00352,3,1997,3,4,2,2,2,1,100,100,85,19,20,38,17,0,14,2,3,35,15,66,9,32,83,19,88,0,70,19,52,0,21,100,63,67,62,11,100,67,27,48,55,56,21,53,88,92,8,0
2026-01-17 17:14:29,2026-01-17 17:19:48,0,,100,319,1,2026-01-17 17:19:53,R_1IWW0OE7OTXTYT0,,,,,,,anonymous,EN,Oil industry misinformation,p00353,2,1975,4,4,5,2,2,1,51,68,52,45,68,19,40,18,63,21,42,94,48,86,58,19,24,42,84,50,62,37,25,43,11,14,30,54,18,0,63,83,95,79,100,84,31,47,31,25,20,39
2026-01-22 07:17:14,2026-01-22 07:30:39,0,,100,805,1,2026-01-22 07:30:44,R_VU5DZ1U7U0RT1I2,,,,,,,anonymous,EN,Oil industry misinformation,p00354,2,1970,4,3,2,3,10,2,55,100,56,4,28,41,27,89,36,47,9,57,53,55,56,93,16,8,7,52,19,36,44,71,100,70,21,53,26,28,29,67,38,92,32,45,83,55,68,70,53,72
2026-01-20 16:52:17,2026-01-20 17:05:39,0,,100,802,1,2026-01-20 17:05:44,R_I1VWQ6SS8AKICBZ,,,,,,,anonymous,EN,Oil industry misinformation,p00355,2,1980,5,2,2,3,10,2,15,30,13,18,86,56,52,87,14,25,74,35,42,90,39,44,37,28,23,25,80,2,100,47,0,66,31,100,78,45,13,59,81,88,67,54,10,86,23,27,36,77
2026-01-21 03:08:38,2026-01-21 03:19:41,0,,100,663,1,2026-01-21 03:19:46,R_D1GMAQZNZC5WX8O,,,,,,,anonymous,EN,Oil industry misinformation,p00356,1,1939,1,2,4,4,10,1,88,28,40,64,63,42,85,4,45,74,24,43,100,0,16,35,58,32,44,57,100,34,71,53,77,49,43,75,79,32,100,83,81,64,54,82,32,32,37,57,58,59
2026-01-20 16:05:47,2026-01-20 16:17:02,0,,100,675,1,2026-01-20 16:17:07,R_YEA5OGROQ3S9X65,,,,,,,anonymous,EN,Oil industry misinformation,p00357,1,1959,5,4,5,3,9,2,48,31,67,32,28,0,0,36,37,45,39,64,57,59,17,46,40,50,49,55,69,43,84,49,17,62,25,92,0,36,0,41,70,47,100,59,100,46,88,0,66,9
2026-01-18 04:02:49,2026-01-18 04:10:27,0,,100,458,1,2026-01-18 04:10:32,R_NJZFLT8OB6T08PF,,,,,,,anonymous,EN,Oil industry misinformation,p00358,1,2004,5,4,2,3,1,2,35,55,0,4,65,42,98,70,100,66,49,25,34,52,74,34,6,45,48,78,85,20,3,36,19,100,6,0,66,0,16,39,51,71,60,63,79,51,79,36,46,0
2026-01-19 00:24:51,2026-01-19 00:36:39,0,,100,708,1,2026-01-19 00:36:44,R_0K0G9DVQ7LYPGNI,,,,,,,anonymous,EN,Oil industry misinformation,p00359,3,1987,4,3,2,4,5,1,24,62,47,62,28,11,44,51,49,72,37,72,20,77,12,48,62,75,62,0,30,30,1,0,79,13,28,24,71,29,21,72,84,45,63,69,51,49,78,10,52,74
2026-01-19 03:58:28,2026-01-19 04:10:19,0,,100,711,1,2026-01-19 04:10:24,R_2TS7G22TMOFMLBT,,,,,,,anonymous,EN,Oil industry misinformation,p00360,1,1975,4,4,4,1,2,1,87,0,72,99,41,31,35,64,60,73,50,63,72,45,56,50,22,97,33,37,75,56,16,15,84,25,77,51,100,28,79,86,40,71,49,0,43,92,100,49,27,91
2026-01-19 13:38:30,2026-01-19 13:43:30,0,,100,300,1,2026-01-19 13:43:35,R_EY5527B9J4F2TJ3,,,,,,,anonymous,EN,Measurement & modeling (1),p00361,2,1983,5,6,4,4,7,2,10,51,49,37,0,23,0,55,31,35,58,33,74,59,89,3,65,38,93,22,54,23,95,48,67,47,38,76,39,65,39,53,0,17,97,5,40,63,60,84,69,35
2026-01-16 11:22:12,2026-01-16 11:27:34,0,,100,322,1,2026-01-16 11:27:39,R_M1FHL5A6PKB8UTV,,,,,,,anonymous,EN,Measurement & modeling (1),p00362,1,2005,4,1,5,3,9,2,44,21,55,17,79,24,61,38,67,42,72,92,53,74,69,39,47,30,55,66,71,50,40,44,59,75,28,94,27,48,49,29,56,1,26,67,62,73,52,50,98,37
2026-01-16 09:24:57,2026-01-16 09:34:56,0,,100,599,1,2026-01-16 09:35:01,R_AWEF8HM6B6RV37J,,,,,,,anonymous,EN,Measurement & modeling (1),p00363,1,1982,1,2,5,4,8,2,51,37,53,62,17,100,20,55,100,35,43,62,33,29,64,64,52,66,15,100,35,3,62,67,46,21,32,58,86,96,46,0,27,86,11,55,11,44,58,61,8,49
2026-01-20 00:33:59,2026-01-20 00:48:26,0,,100,867,1,2026-01-20 00:48:31,R_1017KBP0IZKHF1W,,,,,,,anonymous,EN,Measurement & modeling (1),p00364,1,1995,2,3,1,4,10,1,75,48,17,74,7,32,46,71,61,85,48,21,53,30,71,28,55,65,35,59,65,52,33,37,50,71,30,100,8,0,79,38,57,74,98,24,70,87,25,66,17,49
2026-01-16 07:12:58,2026-01-16 07:19:16,0,,100,378,1,2026-01-16 07:19:21,R_OKFPIJV8758KIZQ,,,,,,,anonymous,EN,Measurement & modeling (1),p00365,1,1992,5,5,3,1,1,1,0,71,34,52,9,46,61,47,73,0,35,65,56,30,0,31,29,20,20,54,70,42,33,60,72,13,90,61,88,60,41,18,78,30,70,9,0,81,56,18,27,72
2026-01-19 01:00:37,2026-01-19 01:06:43,0,,100,366,1,2026-01-19 01:06:48,R_OZTYY8T2V3TMIH0,,,,,,,anonymous,EN,Measurement & modeling (1),p00366,1,1938,1,2,1,1,7,1,42,53,23,96,30,11,67,100,0,54,68,35,15,37,72,74,83,74,86,66,26,18,67,79,46,40,31,100,39,91,27,77,55,60,57,46,61,0,100,16,16,31
2026-01-17 06:48:12,2026-01-17 07:01:29,0,,100,797,1,2026-01-17 07:01:34,R_88XZPE7HNX7GAJM,,,,,,,anonymous,EN,Measurement & modeling (1),p00367,1,1949,2,1,3,4,5,2,71,56,1,2,46,5,71,0,49,46,84,80,65,100,50,46,57,24,0,16,51,37,34,98,40,89,22,48,95,16,41,51,72,88,29,47,91,34,17,38,49,68
2026-01-22 06:18:48,2026-01-22 06:31:14,0,,100,746,1,2026-01-22 06:31:19,R_QF5UDSX5CUAQ4DE,,,,,,,anonymous,EN,Measurement & modeling (1),p00368,1,1934,5,5,2,1,9,1,54,3,91,51,34,16,62,33,63,0,15,15,47,86,15,5,92,67,63,60,91,58,79,33,37,51,59,4,50,74,23,42,41,55,79,100,71,40,70,0,58,55
2026-01-18 23:39:51,2026-01-18 23:51:15,0,,100,684,1,2026-01-18 23:51:20,R_QMZ1NKJ28OBUEMH,,,,,,,anonymous,EN,Measurement & modeling (1),p00369,2,1957,5,6,3,3,2,2,71,100,25,62,62,50,30,15,80,58,100,35,0,32,8,43,71,42,51,89,51,31,22,37,35,1,8,52,39,73,81,63,44,0,94,45,35,1,82,39,42,59
2026-01-16 10:50:33,2026-01-16 11:05:28,0,,100,895,1,2026-01-16 11:05:33,R_0W931E0NOYTEC0M,,,,,,,anonymous,EN,Measurement & modeling (1),p00370,3,1964,4,5,5,1,0,2,8,0,72,30,26,35,61,48,7,35,24,67,71,71,34,25,92,53,12,47,75,72,85,95,49,29,99,11,57,17,35,48,87,91,100,72,35,91,40,67,0,50
2026-01-19 11:42:42,2026-01-19 11:56:05,0,,100,803,1,2026-01-19 11:56:10,R_3P3265NUBSMDZKY,,,,,,,anonymous,EN,Measurement & modeling (1),p00371,3,1989,5,2,5,3,10,1,77,28,39,16,62,95,14,13,37,75,19,70,97,91,28,43,33,0,30,38,74,72,36,60,83,58,72,38,23,46,100,65,16,40,87,54,63,72,68,23,56,100
2026-01-20 08:45:38,2026-01-20 08:56:52,0,,100,674,1,2026-01-20 08:56:57,R_5KQDMMDJ01UIPQW,,,,,,,anonymous,EN,Measurement & modeling (1),p00372,3,1949,3,6,5,2,10,1,94,37,42,53,5,0,49,35,28,64,68,70,88,36,94,70,57,22,53,98,11,43,17,56,54,4,73,33,40,14,100,63,17,100,83,60,47,60,7,97,85,26
2026-01-21 01:10:49,2026-01-21 01:20:19,0,,100,570,1,2026-01-21 01:20:24,R_BW5PYW8NLZM332S,,,,,,,anonymous,EN,Measurement & modeling (1),p00373,2,1964,1,6,5,4,0,2,48,83,15,73,35,62,38,37,14,89,92,8,43,15,65,16,82,62,24,38,55,63,73,78,76,100,32,70,75,68,44,52,55,10,53,90,58,38,44,42,57,0
2026-01-18 23:04:30,2026-01-18 23:19:10,0,,100,880,1,2026-01-18 23:19:15,R_5TMNB2XWQCDEMZE,,,,,,,anonymous,EN,Measurement & modeling (1),p00374,2,1969,5,6,4,1,4,1,49,45,0,4,32,47,57,78,87,5,92,54,34,73,71,64,53,23,61,67,62,1,49,56,69,38,39,73,60,52,100,100,25,100,62,91,79,75,23,82,63,2
2026-01-17 18:54:33,2026-01-17 18:59:14,0,,100,281,1,2026-01-17 18:59:19,R_FVBUHPCKD1BY73A,,,,,,,anonymous,EN,Measurement & modeling (1),p00375,2,1955,4,4,4,2,10,2,73,43,17,76,45,53,55,55,84,85,21,68,27,71,73,14,59,20,66,33,50,60,44,66,38,68,63,24,98,70,75,34,40,78,84,60,8,72,25,47,33,30
2026-01-15 18:10:04,2026-01-15 18:13:36,0,,100,212,1,2026-01-15 18:13:41,R_VG558VI4M3M43J4,,,,,,,anonymous,EN,Measurement & modeling (1),p00376,2,1966,1,1,2,3,9,2,53,54,0,60,62,76,17,30,32,25,100,53,29,22,76,9,19,50,9,37,82,74,34,71,39,63,35,27,25,62,67,29,40,88,68,15,14,50,62,17,34,48
2026-01-17 19:36:25,2026-01-17 19:46:42,0,,100,617,1,2026-01-17 19:46:47,R_WRYB9VY6QZXZRCO,,,,,,,anonymous,EN,Measurement & modeling (1),p00377,2,1935,1,1,2,3,10,1,63,46,16,32,43,80,35,69,13,0,59,54,44,85,67,94,57,60,73,77,32,69,77,44,49,32,50,55,18,12,68,39,49,53,28,63,76,75,45,47,0,0
2026-01-16 01:16:43,2026-01-16 01:29:07,0,,100,744,1,2026-01-16 01:29:12,R_Z3C31944VEMRDWQ,,,,,,,anonymous,EN,Measurement & modeling (1),p00378,1,1991,4,1,3,3,10,2,100,27,42,91,0,38,31,13,63,46,75,32,49,75,26,70,48,31,30,34,19,56,44,30,71,34,25,100,57,39,100,0,48,58,26,41,30,50,75,45,61,4
2026-01-17 14:12:55,2026-01-17 14:25:10,0,,100,735,1,2026-01-17 14:25:15,R_U72SKO9V05LEALP,,,,,,,anonymous,EN,Measurement & modeling (1),p00379,2,1999,4,4,1,2,4,2,50,11,77,35,67,61,0,39,69,86,63,58,100,38,41,92,77,56,93,57,59,80,61,76,43,54,39,8,66,40,76,64,57,6,46,66,70,21,82,21,81,37
2026-01-21 15:24:43,2026-01-21 15:31:10,0,,100,387,1,2026-01-21 15:31:15,R_MGY7OXKY9OU69C4,,,,,,,anonymous,EN,Measurement & modeling (1),p00380,3,1942,4,3,2,1,6,2,45,30,78,36,82,16,80,31,59,78,9,64,0,43,16,56,46,22,57,84,31,72,0,33,72,51,95,23,70,32,71,67,48,49,57,69,15,50,60,68,47,36
2026-01-18 07:16:01,2026-01-18 07:24:12,0,,100,491,1,2026-01-18 07:24:17,R_NKWO76SD3H5N90J,,,,,,,anonymous,EN,Measurement & modeling (1),p00381,1,1961,3,1,1,1,10,2,95,55,65,15,10,70,49,62,37,40,15,62,44,21,48,43,100,5,82,53,9,23,24,99,51,84,25,31,62,99,50,55,64,59,67,50,59,38,41,45,42,63
2026-01-19 14:07:49,2026-01-19 14:15:13,0,,100,444,1,2026-01-19 14:15:18,R_W3YNA7UNCF1H6HJ,,,,,,,anonymous,EN,Measurement & modeling (1),p00382,2,1960,1,2,1,2,1,2,30,71,47,60,29,97,60,83,63,16,77,84,87,92,52,31,70,70,91,82,78,16,19,40,42,33,75,31,0,27,47,21,40,47,89,11,36,59,49,32,0,57
2026-01-16 21:19:48,2026-01-16 21:30:53,0,,100,665,1,2026-01-16 21:30:58,R_U708LL6IX992V6M,,,,,,,anonymous,EN,Measurement & modeling (1),p00383,2,1937,5,6,2,4,9,1,37,76,34,28,26,76,76,38,55,10,92,55,50,69,100,10,59,82,78,25,68,67,45,95,85,75,70,18,96,59,91,35,23,61,40,0,0,27,16,63,96,0
2026-01-22 02:05:03,2026-01-22 02:08:40,0,,100,217,1,2026-01-22 02:08:45,R_BS4DUG5JQPLC1RV,,,,,,,anonymous,EN,Measurement & modeling (1),p00384,1,2000,5,2,1,2,9,2,27,28,28,32,69,43,36,72,42,54,17,53,51,19,52,23,13,58,18,37,32,100,10,15,31,4,45,83,70,37,38,89,70,13,81,90,37,40,75,66,37,46
2026-01-16 17:04:53,2026-01-16 17:09:03,0,,100,250,1,2026-01-16 17:09:08,R_K4K05K5IYB35SN3,,,,,,,anonymous,EN,Measurement & modeling (1),p00385,2,1986,2,1,4,3,0,2,31,92,29,71,25,10,73,43,68,70,77,33,65,35,91,71,41,51,49,83,43,71,67,100,45,74,0,58,100,56,48,70,66,93,79,34,75,7,36,56,56,31
2026-01-16 06:23:09,2026-01-16 06:30:15,0,,100,426,1,2026-01-16 06:30:20,R_IXA0H6XVA1V4UNP,,,,,,,anonymous,EN,Measurement & modeling (1),p00386,1,1968,3,5,1,1,4,2,100,64,0,79,54,41,43,41,89,43,43,71,64,18,49,25,8,61,21,34,96,13,84,25,59,60,60,79,60,47,46,71,35,78,43,56,29,65,36,0,40,37
2026-01-21 04:57:19,2026-01-21 05:08:37,0,,100,678,1,2026-01-21 05:08:42,R_C4JLPIZ8F9CBZOL,,,,,,,anonymous,EN,Measurement & modeling (1),p00387,3,2006,4,3,5,2,6,2,56,70,36,84,4,27,44,70,100,44,56,57,100,73,5,31,28,50,4,34,29,16,16,33,67,24,100,35,27,49,39,40,31,40,69,13,63,39,0,30,49,57
2026-01-21 09:59:41,2026-01-21 10:04:25,0,,100,284,1,2026-01-21 10:04:30,R_ZSGI851Q15IZK2Q,,,,,,,anonymous,EN,Measurement & modeling (1),p00388,3,1947,4,3,2,2,0,2,75,99,37,63,20,37,60,34,97,46,81,42,34,70,64,40,85,55,59,31,32,9,56,64,73,90,78,7,43,79,54,0,41,56,63,67,29,2,19,61,36,54
2026-01-22 05:09:10,2026-01-22 05:18:59,0,,100,589,1,2026-01-22 05:19:04,R_FXY62PMUXK37PPP,,,,,,,anonymous,EN,Measurement & modeling (1),p00389,2,1961,4,4,3,3,0,2,29,52,50,17,63,98,83,62,32,29,44,58,66,54,54,51,32,61,18,19,27,59,37,100,18,76,36,27,72,23,0,3,55,49,46,47,0,73,47,45,67,44
2026-01-16 20:54:13,2026-01-16 21:04:00,0,,100,587,1,2026-01-16 21:04:05,R_NBYN8MJQJC42G39,,,,,,,anonymous,EN,Measurement & modeling (1),p00390,2,1945,3,2,4,3,5,2,32,70,46,16,40,43,12,10,53,44,62,18,31,64,83,29,42,42,45,74,25,31,20,10,42,30,50,57,70,42,64,46,56,69,23,50,100,92,65,97,70,28
2026-01-19 17:52:35,2026-01-19 18:02:26,0,,100,591,1,2026-01-19 18:02:31,R_N7OIL03F3DT13OK,,,,,,,anonymous,EN,Measurement & modeling (1),p00391,3,1965,3,2,1,1,2,2,2,50,74,11,48,52,1,68,12,20,63,26,35,100,59,100,100,15,55,38,46,14,35,50,37,60,24,49,39,61,72,59,57,66,24,96,17,50,49,54,54,13
2026-01-15 18:58:03,2026-01-15 19:06:26,0,,100,503,1,2026-01-15 19:06:31,R_8Y1P4CM9LBW3T4P,,,,,,,anonymous,EN,Measurement & modeling (1),p00392,3,2005,4,5,5,4,9,2,100,65,54,28,18,90,59,94,36,18,91,39,16,73,56,50,26,31,41,100,66,82,41,55,26,100,66,35,64,57,55,73,68,74,53,32,63,79,53,57,56,53
2026-01-20 20:56:09,2026-01-20 21:05:33,0,,100,564,1,2026-01-20 21:05:38,R_Y49DQPJ0W4J783E,,,,,,,anonymous,EN,Measurement & modeling (1),p00393,3,1977,4,1,1,3,9,2,18,62,16,53,40,46,67,48,49,77,48,37,75,20,65,77,66,90,46,0,69,83,84,18,52,80,85,80,39,58,20,21,42,77,9,82,100,31,28,50,46,41
2026-01-18 07:22:43,2026-01-18 07:35:18,0,,100,755,1,2026-01-18 07:35:23,R_SYWD7JKIO5EGVMR,,,,,,,anonymous,EN,Measurement & modeling (1),p00394,2,1951,1,5,5,3,8,2,74,79,52,37,25,76,34,76,38,15,0,70,43,76,84,43,74,27,87,72,2,100,51,29,39,62,24,82,31,100,73,0,41,80,3,68,34,36,56,14,26,41
2026-01-18 06:03:37,2026-01-18 06:16:35,0,,100,778,1,2026-01-18 06:16:40,R_7KFUOZSAYFIZ7YI,,,,,,,anonymous,EN,Measurement & modeling (1),p00395,1,1992,4,4,2,2,8,2,73,88,54,97,0,10,31,9,41,54,62,25,98,94,9,100,29,37,28,53,84,66,44,54,94,36,60,7,34,79,37,43,16,38,82,90,9,70,28,35,27,43
2026-01-20 07:22:13,2026-01-20 07:35:31,0,,100,798,1,2026-01-20 07:35:36,R_Z3K1IUAIDX1HAM5,,,,,,,anonymous,EN,Measurement & modeling (1),p00396,3,1981,3,5,2,2,7,2,34,51,100,54,57,47,75,71,78,61,38,97,24,72,65,16,9,17,48,30,33,28,53,56,98,6,33,65,68,48,76,0,56,24,77,82,100,54,41,18,29,58
2026-01-16 15:12:49,2026-01-16 15:18:31,0,,100,342,1,2026-01-16 15:18:36,R_DG1XLSGVZN2KH6B,,,,,,,anonymous,EN,Measurement & modeling (1),p00397,2,1984,2,6,3,2,2,2,61,36,46,19,3,43,47,90,0,51,67,47,28,24,16,21,3,67,11,6,43,0,36,11,25,29,38,0,21,100,40,49,100,35,100,47,47,0,86,82,27,100
2026-01-16 23:26:44,2026-01-16 23:31:30,0,,100,286,1,2026-01-16 23:31:35,R_19KSS92R41XG7QM,,,,,,,anonymous,EN,Measurement & modeling (1),p00398,2,2002,1,2,5,3,7,2,24,29,38,0,10,46,54,57,22,38,35,26,44,36,59,30,55,20,55,30,70,31,36,13,43,34,44,56,36,22,15,28,56,42,62,97,100,76,71,64,44,12
2026-01-21 23:03:00,2026-01-21 23:12:39,0,,100,579,1,2026-01-21 23:12:44,R_A3S9820M8JM4EZ3,,,,,,,anonymous,EN,Measurement & modeling (1),p00399,1,1954,5,2,5,4,8,1,35,91,65,18,21,34,7,36,37,42,100,47,52,51,25,53,93,54,61,37,38,62,39,10,35,41,66,54,77,24,78,50,59,59,49,49,38,46,42,36,80,65
2026-01-17 12:36:54,2026-01-17 12:40:03,0,,100,189,1,2026-01-17 12:40:08,R_Z1LL8V93PQGRFWT,,,,,,,anonymous,EN,Measurement & modeling (1),p00400,3,1999,5,3,3,2,7,1,55,42,73,21,90,75,45,82,100,52,56,50,2,37,47,43,27,9,89,50,75,31,53,75,68,19,34,79,31,38,55,77,64,45,72,27,46,51,5,30,0,70
2026-01-16 05:00:35,2026-01-16 05:09:20,0,,100,525,1,2026-01-16 05:09:25,R_FNIZI258CNJ2401,,,,,,,anonymous,EN,Measurement & modeling (1),p00401,3,1981,2,1,3,2,2,2,27,54,52,42,59,48,100,0,19,43,0,59,44,35,42,9,26,74,92,50,52,47,77,35,32,33,0,53,84,50,33,100,26,57,12,78,69,85,40,80,24,62
2026-01-17 16:44:12,2026-01-17 16:52:46,0,,100,514,1,2026-01-17 16:52:51,R_9J0ZE8XBYVRUER7,,,,,,,anonymous,EN,Measurement & modeling (1),p00402,1,1959,4,3,2,3,7,2,75,78,87,74,33,12,98,15,60,39,38,45,0,23,81,51,56,63,12,77,15,79,35,48,63,65,60,73,63,28,0,47,0,100,16,38,67,76,13,64,72,63
2026-01-15 12:10:52,2026-01-15 12:16:49,0,,100,357,1,2026-01-15 12:16:54,R_81A3Y8TM4ETD3BZ,,,,,,,anonymous,EN,Measurement & modeling (1),p00403,2,1986,2,3,4,1,4,1,40,79,63,29,48,58,0,18,65,29,79,51,91,58,73,77,10,79,28,83,13,92,48,84,42,48,81,51,70,64,54,52,60,52,69,86,65,17,32,25,58,43
2026-01-19 09:20:20,2026-01-19 09:29:20,0,,100,540,1,2026-01-19 09:29:25,R_2FSJI0E25GRO8KL,,,,,,,anonymous,EN,Measurement & modeling (1),p00404,2,2001,2,6,5,3,6,1,65,93,71,32,64,10,88,42,27,35,8,100,56,71,45,41,46,72,26,62,40,74,76,55,43,89,100,4,23,63,57,2,54,45,45,72,2,40,38,78,29,98
2026-01-22 07:20:36,2026-01-22 07:30:18,0,,100,582,1,2026-01-22 07:30:23,R_OAZMYV7GEQFXJ9B,,,,,,,anonymous,EN,Measurement & modeling (1),p00405,2,1980,1,4,3,3,6,1,56,66,78,51,76,87,72,28,67,0,74,32,22,37,51,14,0,87,46,46,23,75,74,70,59,80,49,100,6,22,38,62,9,67,83,100,18,99,32,55,42,0
2026-01-19 01:06:26,2026-01-19 01:10:48,0,,100,262,1,2026-01-19 01:10:53,R_094BB1D5T3X0NEF,,,,,,,anonymous,EN,Measurement & modeling (1),p00406,3,1954,1,4,3,2,7,2,33,69,52,42,63,50,62,83,32,21,62,38,63,35,14,76,31,39,16,49,14,41,37,61,44,23,59,80,12,26,100,30,100,14,78,45,45,33,45,36,63,50
2026-01-18 16:43:38,2026-01-18 16:57:31,0,,100,833,1,2026-01-18 16:57:36,R_L865GLHQ7L03P7M,,,,,,,anonymous,EN,Measurement & modeling (1),p00407,2,1984,3,1,3,2,9,2,57,99,42,64,74,17,58,80,36,44,36,72,66,30,13,33,62,44,70,39,65,30,91,46,44,43,82,79,96,62,53,52,52,34,49,19,43,27,63,51,56,12
2026-01-17 18:40:45,2026-01-17 18:45:43,0,,100,298,1,2026-01-17 18:45:48,R_O5XEIJMW16QFYEQ,,,,,,,anonymous,EN,Measurement & modeling (1),p00408,2,1961,5,1,3,2,4,2,37,37,38,78,35,92,0,7,26,59,49,28,10,65,95,81,100,0,5,10,75,100,59,79,75,38,69,15,19,50,10,23,55,21,2,39,25,25,40,95,24,95
2026-01-19 13:05:02,2026-01-19 13:09:40,0,,100,278,1,2026-01-19 13:09:45,R_WPEFHNVSLN44PAP,,,,,,,anonymous,EN,Measurement & modeling (1),p00409,1,1987,4,4,2,4,10,2,75,20,44,38,59,57,24,3,11,44,31,60,15,68,50,85,36,4,62,11,20,0,46,29,49,39,37,0,5,44,63,45,67,63,20,43,18,0,100,38,58,43
2026-01-20 02:10:58,2026-01-20 02:16:24,0,,100,326,1,2026-01-20 02:16:29,R_L4YFNN4HHHC8LX5,,,,,,,anonymous,EN,Measurement & modeling (1),p00410,3,1994,5,1,4,1,7,2,34,29,65,71,33,13,57,33,25,100,78,55,60,79,92,0,47,0,83,51,12,5,5,60,6,33,3,35,54,17,92,44,85,22,10,0,28,48,100,49,71,71
2026-01-20 08:49:25,2026-01-20 08:54:10,0,,100,285,1,2026-01-20 08:54:15,R_GSVMKKR4XF35220,,,,,,,anonymous,EN,Measurement & modeling (1),p00411,2,1978,4,5,2,3,5,2,64,51,45,57,69,37,77,53,60,7,35,60,1,23,51,86,84,47,70,40,51,35,59,97,39,64,52,89,38,0,22,71,60,58,7,17,42,24,100,58,45,29
2026-01-21 18:34:16,2026-01-21 18:45:40,0,,100,684,1,2026-01-21 18:45:45,R_TIELZUXR175UTJQ,,,,,,,anonymous,EN,Measurement & modeling (1),p00412,2,1989,5,5,3,1,6,1,68,3,63,91,89,10,95,81,44,60,66,31,15,22,49,39,93,91,99,58,39,51,49,25,0,91,13,41,58,75,23,29,39,37,5,100,42,58,32,30,77,65
2026-01-17 18:33:03,2026-01-17 18:45:06,0,,100,723,1,2026-01-17 18:45:11,R_FOV17RDKGOUR0V0,,,,,,,anonymous,EN,Measurement & modeling (1),p00413,2,1954,2,6,5,2,9,1,62,68,45,82,27,41,57,59,44,87,24,56,0,29,100,66,30,22,18,5,56,81,28,63,42,20,100,65,26,50,57,74,60,37,80,86,70,71,73,76,0,43
2026-01-19 17:26:45,2026-01-19 17:39:53,0,,100,788,1,2026-01-19 17:39:58,R_UYAIQMT98QRJC9V,,,,,,,anonymous,EN,Measurement & modeling (1),p00414,2,1952,4,2,1,3,5,2,89,71,54,54,56,43,62,75,15,20,21,16,72,4,47,21,23,34,24,60,51,55,46,39,45,0,66,74,66,100,14,25,70,58,49,27,11,19,39,100,63,48
2026-01-17 07:07:56,2026-01-17 07:12:56,0,,100,300,1,2026-01-17 07:13:01,R_YS3RIZ90O7BLWH9,,,,,,,anonymous,EN,Measurement & modeling (1),p00415,3,1958,2,1,5,2,3,2,85,72,36,73,100,8,28,78,34,57,100,35,57,43,73,64,50,88,28,80,19,23,38,66,32,63,11,26,18,52,54,45,51,39,90,44,78,0,43,44,60,37
2026-01-22 05:20:46,2026-01-22 05:29:56,0,,100,550,1,2026-01-22 05:30:01,R_I4N13JOZQPFQKMV,,,,,,,anonymous,EN,Measurement & modeling (1),p00416,3,2005,3,2,1,3,6,2,9,84,82,31,0,61,21,27,8,51,100,70,54,61,83,21,72,17,83,31,15,30,51,31,0,43,50,0,94,53,26,38,25,32,0,24,70,46,47,42,47,7
2026-01-16 06:29:29,2026-01-16 06:39:08,0,,100,579,1,2026-01-16 06:39:13,R_TYN5398NSV1RCHE,,,,,,,anonymous,EN,Measurement & modeling (1),p00417,3,1981,3,4,3,2,3,2,61,100,89,77,11,46,15,68,77,34,73,23,52,41,39,70,80,96,50,68,100,40,95,26,53,12,42,17,70,27,28,40,51,74,70,35,95,89,45,20,89,12
2026-01-21 22:36:02,2026-01-21 22:44:57,0,,100,535,1,2026-01-21 22:45:02,R_0D241XJ1K4F1PE6,,,,,,,anonymous,EN,Measurement & modeling (1),p00418,2,1997,4,5,2,1,9,1,32,22,66,40,34,46,20,38,17,70,21,63,9,40,0,72,31,78,37,27,56,66,54,33,44,63,74,73,41,77,75,61,28,100,42,70,41,59,39,53,70,15
2026-01-22 04:38:17,2026-01-22 04:53:03,0,,100,886,1,2026-01-22 04:53:08,R_JOD97EQ3GTS9S6K,,,,,,,anonymous,EN,Measurement & modeling (1),p00419,2,1951,3,4,1,2,3,2,100,0,24,94,95,4,98,30,50,24,66,72,66,76,66,63,77,74,38,68,29,42,52,89,64,22,47,66,62,98,52,79,100,37,72,69,51,49,85,66,48,100
2026-01-20 00:42:15,2026-01-20 00:45:46,0,,100,211,1,2026-01-20 00:45:51,R_RVA6O6U02RO7UCT,,,,,,,anonymous,EN,Measurement & modeling (1),p00420,2,1946,3,1,2,1,6,2,0,0,38,16,16,52,92,33,92,71,58,100,87,41,37,38,100,65,64,73,50,47,52,55,53,14,47,70,76,54,78,82,0,64,58,79,81,45,0,59,61,77
2026-01-21 23:35:04,2026-01-21 23:46:57,0,,100,713,1,2026-01-21 23:47:02,R_WVQL72I60UNORJ4,,,,,,,anonymous,EN,Former skeptics,p00421,1,1950,3,2,5,3,4,1,62,20,38,54,22,65,86,9,38,30,34,19,21,47,62,18,44,0,100,52,60,50,60,64,24,62,91,46,0,70,100,27,33,28,56,3,77,32,63,7,75,29
2026-01-17 00:29:49,2026-01-17 00:38:57,0,,100,548,1,2026-01-17 00:39:02,R_8Q3W3SU344PH3IX,,,,,,,anonymous,EN,Former skeptics,p00422,3,1959,1,3,4,2,1,2,5,89,79,51,68,100,24,24,59,2,47,30,71,70,0,24,52,61,56,0,62,71,31,38,42,58,84,0,24,53,46,0,66,62,0,51,82,34,49,71,100,27
2026-01-19 18:45:52,2026-01-19 19:00:49,0,,100,897,1,2026-01-19 19:00:54,R_DC89GC1BHI4FQ70,,,,,,,anonymous,EN,Former skeptics,p00423,2,1969,5,4,3,1,5,2,53,85,82,61,51,52,60,70,46,28,91,78,100,100,69,55,66,66,70,0,44,55,34,67,0,8,0,33,89,81,62,66,100,53,55,30,89,34,43,8,62,72
2026-01-16 01:48:09,2026-01-16 01:52:07,0,,100,238,1,2026-01-16 01:52:12,R_H7J5YURZNS3H5WT,,,,,,,anonymous,EN,Former skeptics,p00424,2,1937,4,2,1,1,2,2,21,32,100,0,70,67,58,5,53,84,67,64,21,60,41,63,74,44,33,22,66,100,70,72,54,25,87,25,69,63,70,15,63,0,33,2,68,57,49,0,31,37
2026-01-21 20:57:23,2026-01-21 21:08:53,0,,100,690,1,2026-01-21 21:08:58,R_B27Q8GCSOXSSIUY,,,,,,,anonymous,EN,Former skeptics,p00425,1,1956,2,4,3,4,5,2,47,100,25,16,0,100,74,89,27,47,29,40,49,100,4,33,67,5,31,0,21,49,0,60,38,5,59,50,44,12,73,48,98,100,25,19,82,79,23,76,46,61
2026-01-21 18:51:08,2026-01-21 19:01:42,0,,100,634,1,2026-01-21 19:01:47,R_6AXCBRAD41OOTS8,,,,,,,anonymous,EN,Former skeptics,p00426,2,1958,4,6,4,4,9,2,93,71,23,93,30,14,33,60,58,51,77,13,29,48,0,64,32,27,100,41,77,92,91,56,74,26,21,66,97,47,63,28,67,17,47,51,54,100,18,100,38,34
2026-01-17 21:19:31,2026-01-17 21:27:18,0,,100,467,1,2026-01-17 21:27:23,R_NPLI1FLG76CY0JG,,,,,,,anonymous,EN,Former skeptics,p00427,2,2006,1,6,1,4,1,2,43,22,69,100,68,68,41,2,41,17,46,63,30,36,61,55,18,22,47,30,59,52,29,76,43,40,0,48,82,90,87,17,61,49,20,0,13,40,56,28,24,77
2026-01-21 10:42:22,2026-01-21 10:52:43,0,,100,621,1,2026-01-21 10:52:48,R_FS2X4XF4RIHCARO,,,,,,,anonymous,EN,Former skeptics,p00428,2,1957,1,4,4,4,2,2,41,59,50,88,12,52,14,32,10,21,2,58,0,40,75,18,100,98,21,54,66,26,52,13,41,66,52,0,33,34,92,82,61,21,0,36,62,71,91,60,50,49
2026-01-16 14:41:09,2026-01-16 14:47:10,0,,100,361,1,2026-01-16 14:47:15,R_YT5HYO8LMW4OHQN,,,,,,,anonymous,EN,Former skeptics,p00429,1,1965,1,5,4,1,2,1,11,60,40,39,4,5,56,79,84,47,70,69,36,39,58,80,36,31,61,32,51,80,63,86,5,73,69,76,76,46,37,60,0,72,14,25,72,16,39,40,73,57
2026-01-19 22:57:21,2026-01-19 23:05:03,0,,100,462,1,2026-01-19 23:05:08,R_BMZM9GLPHF2JN04,,,,,,,anonymous,EN,Former skeptics,p00430,3,2001,2,3,2,1,6,1,100,97,46,50,62,76,92,73,36,46,96,55,36,64,55,0,48,59,18,43,81,52,22,24,68,81,0,86,40,39,96,58,43,44,33,61,24,14,0,77,52,22
2026-01-18 13:18:37,2026-01-18 13:31:44,0,,100,787,1,2026-01-18 13:31:49,R_JIQ9GE938B4BNMQ,,,,,,,anonymous,EN,Former skeptics,p00431,3,1973,5,6,2,1,8,2,42,60,48,97,36,16,26,50,23,63,75,96,49,13,100,61,16,63,57,49,83,29,3,98,80,10,36,57,24,95,46,68,32,53,0,59,58,77,88,68,60,100
2026-01-22 04:32:11,2026-01-22 04:41:16,0,,100,545,1,2026-01-22 04:41:21,R_LPWRO1BKI0TSNA3,,,,,,,anonymous,EN,Former skeptics,p00432,1,2001,5,5,4,1,7,1,45,53,77,49,28,52,61,63,57,56,15,48,40,44,72,5,100,61,39,57,60,78,73,94,78,55,31,25,49,31,38,77,55,59,38,39,100,24,36,31,25,0
2026-01-22 03:09:02,2026-01-22 03:22:52,0,,100,830,1,2026-01-22 03:22:57,R_CH9NWU7NQTQLXK7,,,,,,,anonymous,EN,Former skeptics,p00433,1,1985,4,2,4,2,3,2,43,47,69,19,100,73,79,57,21,49,52,18,45,54,21,82,43,2,92,56,38,91,40,66,78,91,64,14,52,61,64,18,13,52,0,49,23,15,46,58,64,51
2026-01-19 20:06:27,2026-01-19 20:12:27,0,,100,360,1,2026-01-19 20:12:32,R_MPSE1MB3Q9VYZ3E,,,,,,,anonymous,EN,Former skeptics,p00434,3,1995,4,2,3,4,7,2,89,57,7,64,55,26,19,22,55,22,89,24,66,21,17,0,15,1,89,32,100,59,49,48,38,88,29,49,32,55,45,41,47,0,83,85,4,85,95,100,35,77
2026-01-18 03:55:50,2026-01-18 04:04:43,0,,100,533,1,2026-01-18 04:04:48,R_115L6JSVVRKPBXC,,,,,,,anonymous,EN,Former skeptics,p00435,2,1936,2,4,1,2,3,2,36,54,31,55,48,40,74,0,64,7,45,90,12,26,33,0,24,37,43,44,66,60,81,11,62,58,14,72,50,81,50,18,68,62,37,61,79,100,67,4,27,60
2026-01-16 11:38:48,2026-01-16 11:44:14,0,,100,326,1,2026-01-16 11:44:19,R_8CEIO9QJS3HPNEN,,,,,,,anonymous,EN,Former skeptics,p00436,1,2000,2,2,4,4,8,2,42,35,45,54,79,74,6,43,45,28,20,59,74,57,89,23,67,56,48,40,27,66,65,95,53,45,70,60,71,37,38,78,71,54,0,73,49,0,31,29,42,93
2026-01-16 02:34:56,2026-01-16 02:45:03,0,,100,607,1,2026-01-16 02:45:08,R_K1H46J6MN7RGUGY,,,,,,,anonymous,EN,Former skeptics,p00437,1,1974,2,1,5,2,1,1,39,66,82,49,53,63,100,54,79,24,71,44,71,49,12,43,20,69,0,53,28,34,66,58,25,86,23,72,45,68,71,42,19,52,56,19,51,26,68,48,90,71
2026-01-21 21:39:43,2026-01-21 21:46:56,0,,100,433,1,2026-01-21 21:47:01,R_7PPFEOPBXN907Y5,,,,,,,anonymous,EN,Former skeptics,p00438,3,2002,3,5,4,4,7,2,47,68,9,77,48,73,47,0,43,40,30,9,97,73,42,65,73,47,20,49,37,16,44,46,44,100,100,76,42,34,76,51,15,54,59,64,61,19,13,35,52,91
2026-01-19 09:24:56,2026-01-19 09:29:32,0,,100,276,1,2026-01-19 09:29:37,R_TQJC4A9CBGEL7CU,,,,,,,anonymous,EN,Former skeptics,p00439,1,1990,4,5,3,1,9,2,15,16,52,17,55,44,58,83,100,64,46,32,73,58,74,50,60,100,43,39,46,78,35,30,52,11,0,100,36,50,0,28,91,42,30,7,30,59,65,100,0,15
2026-01-16 04:37:42,2026-01-16 04:45:43,0,,100,481,1,2026-01-16 04:45:48,R_CWO6FJMHZ6ITYTV,,,,,,,anonymous,EN,Former skeptics,p00440,2,1959,1,4,3,1,0,2,100,32,90,43,3,30,39,33,3,0,41,87,66,37,79,92,19,72,43,37,56,48,35,72,49,48,91,39,67,29,37,0,47,76,63,41,46,61,53,53,5,7
2026-01-19 15:39:32,2026-01-19 15:50:41,0,,100,669,1,2026-01-19 15:50:46,R_6R0DSAKODSCI45M,,,,,,,anonymous,EN,Former skeptics,p00441,2,1992,4,3,1,2,8,2,46,43,71,62,64,33,59,28,73,67,46,65,64,30,62,0,75,78,61,50,40,53,61,76,33,85,13,100,88,37,22,0,65,63,89,100,53,33,63,65,64,90
2026-01-18 15:45:35,2026-01-18 15:52:16,0,,100,401,1,2026-01-18 15:52:21,R_HMH5VGU37U4LUKR,,,,,,,anonymous,EN,Former skeptics,p00442,1,1966,1,1,5,4,1,2,75,27,100,88,0,3,100,72,76,33,49,45,72,35,47,87,36,74,46,29,68,43,40,31,38,73,77,26,35,59,64,82,9,4,2,79,56,66,83,91,68,100
2026-01-18 11:37:41,2026-01-18 11:43:22,0,,100,341,1,2026-01-18 11:43:27,R_E9DQ32LDS8W5E3T,,,,,,,anonymous,EN,Former skeptics,p00443,1,1957,3,3,3,3,2,2,63,57,65,35,0,14,55,52,73,23,37,9,67,79,20,22,61,100,3,20,90,56,51,0,42,18,47,64,84,29,63,34,58,81,51,38,73,35,33,44,6,92
2026-01-16 16:55:59,2026-01-16 17:10:25,0,,100,866,1,2026-01-16 17:10:30,R_90BEBP2WIJVB88R,,,,,,,anonymous,EN,Former skeptics,p00444,1,1979,3,3,1,4,8,2,47,15,48,78,38,45,46,10,19,76,80,39,61,43,60,49,39,0,61,63,55,25,62,35,93,70,28,37,23,74,77,80,55,34,29,62,58,75,0,44,40,44
2026-01-15 12:47:32,2026-01-15 12:56:35,0,,100,543,1,2026-01-15 12:56:40,R_39MGSVZLQMMVF0S,,,,,,,anonymous,EN,Former skeptics,p00445,2,1946,4,6,1,4,5,2,55,16,65,23,77,43,99,59,36,57,67,2,42,79,83,87,97,0,66,54,80,44,0,70,4,37,49,11,100,64,87,24,67,100,100,53,84,53,55,37,88,34
2026-01-16 00:40:28,2026-01-16 00:55:13,0,,100,885,1,2026-01-16 00:55:18,R_NDCL5ZPCRCTSG3R,,,,,,,anonymous,EN,Former skeptics,p00446,1,1940,2,4,3,3,0,2,81,43,17,51,1,96,73,52,45,87,74,67,69,22,94,56,18,37,46,35,0,50,57,63,89,0,27,0,63,32,30,41,0,31,79,59,15,73,60,73,78,70
2026-01-16 12:59:11,2026-01-16 13:03:31,0,,100,260,1,2026-01-16 13:03:36,R_Q4Y2P5PUKJQMODE,,,,,,,anonymous,EN,Former skeptics,p00447,1,1998,2,1,2,2,9,2,43,53,62,100,0,65,83,39,42,46,13,100,97,0,55,46,43,29,10,9,89,36,71,63,80,44,64,73,34,19,52,37,26,49,98,64,13,31,59,67,76,31
2026-01-17 00:01:17,2026-01-17 00:14:04,0,,100,767,1,2026-01-17 00:14:09,R_STYA9HJHWMVDEV0,,,,,,,anonymous,EN,Former skeptics,p00448,3,1991,1,2,1,2,3,2,0,46,75,68,70,37,76,39,38,32,58,91,39,0,16,49,26,32,2,49,13,89,80,44,67,46,75,57,61,41,9,60,39,43,94,34,54,37,52,7,59,0
2026-01-21 18:24:05,2026-01-21 18:33:25,0,,100,560,1,2026-01-21 18:33:30,R_LR1576TTFVZEPFW,,,,,,,anonymous,EN,Former skeptics,p00449,3,1960,4,3,3,2,6,2,42,40,32,87,53,2,91,31,61,35,6,69,96,97,96,87,29,28,65,65,29,29,5,100,0,30,39,46,84,39,53,85,0,100,81,37,25,31,35,53,71,82
2026-01-21 10:36:28,2026-01-21 10:48:13,0,,100,705,1,2026-01-21 10:48:18,R_7KUT0VYJY7BV858,,,,,,,anonymous,EN,Former skeptics,p00450,1,1940,4,1,4,1,4,1,40,35,85,19,67,22,72,40,1,56,100,52,48,53,85,0,57,48,62,26,66,33,31,48,73,77,42,58,4,61,64,46,45,100,53,40,74,34,34,70,88,20
2026-01-15 10:18:29,2026-01-15 10:27:08,0,,100,519,1,2026-01-15 10:27:13,R_POZ9XM0DGLZDGR4,,,,,,,anonymous,EN,Former skeptics,p00451,1,1996,5,1,3,4,6,1,48,62,57,16,35,41,44,74,75,11,58,37,74,100,37,70,20,60,34,60,59,18,75,92,49,41,11,72,25,78,65,3,16,38,78,73,30,15,36,54,59,1
2026-01-21 18:39:10,2026-01-21 18:45:48,0,,100,398,1,2026-01-21 18:45:53,R_A0ERQE1BW9MT71N,,,,,,,anonymous,EN,Former skeptics,p00452,1,2002,2,6,1,4,10,1,20,48,17,91,0,55,29,27,61,74,60,39,27,29,65,45,64,100,56,60,93,81,100,90,33,76,67,38,55,37,65,7,34,66,23,58,9,18,38,67,87,68
2026-01-18 10:03:46,2026-01-18 10:08:30,0,,100,284,1,2026-01-18 10:08:35,R_FKU2AW9MHNFRHZ5,,,,,,,anonymous,EN,Former skeptics,p00453,1,1960,2,6,4,4,1,1,37,40,50,65,29,46,72,47,61,85,88,73,62,29,100,100,84,40,58,57,45,63,39,50,45,59,0,67,81,13,67,66,46,66,71,87,44,43,13,53,0,77
2026-01-20 12:06:23,2026-01-20 12:13:30,0,,100,427,1,2026-01-20 12:13:35,R_KIIS9J87CO7B7GE,,,,,,,anonymous,EN,Former skeptics,p00454,2,1952,4,3,5,3,7,1,92,59,46,7,0,42,45,20,9,46,81,42,92,46,59,37,0,20,40,42,15,62,57,21,22,99,37,49,80,6,9,24,82,78,28,3,76,80,59,49,38,37
2026-01-17 10:47:52,2026-01-17 11:02:41,0,,100,889,1,2026-01-17 11:02:46,R_9CXNCYUH1NH79T7,,,,,,,anonymous,EN,Former skeptics,p00455,3,1971,5,3,3,3,9,2,0,44,8,62,42,60,0,20,52,31,98,55,37,54,64,67,40,41,85,36,36,51,58,79,84,58,18,13,53,19,40,84,18,73,48,43,0,57,32,25,37,40
2026-01-21 16:08:32,2026-01-21 16:12:54,0,,100,262,1,2026-01-21 16:12:59,R_W9HPDZR0QWKBY9I,,,,,,,anonymous,EN,Former skeptics,p00456,3,1938,1,4,2,4,9,2,68,79,77,100,56,24,5,55,27,67,47,71,40,43,68,90,38,70,56,59,68,75,24,66,100,42,73,66,51,84,80,67,91,24,99,96,100,16,29,43,47,86
2026-01-19 23:59:03,2026-01-20 00:10:03,0,,100,660,1,2026-01-20 00:10:08,R_W50H9WFHGL7NT8Q,,,,,,,anonymous,EN,Former skeptics,p00457,3,1961,2,4,3,4,9,2,47,49,0,54,46,77,32,53,65,49,25,42,6,29,48,60,60,76,80,0,33,76,29,78,11,13,59,42,100,63,35,88,82,61,17,34,86,37,0,41,32,36
2026-01-16 21:13:41,2026-01-16 21:24:21,0,,100,640,1,2026-01-16 21:24:26,R_M2XFNJX3D3O3RVJ,,,,,,,anonymous,EN,Former skeptics,p00458,1,1956,4,2,5,2,10,2,51,64,41,50,70,35,36,32,35,46,37,18,73,48,66,59,48,25,38,41,75,45,66,30,47,0,41,38,8,85,78,42,10,59,48,24,53,2,43,31,26,25
2026-01-18 06:47:49,2026-01-18 06:57:48,0,,100,599,1,2026-01-18 06:57:53,R_GG1SVTWFQ46LZCN,,,,,,,anonymous,EN,Former skeptics,p00459,3,1984,1,4,1,1,2,2,66,60,100,29,93,55,81,30,0,19,54,40,56,83,58,85,30,71,0,93,92,0,66,100,49,7,84,52,17,52,38,66,14,89,41,87,23,64,0,62,31,63
2026-01-16 12:25:39,2026-01-16 12:35:25,0,,100,586,1,2026-01-16 12:35:30,R_Q9B1F28U3WXLBSG,,,,,,,anonymous,EN,Former skeptics,p00460,3,1974,2,2,2,4,3,2,38,37,88,28,39,85,73,67,32,31,49,77,57,20,26,32,38,35,96,39,75,100,40,60,100,92,66,62,80,100,64,35,25,80,69,30,64,70,28,32,100,53
2026-01-21 14:57:58,2026-01-21 15:08:08,0,,100,610,1,2026-01-21 15:08:13,R_K9PK1KKW6SPOEV2,,,,,,,anonymous,EN,Former skeptics,p00461,1,1984,1,1,5,2,0,2,66,0,51,61,55,50,100,84,46,0,64,11,0,59,40,57,57,66,8,66,28,52,40,52,62,66,0,31,76,59,37,37,21,35,76,31,63,20,16,45,4,7
2026-01-21 12:46:45,2026-01-21 12:55:24,0,,100,519,1,2026-01-21 12:55:29,R_93UC02E7D53EDD7,,,,,,,anonymous,EN,Former skeptics,p00462,2,1951,2,1,4,2,10,2,51,52,85,100,19,67,47,64,89,74,51,73,100,81,30,5,59,14,100,12,41,25,52,52,38,47,89,32,43,74,26,29,69,85,29,51,39,51,54,83,41,29
2026-01-16 00:00:42,2026-01-16 00:12:09,0,,100,687,1,2026-01-16 00:12:14,R_SU08ZIYUAQJUP5X,,,,,,,anonymous,EN,Former skeptics,p00463,2,1994,2,4,5,2,0,1,7,47,85,43,75,59,63,79,66,100,0,39,24,87,57,100,80,65,32,43,21,68,87,24,55,8,44,48,16,28,63,47,88,55,47,67,83,68,41,82,33,37
2026-01-17 22:38:40,2026-01-17 22:42:05,0,,100,205,1,2026-01-17 22:42:10,R_5YZ63S371X4GCXG,,,,,,,anonymous,EN,Former skeptics,p00464,2,1952,2,2,5,3,8,2,33,37,38,56,61,70,40,44,52,36,70,13,58,4,52,70,47,35,77,80,55,2,31,26,38,59,29,64,91,49,13,60,12,16,90,2,64,59,23,100,22,18
2026-01-21 23:47:21,2026-01-21 23:54:39,0,,100,438,1,2026-01-21 23:54:44,R_CMWEF7JFH5NF3RS,,,,,,,anonymous,EN,Former skeptics,p00465,1,1969,3,1,5,3,8,2,68,76,49,64,50,56,22,15,19,65,81,43,67,100,100,0,89,49,42,54,34,47,84,84,40,9,92,20,56,81,21,100,5,50,39,66,54,77,21,64,28,20
2026-01-21 05:05:46,2026-01-21 05:11:23,0,,100,337,1,2026-01-21 05:11:28,R_56YTPQODLOIH42Q,,,,,,,anonymous,EN,Former skeptics,p00466,3,1996,4,3,4,2,6,2,96,31,72,74,33,11,28,23,67,78,15,0,95,54,86,50,33,53,77,18,21,22,35,59,100,24,76,39,48,17,60,83,34,0,46,26,59,46,50,39,62,60
2026-01-19 04:51:26,2026-01-19 05:02:41,0,,100,675,1,2026-01-19 05:02:46,R_PDRGJN73GO7LHXL,,,,,,,anonymous,EN,Former skeptics,p00467,1,1945,5,5,4,4,1,2,72,22,19,58,69,52,79,0,89,60,6,53,78,54,69,33,100,51,54,41,39,46,66,13,64,49,85,0,100,43,38,64,65,50,37,96,100,74,51,58,28,81
2026-01-21 13:12:59,2026-01-21 13:17:21,0,,100,262,1,2026-01-21 13:17:26,R_NZ4BR9NR26MD5K0,,,,,,,anonymous,EN,Former skeptics,p00468,1,1996,2,4,1,4,1,2,49,51,35,32,36,68,13,86,35,87,64,50,70,67,64,44,59,19,51,84,48,64,26,54,84,29,43,57,43,16,78,28,39,63,67,57,43,95,39,64,54,37
2026-01-15 16:24:11,2026-01-15 16:36:46,0,,100,755,1,2026-01-15 16:36:51,R_UAVP2VP5PYSM8R9,,,,,,,anonymous,EN,Former skeptics,p00469,2,1940,1,3,4,2,9,1,48,34,46,33,52,54,69,41,77,0,83,25,82,61,89,27,65,0,67,72,33,42,74,33,41,39,34,63,55,90,36,62,48,34,50,66,29,36,77,64,38,44
2026-01-20 08:03:42,2026-01-20 08:07:12,0,,100,210,1,2026-01-20 08:07:17,R_PNF2DP1NWZD7PRO,,,,,,,anonymous,EN,Former skeptics,p00470,3,1983,4,2,5,4,5,2,41,84,59,70,100,52,35,44,87,100,0,77,14,82,22,69,36,0,15,55,24,75,29,59,8,26,41,61,40,2,100,53,30,21,0,81,83,76,30,36,49,100
2026-01-20 03:23:29,2026-01-20 03:38:16,0,,100,887,1,2026-01-20 03:38:21,R_TUZIR109WY2LDDW,,,,,,,anonymous,EN,Former skeptics,p00471,2,1978,5,4,5,1,9,1,71,76,44,45,43,21,29,34,84,54,68,80,47,19,55,100,46,71,53,89,51,100,100,72,24,36,42,30,25,27,59,21,74,82,47,21,47,63,64,73,44,15
2026-01-19 04:51:55,2026-01-19 05:05:23,0,,100,808,1,2026-01-19 05:05:28,R_LR5OWUQL5XXXMJ9,,,,,,,anonymous,EN,Former skeptics,p00472,2,2004,2,5,3,1,6,2,73,36,17,42,21,30,37,33,21,28,17,53,56,36,81,0,63,35,77,83,57,42,20,34,61,87,74,15,65,84,42,49,21,11,57,81,34,46,33,41,50,68
2026-01-20 18:39:17,2026-01-20 18:51:24,0,,100,727,1,2026-01-20 18:51:29,R_858WLF4UJV1DK0I,,,,,,,anonymous,EN,Former skeptics,p00473,3,1944,2,3,5,2,3,2,19,35,61,36,81,100,31,22,39,0,37,54,65,17,82,21,0,67,42,77,39,28,44,68,56,28,50,15,0,38,78,100,72,49,78,64,63,14,43,82,48,41
2026-01-17 20:26:12,2026-01-17 20:35:23,0,,100,551,1,2026-01-17 20:35:28,R_X2RCPXGTBYAR213,,,,,,,anonymous,EN,Former skeptics,p00474,1,1956,5,4,4,4,10,2,7,53,61,43,47,67,39,72,24,52,100,7,21,20,57,68,78,85,44,4,62,29,0,80,15,37,24,80,47,83,36,26,61,66,69,59,33,87,100,69,35,72
2026-01-20 12:12:52,2026-01-20 12:18:08,0,,100,316,1,2026-01-20 12:18:13,R_XC8GPB1TOYZSL5L,,,,,,,anonymous,EN,Former skeptics,p00475,3,1992,4,1,5,2,9,2,35,53,40,63,75,51,49,35,50,53,50,40,41,31,17,62,77,27,67,41,50,100,47,33,54,27,15,95,0,75,40,0,23,79,49,31,7,97,31,65,68,21
2026-01-19 20:42:29,2026-01-19 20:47:30,0,,100,301,1,2026-01-19 20:47:35,R_OFCHALGQ85MSP0K,,,,,,,anonymous,EN,Former skeptics,p00476,2,1954,3,5,4,3,5,2,64,78,42,35,67,53,56,71,39,0,37,42,31,8,16,69,81,25,97,78,74,14,76,94,5,65,44,39,45,35,69,42,17,40,17,34,91,35,48,56,99,56
2026-01-19 04:51:23,2026-01-19 04:58:33,0,,100,430,1,2026-01-19 04:58:38,R_2EPB7K7KZEGOBA9,,,,,,,anonymous,EN,Former skeptics,p00477,2,1934,1,4,2,3,0,2,30,45,53,17,100,8,54,62,100,32,51,87,18,35,17,61,32,45,100,40,37,75,50,30,63,98,68,64,7,60,57,25,2,53,77,60,52,24,39,19,81,22
2026-01-19 04:11:16,2026-01-19 04:15:02,0,,100,226,1,2026-01-19 04:15:07,R_05IU5E98P4DRNRH,,,,,,,anonymous,EN,Former skeptics,p00478,2,1972,4,5,1,2,10,2,18,9,35,51,0,25,66,43,60,84,0,62,34,46,61,20,93,9,67,26,7,6,49,61,38,68,67,33,100,31,51,34,62,11,17,67,56,78,0,100,13,62
2026-01-17 16:08:03,2026-01-17 16:14:14,0,,100,371,1,2026-01-17 16:14:19,R_AOKO3F80H8EAM14,,,,,,,anonymous,EN,Former skeptics,p00479,3,1950,2,5,3,4,3,1,11,41,76,57,77,49,71,33,67,50,80,15,63,13,100,44,45,50,42,79,48,40,54,61,54,88,57,95,76,75,58,40,0,72,13,100,100,21,100,71,23,44
2026-01-19 09:54:50,2026-01-19 10:09:31,0,,100,881,1,2026-01-19 10:09:36,R_4PVZ5507NTNRSMS,,,,,,,anonymous,EN,Former skeptics,p00480,1,1952,2,3,5,3,9,2,57,77,54,69,84,57,56,45,34,60,39,67,60,47,65,33,8,57,44,56,32,63,76,38,61,0,60,86,69,31,63,52,9,99,48,56,74,41,60,48,47,85
2026-01-20 12:37:28,2026-01-20 12:48:40,0,,100,672,1,2026-01-20 12:48:45,R_0QIY7LHMYT2VUY7,,,,,,,anonymous,EN,High public trust,p00481,1,2003,5,3,1,4,3,2,21,1,61,13,17,16,36,49,77,38,59,19,74,19,56,66,44,5,43,22,69,69,100,76,60,100,94,10,64,100,22,50,0,66,31,50,50,94,45,32,37,72
2026-01-19 12:14:34,2026-01-19 12:23:04,0,,100,510,1,2026-01-19 12:23:09,R_2EC7MWN0DF2XMXJ,,,,,,,anonymous,EN,High public trust,p00482,2,1977,2,3,2,2,7,2,0,56,17,76,40,46,60,43,60,35,65,35,0,21,68,84,62,86,52,62,0,34,52,43,61,29,51,49,56,23,67,32,73,92,100,56,34,14,100,69,29,26
2026-01-21 05:00:23,2026-01-21 05:10:30,0,,100,607,1,2026-01-21 05:10:35,R_3FG8WNB6C427AK4,,,,,,,anonymous,EN,High public trust,p00483,2,1979,4,1,5,2,10,2,51,34,95,86,25,56,91,36,26,74,18,53,54,33,27,31,44,65,85,15,58,94,41,74,31,2,50,1,30,55,0,11,24,95,30,35,35,59,61,32,100,89
2026-01-19 10:51:06,2026-01-19 11:01:13,0,,100,607,1,2026-01-19 11:01:18,R_IMHRZFJSEPI7Z44,,,,,,,anonymous,EN,High public trust,p00484,3,1959,2,4,4,2,9,1,65,64,69,37,43,80,23,55,32,36,20,21,50,37,100,32,40,29,31,45,57,57,100,80,49,38,33,32,32,9,28,67,65,98,46,55,86,45,5,83,39,38
2026-01-18 09:33:41,2026-01-18 09:44:47,0,,100,666,1,2026-01-18 09:44:52,R_C9X2CPTPS2W040O,,,,,,,anonymous,EN,High public trust,p00485,1,1980,3,2,4,3,7,2,27,67,59,54,86,79,100,44,80,51,3,56,23,68,57,17,63,35,62,100,12,65,25,44,47,79,51,20,100,69,84,55,0,35,34,22,35,100,61,38,20,61
2026-01-20 10:56:21,2026-01-20 11:09:49,0,,100,808,1,2026-01-20 11:09:54,R_I97673BGN8S797B,,,,,,,anonymous,EN,High public trust,p00486,1,1971,3,5,4,3,2,2,40,44,0,64,38,27,66,0,75,50,42,60,57,40,33,15,81,80,84,89,48,72,40,36,32,43,7,62,68,71,33,1,74,62,69,54,54,41,66,63,0,45
2026-01-16 03:39:42,2026-01-16 03:46:55,0,,100,433,1,2026-01-16 03:47:00,R_B8Q4I6Y1CNL2IOL,,,,,,,anonymous,EN,High public trust,p00487,3,2004,1,3,2,2,1,2,23,66,87,29,69,75,89,54,86,100,58,100,63,37,68,49,39,38,13,0,38,71,100,56,81,100,57,13,33,36,63,36,35,89,100,65,46,37,18,54,10,61
2026-01-16 13:28:44,2026-01-16 13:34:59,0,,100,375,1,2026-01-16 13:35:04,R_O1B3CL4Z4E137H0,,,,,,,anonymous,EN,High public trust,p00488,2,1984,1,3,1,1,7,2,5,53,70,73,34,24,35,14,9,51,33,39,94,71,58,67,61,66,100,4,74,16,89,31,48,21,30,0,92,39,41,39,22,79,0,37,3,75,8,50,9,0
2026-01-21 05:03:20,2026-01-21 05:13:45,0,,100,625,1,2026-01-21 05:13:50,R_Y8EDYH3X8GPKWWJ,,,,,,,anonymous,EN,High public trust,p00489,1,1944,5,2,2,3,4,2,37,50,75,0,61,2,71,66,66,39,76,0,71,52,67,11,43,38,62,79,61,100,73,71,52,90,70,53,60,33,74,100,29,51,59,56,59,35,67,96,69,46
2026-01-20 03:05:50,2026-01-20 03:10:13,0,,100,263,1,2026-01-20 03:10:18,R_Z5PX1I2P0MK1R9S,,,,,,,anonymous,EN,High public trust,p00490,3,1965,4,4,2,3,8,1,40,15,73,64,43,75,48,75,57,51,62,58,56,78,18,24,97,26,43,84,4,67,0,41,67,45,33,21,86,61,55,93,54,100,63,82,41,25,92,60,100,37
2026-01-20 11:20:06,2026-01-20 11:25:36,0,,100,330,1,2026-01-20 11:25:41,R_ZNRWEGCXCSHTWBI,,,,,,,anonymous,EN,High public trust,p00491,1,1967,2,5,4,2,5,2,49,75,18,38,15,53,26,52,30,54,40,19,11,42,61,55,20,31,38,62,47,78,68,68,68,88,35,97,65,31,49,72,46,79,62,60,20,73,25,50,45,69
2026-01-18 07:45:01,2026-01-18 07:56:47,0,,100,706,1,2026-01-18 07:56:52,R_GG6G78FP8TMJOUP,,,,,,,anonymous,EN,High public trust,p00492,3,1963,3,3,1,1,6,2,50,46,0,14,23,65,81,13,51,100,39,26,62,37,65,85,72,64,49,48,72,40,56,85,60,63,11,66,39,49,7,60,100,74,51,100,45,7,71,18,49,24
2026-01-17 01:36:09,2026-01-17 01:46:20,0,,100,611,1,2026-01-17 01:46:25,R_UMOBKOY3IO22U7F,,,,,,,anonymous,EN,High public trust,p00493,3,1947,4,2,5,4,4,2,46,58,100,56,61,33,60,53,47,48,65,61,34,50,9,27,9,56,51,97,29,80,75,86,40,74,38,36,56,27,79,57,37,57,0,55,64,8,24,45,61,64
2026-01-20 16:34:44,2026-01-20 16:47:11,0,,100,747,1,2026-01-20 16:47:16,R_Y8C3HI2TNQXMI0U,,,,,,,anonymous,EN,High public trust,p00494,3,1976,5,4,5,3,0,2,65,53,20,100,35,14,48,69,28,43,74,22,36,89,45,53,0,46,100,77,85,48,65,53,75,42,28,61,73,64,56,76,73,61,43,90,36,96,7,44,19,47
2026-01-16 21:02:57,2026-01-16 21:10:27,0,,100,450,1,2026-01-16 21:10:32,R_9ZE12QTXLVUZSA6,,,,,,,anonymous,EN,High public trust,p00495,1,1949,1,6,2,1,6,2,48,0,20,81,62,0,25,75,63,55,78,72,17,0,61,11,54,7,58,56,18,64,93,37,30,75,100,64,38,77,46,81,45,47,42,68,0,31,38,40,30,16
2026-01-18 23:16:27,2026-01-18 23:24:26,0,,100,479,1,2026-01-18 23:24:31,R_WW75ISUK552KAQK,,,,,,,anonymous,EN,High public trust,p00496,1,1936,1,2,2,2,3,2,70,38,6,41,26,14,47,73,53,57,36,51,51,59,66,66,29,78,71,74,29,40,8,52,73,100,100,38,27,82,5,51,78,65,100,30,39,76,15,25,47,24
2026-01-15 19:04:23,2026-01-15 19:18:26,0,,100,843,1,2026-01-15 19:18:31,R_2V5Y5A6ACLEPC5C,,,,,,,anonymous,EN,High public trust,p00497,2,1964,3,1,1,3,3,1,62,32,46,60,19,11,43,46,64,23,62,92,84,36,0,63,49,17,91,12,27,11,28,86,82,34,72,74,55,57,91,80,0,43,59,35,29,77,59,65,38,62
2026-01-21 08:47:05,2026-01-21 08:51:16,0,,100,251,1,2026-01-21 08:51:21,R_RT8XDY9L0DNZREX,,,,,,,anonymous,EN,High public trust,p00498,2,1948,2,4,1,2,0,2,50,46,100,85,38,3,72,59,75,77,87,47,82,77,87,47,28,37,5,69,86,16,65,28,29,44,33,13,89,28,63,47,49,53,94,69,48,17,51,4,52,26
2026-01-19 14:56:16,2026-01-19 15:02:48,0,,100,392,1,2026-01-19 15:02:53,R_400GHLIIDTQTA05,,,,,,,anonymous,EN,High public trust,p00499,3,1961,4,2,5,2,0,1,35,66,24,38,72,23,32,90,32,53,75,47,55,43,40,64,0,63,6,60,76,24,38,91,69,71,57,100,46,82,45,74,55,71,65,45,71,100,51,20,74,96
2026-01-22 03:57:28,2026-01-22 04:03:22,0,,100,354,1,2026-01-22 04:03:27,R_3VGK05EEH7T1E6Q,,,,,,,anonymous,EN,High public trust,p00500,3,2001,2,6,1,4,8,1,50,96,30,68,28,35,43,97,72,54,20,47,53,55,81,61,58,27,23,71,29,54,43,37,65,49,8,63,58,100,42,19,79,77,2,47,52,27,29,38,86,0
2026-01-21 07:59:16,2026-01-21 08:07:44,0,,100,508,1,2026-01-21 08:07:49,R_1T4BQWH14NU4WYD,,,,,,,anonymous,EN,High public trust,p00501,1,1946,5,3,2,1,8,2,96,41,72,22,45,32,92,34,40,14,25,51,9,46,85,30,55,22,67,97,100,49,0,15,23,16,90,48,55,89,23,61,0,68,51,100,79,35,22,53,55,66
2026-01-16 11:08:32,2026-01-16 11:21:24,0,,100,772,1,2026-01-16 11:21:29,R_SSETB23ACZGLFC6,,,,,,,anonymous,EN,High public trust,p00502,2,1986,4,5,2,4,5,1,43,47,8,77,76,0,90,70,54,99,39,41,32,78,64,9,29,28,41,17,33,48,0,21,58,52,22,80,27,40,72,28,0,16,53,50,70,43,33,66,54,12
2026-01-17 09:24:08,2026-01-17 09:28:29,0,,100,261,1,2026-01-17 09:28:34,R_UZBYA8UNVWY4MM1,,,,,,,anonymous,EN,High public trust,p00503,3,1988,4,1,5,2,0,2,69,9,65,65,13,53,70,18,35,27,78,29,84,8,0,47,25,24,44,0,0,27,53,41,14,26,46,64,52,68,45,44,21,98,80,64,17,65,75,38,63,52
2026-01-22 04:37:06,2026-01-22 04:50:24,0,,100,798,1,2026-01-22 04:50:29,R_TVHBQ02U3TGWB3L,,,,,,,anonymous,EN,High public trust,p00504,3,1959,4,6,2,3,5,2,43,36,72,65,72,91,92,85,0,65,71,76,65,48,21,50,6,49,32,37,92,1,57,10,98,35,79,98,51,62,84,65,0,59,100,0,12,68,100,36,81,20
2026-01-18 19:45:54,2026-01-18 19:57:17,0,,100,683,1,2026-01-18 19:57:22,R_7WOQHE0Q2RAX8XK,,,,,,,anonymous,EN,High public trust,p00505,2,1943,1,1,3,1,6,2,5,17,23,66,1,55,56,61,46,70,47,85,35,70,30,37,6,53,91,68,93,55,52,1,78,24,54,61,92,44,17,46,87,59,98,72,33,63,53,21,60,82
2026-01-20 09:03:00,2026-01-20 09:06:04,0,,100,184,1,2026-01-20 09:06:09,R_0RO485DXKAZ6WTQ,,,,,,,anonymous,EN,High public trust,p00506,1,1962,1,4,1,1,10,2,21,69,58,100,100,66,50,13,0,44,67,52,33,0,64,41,92,5,84,42,35,38,51,27,72,40,71,56,20,0,27,54,62,24,48,20,17,43,95,43,100,45
2026-01-21 13:43:51,2026-01-21 13:56:51,0,,100,780,1,2026-01-21 13:56:56,R_XG2PK2BELVNJMM9,,,,,,,anonymous,EN,High public trust,p00507,3,1971,1,1,2,4,2,2,61,24,26,63,46,34,26,14,91,45,89,87,41,73,61,88,45,1,84,20,62,59,50,75,48,92,23,22,87,55,44,100,65,44,58,63,24,77,90,69,61,52
2026-01-15 23:57:50,2026-01-16 00:07:28,0,,100,578,1,2026-01-16 00:07:33,R_SVA1Q9RALMYFJAK,,,,,,,anonymous,EN,High public trust,p00508,3,1982,4,3,4,4,9,1,28,31,33,64,43,64,48,15,34,49,87,100,38,49,78,32,31,43,29,43,74,58,72,48,74,0,45,77,46,71,97,75,12,48,59,32,66,83,43,65,63,98
2026-01-17 21:24:02,2026-01-17 21:29:18,0,,100,316,1,2026-01-17 21:29:23,R_FCX8HSSN5TDE2A4,,,,,,,anonymous,EN,High public trust,p00509,1,1947,2,4,1,2,4,2,50,79,33,52,14,50,48,49,40,89,50,14,97,7,91,79,39,36,46,17,43,49,63,54,72,57,21,54,75,11,0,76,45,78,7,25,9,62,20,48,95,59
2026-01-18 00:24:55,2026-01-18 00:30:46,0,,100,351,1,2026-01-18 00:30:51,R_LVK0UWIAR39WZRD,,,,,,,anonymous,EN,High public trust,p00510,2,1948,2,4,3,3,1,2,84,26,46,28,64,52,37,54,40,54,13,24,81,50,27,100,30,61,16,45,91,78,37,43,36,48,68,55,35,63,50,49,15,25,43,75,38,70,84,50,48,100
2026-01-17 17:36:33,2026-01-17 17:43:04,0,,100,391,1,2026-01-17 17:43:09,R_STAT0H4WO5CGGMG,,,,,,,anonymous,EN,High public trust,p00511,3,1966,1,3,2,4,6,2,82,80,79,0,6,61,48,75,50,77,33,100,82,67,49,72,11,71,44,62,27,88,70,62,63,74,78,63,54,46,0,3,67,48,79,65,64,81,65,44,28,60
2026-01-17 06:30:05,2026-01-17 06:44:25,0,,100,860,1,2026-01-17 06:44:30,R_S7XN6WHDZ7E24IQ,,,,,,,anonymous,EN,High public trust,p00512,3,1999,3,5,2,2,1,1,62,27,44,100,59,88,26,90,35,41,29,40,6,75,58,23,94,40,60,77,59,25,63,49,54,90,15,37,15,14,66,49,58,64,45,94,36,14,50,28,70,53
2026-01-18 05:22:48,2026-01-18 05:31:13,0,,100,505,1,2026-01-18 05:31:18,R_R5994CS5LYAC72A,,,,,,,anonymous,EN,High public trust,p00513,1,1950,5,3,4,1,3,1,100,61,0,37,0,64,35,72,71,30,67,6,49,63,7,5,27,21,44,0,31,50,45,48,73,47,26,48,50,6,6,73,42,46,68,81,58,57,34,47,22,41
2026-01-18 05:46:18,2026-01-18 05:59:21,0,,100,783,1,2026-01-18 05:59:26,R_SAC6KX119MO80XH,,,,,,,anonymous,EN,High public trust,p00514,3,1970,4,2,4,3,3,1,87,95,23,11,54,22,48,73,40,80,67,57,100,56,21,44,98,41,54,77,55,60,18,80,18,2,47,33,0,95,59,77,52,34,89,17,42,100,39,65,7,0
2026-01-16 18:43:26,2026-01-16 18:55:22,0,,100,716,1,2026-01-16 18:55:27,R_FTWNRACPO21ZUXI,,,,,,,anonymous,EN,High public trust,p00515,1,1963,3,5,5,1,6,1,51,19,35,87,37,17,49,37,0,44,48,52,95,93,27,56,52,100,77,81,58,4,13,50,100,11,27,44,89,42,64,38,34,62,20,30,0,63,27,64,37,41
2026-01-17 10:56:11,2026-01-17 11:08:48,0,,100,757,1,2026-01-17 11:08:53,R_ZA3BSFY98JPDN15,,,,,,,anonymous,EN,High public trust,p00516,3,1982,3,2,3,3,4,2,83,39,90,36,78,67,27,49,0,12,29,7,46,100,100,71,76,65,59,68,43,75,83,52,79,40,75,73,24,34,51,50,41,12,17,30,52,45,12,33,52,38
2026-01-16 21:58:07,2026-01-16 22:08:15,0,,100,608,1,2026-01-16 22:08:20,R_5R82TQ62BRBC04X,,,,,,,anonymous,EN,High public trust,p00517,1,1977,2,1,1,1,0,1,68,93,26,0,63,34,79,26,20,23,56,22,75,6,35,32,4,83,100,0,33,87,17,24,52,88,67,28,76,97,70,95,42,13,9,49,27,74,14,85,66,42
2026-01-18 01:23:58,2026-01-18 01:32:28,0,,100,510,1,2026-01-18 01:32:33,R_J9QP8KGGY1JKFU0,,,,,,,anonymous,EN,High public trust,p00518,2,1950,3,2,1,1,5,1,40,6,24,21,66,13,28,5,0,36,52,71,44,97,39,88,65,41,71,77,55,48,40,76,80,70,40,42,0,30,69,71,51,83,44,18,74,60,80,51,22,71
2026-01-19 17:30:17,2026-01-19 17:33:35,0,,100,198,1,2026-01-19 17:33:40,R_18QDFD5VCL3J2XJ,,,,,,,anonymous,EN,High public trust,p00519,1,1993,4,4,5,1,5,2,70,73,100,53,80,52,72,38,75,20,41,62,20,20,34,7,59,5,48,32,32,30,38,46,49,43,24,71,65,46,83,86,40,53,58,50,0,11,28,62,60,54
2026-01-20 17:39:41,2026-01-20 17:53:01,0,,100,800,1,2026-01-20 17:53:06,R_P4HZ8O3M0QG1B1E,,,,,,,anonymous,EN,High public trust,p00520,3,1962,2,4,1,2,5,1,30,46,82,44,56,82,43,7,15,60,58,65,53,4,16,47,59,37,40,62,49,78,48,0,32,75,60,84,59,34,56,1,0,70,16,73,58,5,19,77,7,66
2026-01-18 02:44:19,2026-01-18 02:50:00,0,,100,341,1,2026-01-18 02:50:05,R_NQJ5N2MKF1QL2R2,,,,,,,anonymous,EN,High public trust,p00521,1,2004,2,5,4,2,1,2,16,57,52,77,32,43,96,49,27,100,18,69,60,93,38,45,13,22,62,73,0,70,75,53,63,79,72,68,46,13,90,71,67,24,83,46,35,100,34,47,65,95
2026-01-20 01:31:49,2026-01-20 01:37:44,0,,100,355,1,2026-01-20 01:37:49,R_APT1NK7IRK3KG8A,,,,,,,anonymous,EN,High public trust,p00522,3,1998,5,3,4,1,5,2,51,67,77,7,20,47,38,69,57,58,40,60,94,47,67,48,19,44,90,72,21,100,97,54,44,87,42,72,19,78,15,64,32,28,59,81,28,93,65,24,98,54
2026-01-19 19:50:20,2026-01-19 20:00:48,0,,100,628,1,2026-01-19 20:00:53,R_AO2BMF4BQH9Q9O6,,,,,,,anonymous,EN,High public trust,p00523,3,1995,4,6,2,4,7,2,56,70,44,46,0,65,45,6,83,42,68,24,55,69,28,89,42,23,44,0,64,0,76,31,59,74,94,66,29,100,100,52,27,63,12,25,52,100,42,62,35,5
2026-01-18 22:44:40,2026-01-18 22:48:14,0,,100,214,1,2026-01-18 22:48:19,R_PE1QB8V438W79HY,,,,,,,anonymous,EN,High public trust,p00524,3,1971,2,5,4,4,9,1,42,57,12,0,55,87,45,34,26,64,33,22,34,92,58,67,85,44,42,100,18,22,64,69,0,37,0,31,56,39,82,70,24,64,33,19,56,64,50,15,79,50
2026-01-21 22:06:46,2026-01-21 22:11:35,0,,100,289,1,2026-01-21 22:11:40,R_D48RNNTVY7AXS61,,,,,,,anonymous,EN,High public trust,p00525,3,1937,5,1,4,3,8,2,29,34,87,22,11,17,8,70,71,100,17,75,52,100,47,100,11,28,0,79,9,37,48,46,86,32,79,52,68,56,47,64,54,50,45,30,16,42,34,71,100,29
2026-01-19 11:49:25,2026-01-19 11:57:53,0,,100,508,1,2026-01-19 11:57:58,R_7TEGUDFQSQK6ME3,,,,,,,anonymous,EN,High public trust,p00526,2,2003,2,3,3,1,6,2,0,97,11,54,47,29,0,75,69,49,7,69,66,60,48,0,57,13,89,68,43,24,95,38,67,60,100,20,87,72,77,20,45,82,37,24,70,85,59,82,43,53
2026-01-16 11:33:12,2026-01-16 11:41:33,0,,100,501,1,2026-01-16 11:41:38,R_HI6JW4THYT0DOCN,,,,,,,anonymous,EN,High public trust,p00527,3,1999,3,4,5,1,10,1,79,86,19,46,79,37,39,51,75,74,35,28,24,55,71,37,44,69,31,24,66,10,86,50,0,55,83,67,56,84,6,18,37,63,28,94,10,56,100,56,93,51
2026-01-16 00:03:02,2026-01-16 00:17:34,0,,100,872,1,2026-01-16 00:17:39,R_3EENZYZQ4RVFZFL,,,,,,,anonymous,EN,High public trust,p00528,1,1962,3,3,2,3,8,2,57,22,62,62,45,27,59,61,57,97,62,13,55,63,49,53,41,76,61,42,82,97,50,55,57,23,64,1,53,46,40,14,51,52,79,40,35,29,86,18,58,43
2026-01-18 08:35:01,2026-01-18 08:41:32,0,,100,391,1,2026-01-18 08:41:37,R_DVDQNU9NDAO7GHT,,,,,,,anonymous,EN,High public trust,p00529,1,1989,4,4,2,3,3,2,87,69,100,76,55,23,93,26,31,35,26,36,28,13,63,42,52,54,21,43,73,23,6,83,76,52,75,7,97,64,88,34,0,36,74,66,43,82,18,35,41,15
2026-01-20 00:25:25,2026-01-20 00:31:04,0,,100,339,1,2026-01-20 00:31:09,R_P231FI2PK0TY2SL,,,,,,,anonymous,EN,High public trust,p00530,2,1944,5,4,5,4,5,2,41,70,22,36,72,43,62,75,54,56,26,64,60,40,70,70,64,70,62,0,55,100,41,0,73,42,87,13,45,39,0,52,13,30,52,80,6,31,21,14,65,73
2026-01-21 15:04:53,2026-01-21 15:19:17,0,,100,864,1,2026-01-21 15:19:22,R_AR3P3KIC3S8DBZ2,,,,,,,anonymous,EN,High public trust,p00531,1,1955,4,4,5,3,4,2,32,66,34,73,93,22,88,61,49,38,34,83,46,48,85,83,8,26,54,82,26,41,23,70,45,77,55,57,5,100,29,73,38,56,75,35,45,64,90,1,67,100
2026-01-21 08:52:09,2026-01-21 08:58:06,0,,100,357,1,2026-01-21 08:58:11,R_ERBYEPIKL4P8AEU,,,,,,,anonymous,EN,High public trust,p00532,3,1977,5,6,3,2,5,2,62,93,22,26,55,48,100,58,99,62,31,64,83,78,6,47,87,68,99,53,69,76,91,52,100,99,20,54,74,45,44,59,52,0,54,58,62,100,67,80,31,34
2026-01-21 17:12:26,2026-01-21 17:18:03,0,,100,337,1,2026-01-21 17:18:08,R_SQ7N2YAPI7WTK36,,,,,,,anonymous,EN,High public trust,p00533,3,1992,5,5,3,3,4,2,55,87,60,0,79,47,0,51,4,13,100,100,73,42,62,81,97,13,42,71,62,25,100,93,50,19,61,69,61,46,68,100,62,91,52,62,50,34,67,79,57,81
2026-01-19 04:40:56,2026-01-19 04:44:09,0,,100,193,1,2026-01-19 04:44:14,R_WCVDZXH6IEKGRFX,,,,,,,anonymous,EN,High public trust,p00534,1,1998,4,6,4,2,7,2,35,49,55,89,0,38,46,58,22,19,59,42,25,64,67,73,76,51,99,87,24,6,7,100,29,100,95,73,8,0,69,69,13,62,39,49,50,0,27,60,31,30
2026-01-18 03:50:06,2026-01-18 03:59:59,0,,100,593,1,2026-01-18 04:00:04,R_LE86OB7R077RHJ5,,,,,,,anonymous,EN,High public trust,p00535,1,1985,5,3,1,3,3,2,26,62,47,46,0,22,83,59,78,49,32,41,13,44,35,53,90,77,53,0,50,64,46,23,14,52,45,75,97,63,59,24,14,31,56,51,35,31,53,59,62,52
2026-01-15 19:33:39,2026-01-15 19:48:03,0,,100,864,1,2026-01-15 19:48:08,R_RG5A1UE0PDDA7C0,,,,,,,anonymous,EN,High public trust,p00536,2,1942,4,1,5,1,8,2,47,73,39,58,100,77,59,50,29,82,28,43,73,59,100,5,51,25,59,7,9,74,100,37,48,70,0,79,30,96,74,22,58,40,49,65,54,35,8,51,52,66
2026-01-17 23:16:26,2026-01-17 23:21:01,0,,100,275,1,2026-01-17 23:21:06,R_BBDBZBU8I89E0Z0,,,,,,,anonymous,EN,High public trust,p00537,3,1990,2,6,4,1,7,2,46,18,35,96,26,24,88,33,35,53,59,70,97,69,26,54,60,39,25,55,64,76,52,83,60,47,31,89,97,16,88,22,80,69,53,57,10,60,35,67,100,3
2026-01-18 13:29:52,2026-01-18 13:44:27,0,,100,875,1,2026-01-18 13:44:32,R_GZ2JW5SWRNUCUZ9,,,,,,,anonymous,EN,High public trust,p00538,3,1999,4,2,4,1,10,2,44,52,81,60,88,100,100,80,79,70,70,62,29,57,44,60,38,41,29,45,23,50,30,72,88,54,0,100,62,39,31,27,60,37,44,16,74,38,81,21,92,46
2026-01-20 22:35:22,2026-01-20 22:41:09,0,,100,347,1,2026-01-20 22:41:14,R_Y8AYG36KGFFBO34,,,,,,,anonymous,EN,High public trust,p00539,3,1958,4,3,1,4,1,1,25,72,14,71,47,73,24,66,70,15,47,100,22,81,1,45,74,41,53,30,69,35,88,0,74,30,72,19,100,23,72,93,0,26,82,89,45,30,28,89,85,53
2026-01-18 02:30:03,2026-01-18 02:33:05,0,,100,182,1,2026-01-18 02:33:10,R_Y9V4Q71AETO4FA6,,,,,,,anonymous,EN,High public trust,p00540,3,1954,3,4,2,2,2,2,37,18,36,35,53,42,28,88,38,64,37,33,60,38,64,76,52,0,2,39,34,66,68,28,45,66,64,38,36,78,64,65,68,43,56,58,81,0,27,0,0,42
2026-01-22 05:55:07,2026-01-22 05:58:08,0,,100,181,1,2026-01-22 05:58:13,R_31GQBIET893OJQW,,,,,,,anonymous,EN,Measurement & modeling (2),p00541,3,1945,3,3,4,2,7,2,0,47,83,19,51,33,83,9,46,52,6,6,100,70,55,61,67,33,61,66,77,0,100,8,40,43,70,55,20,80,69,22,61,44,98,48,53,37,68,59,0,90
2026-01-15 17:15:04,2026-01-15 17:20:00,0,,100,296,1,2026-01-15 17:20:05,R_H4GDHV6KI1Z73MN,,,,,,,anonymous,EN,Measurement & modeling (2),p00542,3,1996,5,4,2,1,1,2,0,11,34,93,48,8,21,25,23,52,100,80,69,50,61,44,39,8,46,68,15,73,54,34,56,82,72,31,21,32,22,44,70,39,80,82,27,80,55,8,85,41
2026-01-21 22:37:38,2026-01-21 22:49:23,0,,100,705,1,2026-01-21 22:49:28,R_C7KXFJB3MLPET7V,,,,,,,anonymous,EN,Measurement & modeling (2),p00543,3,1999,5,5,1,4,3,2,75,78,69,21,28,37,4,41,42,47,78,46,99,78,32,79,21,5,43,54,47,21,51,29,0,42,52,27,83,61,42,35,7,90,83,42,48,29,64,5,41,100
2026-01-20 11:30:16,2026-01-20 11:36:20,0,,100,364,1,2026-01-20 11:36:25,R_85ESQGNZ5OYNBUH,,,,,,,anonymous,EN,Measurement & modeling (2),p00544,1,1953,3,2,1,3,8,2,93,46,28,40,45,44,37,96,71,27,20,48,10,50,93,70,20,43,60,52,99,34,71,43,71,30,19,50,70,43,38,64,53,20,45,49,56,73,10,0,20,27
2026-01-15 14:59:58,2026-01-15 15:06:25,0,,100,387,1,2026-01-15 15:06:30,R_F5NXHEIMIQYI8YL,,,,,,,anonymous,EN,Measurement & modeling (2),p00545,2,1988,5,2,4,1,10,2,33,52,60,43,63,58,5,4,60,4,61,91,89,38,25,51,0,49,44,15,71,42,100,26,63,38,33,50,65,100,67,76,66,52,70,50,59,34,63,51,26,76
2026-01-16 10:22:42,2026-01-16 10:29:04,0,,100,382,1,2026-01-16 10:29:09,R_0HOOS2WKF7TCK1D,,,,,,,anonymous,EN,Measurement & modeling (2),p00546,1,1938,5,1,3,3,1,2,58,39,84,49,54,29,58,57,53,76,6,23,100,66,65,56,59,71,12,46,44,19,73,52,64,83,65,31,87,50,75,53,25,11,93,40,36,74,97,29,34,45
2026-01-16 05:39:23,2026-01-16 05:45:08,0,,100,345,1,2026-01-16 05:45:13,R_Y3QLK6INBJIBAIT,,,,,,,anonymous,EN,Measurement & modeling (2),p00547,3,1974,1,5,5,4,10,2,52,43,88,29,25,88,0,58,52,61,12,48,72,67,66,25,62,84,90,8,34,51,53,68,19,100,17,47,46,82,37,32,67,64,2,18,41,77,52,20,42,7
2026-01-20 01:47:56,2026-01-20 01:59:20,0,,100,684,1,2026-01-20 01:59:25,R_E3XO06M2XS2SZ3K,,,,,,,anonymous,EN,Measurement & modeling (2),p00548,1,1946,1,3,4,2,9,2,30,0,22,43,96,45,69,35,52,0,93,69,40,67,71,16,32,55,15,49,12,11,36,76,94,52,11,20,2,85,48,50,77,64,60,50,19,9,10,28,100,49
2026-01-17 15:28:05,2026-01-17 15:34:09,0,,100,364,1,2026-01-17 15:34:14,R_DRM3UG3WUCMNIXG,,,,,,,anonymous,EN,Measurement & modeling (2),p00549,2,1970,1,4,3,4,10,2,100,51,58,1,44,85,56,70,82,60,82,11,65,13,60,63,12,49,18,22,49,52,63,65,52,83,24,47,0,45,57,94,100,85,88,100,87,23,59,72,30,63
2026-01-21 05:21:48,2026-01-21 05:31:29,0,,100,581,1,2026-01-21 05:31:34,R_CIOQHJXP5YVJAG4,,,,,,,anonymous,EN,Measurement & modeling (2),p00550,2,1966,5,5,1,1,7,2,65,0,58,52,77,66,100,61,25,88,33,79,33,53,49,16,23,35,100,52,76,57,53,76,36,0,53,19,67,65,31,54,6,84,89,44,81,80,42,78,15,43
2026-01-20 01:51:05,2026-01-20 02:04:04,0,,100,779,1,2026-01-20 02:04:09,R_MWBC2ETW0Y0Z6HK,,,,,,,anonymous,EN,Measurement & modeling (2),p00551,1,1981,4,5,3,2,5,2,64,51,78,86,66,56,26,23,35,64,19,69,61,76,42,9,62,81,100,63,82,63,53,30,70,57,46,36,53,49,49,22,46,30,75,62,95,100,83,40,0,56
2026-01-19 21:26:16,2026-01-19 21:36:27,0,,100,611,1,2026-01-19 21:36:32,R_3SS7JCWUNGP1UE2,,,,,,,anonymous,EN,Measurement & modeling (2),p00552,3,1985,4,2,1,4,9,2,0,36,34,84,48,57,80,50,19,33,24,0,55,29,100,70,0,36,61,81,22,65,6,69,52,43,36,0,31,57,71,95,27,42,27,41,61,0,69,28,60,0
2026-01-20 06:41:16,2026-01-20 06:55:42,0,,100,866,1,2026-01-20 06:55:47,R_3XPP10THP7IQO66,,,,,,,anonymous,EN,Measurement & modeling (2),p00553,3,1987,2,4,4,3,9,2,60,10,100,22,16,27,76,36,64,40,60,21,86,48,0,59,85,57,17,29,68,53,67,44,77,63,75,47,37,31,64,78,100,76,61,59,94,94,76,93,77,50
2026-01-17 14:38:22,2026-01-17 14:51:47,0,,100,805,1,2026-01-17 14:51:52,R_VK90DN5NSGFLNR9,,,,,,,anonymous,EN,Measurement & modeling (2),p00554,2,1939,2,6,5,1,0,2,47,48,69,71,44,22,63,79,58,60,43,61,40,58,55,25,76,41,41,60,81,0,39,94,8,63,64,68,71,41,59,57,17,76,74,33,66,19,29,54,48,22
2026-01-22 03:00:30,2026-01-22 03:07:59,0,,100,449,1,2026-01-22 03:08:04,R_ZTF085TTBA686Q5,,,,,,,anonymous,EN,Measurement & modeling (2),p00555,1,1951,4,6,1,2,2,2,82,52,91,100,35,67,34,89,39,51,56,54,93,48,0,75,100,18,72,53,63,65,35,68,31,13,66,32,76,58,61,56,64,80,67,44,48,67,27,11,91,57
2026-01-18 19:08:30,2026-01-18 19:13:33,0,,100,303,1,2026-01-18 19:13:38,R_PBA24CFSWRGWHVW,,,,,,,anonymous,EN,Measurement & modeling (2),p00556,2,1958,2,1,1,1,9,2,59,73,65,89,21,42,100,58,47,43,15,25,27,85,70,29,97,31,40,44,77,85,60,56,75,63,100,41,64,100,34,24,69,54,16,0,29,68,70,38,15,50
2026-01-18 00:21:53,2026-01-18 00:25:18,0,,100,205,1,2026-01-18 00:25:23,R_RKLGBW2OQP0BHPV,,,,,,,anonymous,EN,Measurement & modeling (2),p00557,1,1968,5,3,1,2,2,2,44,51,60,58,34,17,28,53,100,17,10,36,38,68,45,45,53,46,79,76,94,3,93,56,100,15,43,41,47,65,15,76,4,7,26,51,40,76,49,21,39,100
2026-01-18 23:53:25,2026-01-19 00:04:14,0,,100,649,1,2026-01-19 00:04:19,R_80BBTR3DU4T5LVG,,,,,,,anonymous,EN,Measurement & modeling (2),p00558,2,2002,4,6,1,1,2,1,72,44,82,55,39,41,0,35,74,88,53,64,44,68,40,81,0,87,67,30,31,6,13,22,43,32,36,48,37,39,46,80,33,0,41,51,67,94,68,43,100,98
2026-01-18 17:32:11,2026-01-18 17:45:11,0,,100,780,1,2026-01-18 17:45:16,R_98OUGD9YONQTP9J,,,,,,,anonymous,EN,Measurement & modeling (2),p00559,3,1956,4,6,3,4,4,2,93,2,24,50,80,45,65,52,66,0,56,9,76,49,45,66,29,86,96,85,100,80,36,64,88,40,16,40,32,56,100,43,0,81,87,94,53,57,8,100,24,24
2026-01-20 06:53:37,2026-01-20 07:01:14,0,,100,457,1,2026-01-20 07:01:19,R_6NB63VIPWL0KVEO,,,,,,,anonymous,EN,Measurement & modeling (2),p00560,3,1997,3,3,3,4,4,2,44,53,68,100,52,87,43,17,0,58,35,47,72,83,82,16,0,73,48,64,0,100,87,78,31,45,32,25,35,90,29,63,19,18,12,38,50,13,33,16,49,75
2026-01-17 20:21:02,2026-01-17 20:25:33,0,,100,271,1,2026-01-17 20:25:38,R_06IQCALQTJTUYER,,,,,,,anonymous,EN,Measurement & modeling (2),p00561,3,1974,1,1,5,3,9,2,23,48,27,39,71,70,38,71,45,76,3,47,51,37,11,46,63,47,25,29,75,87,100,49,75,68,11,46,73,56,56,56,26,40,27,7,55,76,82,99,68,57
2026-01-16 00:23:04,2026-01-16 00:26:43,0,,100,219,1,2026-01-16 00:26:48,R_0CGJWR9AVG2SW8L,,,,,,,anonymous,EN,Measurement & modeling (2),p00562,1,1962,2,4,2,1,4,1,83,25,86,71,56,45,53,55,0,70,87,84,11,68,70,84,89,76,0,42,90,52,100,54,35,100,64,70,86,53,96,74,52,52,66,32,85,72,51,64,37,62
2026-01-21 17:16:49,2026-01-21 17:21:31,0,,100,282,1,2026-01-21 17:21:36,R_1I550VCMR79TROE,,,,,,,anonymous,EN,Measurement & modeling (2),p00563,3,1966,5,4,4,1,3,2,28,41,48,76,41,67,30,13,67,32,61,45,76,62,83,77,91,79,69,100,87,65,38,67,67,50,29,44,52,100,87,100,36,93,57,100,64,25,100,44,61,87
2026-01-21 15:17:02,2026-01-21 15:31:10,0,,100,848,1,2026-01-21 15:31:15,R_0OZ1DJZFFY6RIKO,,,,,,,anonymous,EN,Measurement & modeling (2),p00564,1,2006,4,1,1,4,1,2,79,73,24,43,36,64,24,85,20,46,45,79,80,34,62,33,19,62,71,66,77,63,31,33,59,62,0,54,16,32,89,21,72,17,13,57,22,37,19,80,50,54
2026-01-18 22:48:01,2026-01-18 22:51:47,0,,100,226,1,2026-01-18 22:51:52,R_Y5E2M5UKPEL9LZH,,,,,,,anonymous,EN,Measurement & modeling (2),p00565,1,1957,4,5,4,1,5,2,46,15,23,100,38,53,51,50,42,57,66,65,22,40,24,0,53,64,16,39,34,50,100,79,37,85,38,39,26,53,25,0,96,40,34,69,2,28,68,34,65,42
2026-01-18 04:00:25,2026-01-18 04:13:01,0,,100,756,1,2026-01-18 04:13:06,R_617Q5F0FBP9I0II,,,,,,,anonymous,EN,Measurement & modeling (2),p00566,3,1955,5,2,2,3,0,2,42,46,56,44,42,28,17,94,49,82,71,71,8,88,88,85,98,86,62,55,14,23,47,40,68,37,16,4,45,23,0,54,46,39,55,62,75,68,56,15,0,51
2026-01-16 19:01:52,2026-01-16 19:09:18,0,,100,446,1,2026-01-16 19:09:23,R_2KXYX3RXQIDIJOQ,,,,,,,anonymous,EN,Measurement & modeling (2),p00567,2,1996,4,2,2,3,2,2,64,46,49,52,44,45,63,21,100,30,99,53,66,67,17,82,27,0,10,83,55,52,80,70,55,24,88,100,14,27,43,33,62,55,56,63,68,62,10,60,1,2
2026-01-20 03:11:52,2026-01-20 03:15:52,0,,100,240,1,2026-01-20 03:15:57,R_D48FDH523540TSF,,,,,,,anonymous,EN,Measurement & modeling (2),p00568,2,1961,2,4,2,2,8,2,37,100,71,39,0,65,58,57,39,22,13,72,25,0,32,59,17,69,61,63,100,83,50,62,100,78,31,48,55,24,49,58,31,30,32,61,42,17,24,14,25,51
2026-01-17 05:04:42,2026-01-17 05:18:59,0,,100,857,1,2026-01-17 05:19:04,R_AYD4SHAUDFROX64,,,,,,,anonymous,EN,Measurement & modeling (2),p00569,3,1986,5,5,2,1,2,1,86,79,69,70,90,13,75,49,88,21,38,89,9,66,89,44,31,68,34,82,76,74,65,28,36,51,5,47,76,62,86,31,32,12,26,90,75,22,73,44,70,91
2026-01-19 02:34:34,2026-01-19 02:46:48,0,,100,734,1,2026-01-19 02:46:53,R_YM47S4Z01DFTBTD,,,,,,,anonymous,EN,Measurement & modeling (2),p00570,1,1967,2,3,3,1,3,2,20,5,57,69,25,44,32,0,46,19,40,0,45,0,44,71,35,91,50,68,49,35,64,44,62,20,24,27,84,53,66,35,99,27,99,49,45,8,60,54,37,33
2026-01-20 20:30:29,2026-01-20 20:43:08,0,,100,759,1,2026-01-20 20:43:13,R_EWJDBIOTZ55DBRQ,,,,,,,anonymous,EN,Measurement & modeling (2),p00571,1,1970,2,4,4,3,3,2,50,52,39,80,100,13,0,63,77,17,21,35,75,62,0,34,46,56,43,14,34,67,41,68,14,37,49,57,56,64,0,47,96,69,100,60,28,48,77,91,79,70
2026-01-18 05:12:50,2026-01-18 05:17:58,0,,100,308,1,2026-01-18 05:18:03,R_V1C52M30ONHT3XL,,,,,,,anonymous,EN,Measurement & modeling (2),p00572,3,1943,4,2,1,1,5,2,100,73,87,55,100,66,62,85,97,0,8,53,25,49,51,64,85,100,53,25,6,0,44,70,43,52,68,36,61,0,38,63,56,24,24,88,68,54,0,35,100,23
2026-01-19 08:47:27,2026-01-19 09:00:40,0,,100,793,1,2026-01-19 09:00:45,R_3YKHOV0ZL2VVNTA,,,,,,,anonymous,EN,Measurement & modeling (2),p00573,2,1958,2,5,2,4,8,2,74,74,56,71,60,10,12,43,28,4,49,38,67,63,84,0,77,47,100,30,31,81,57,36,38,58,4,35,44,0,20,32,28,57,29,55,40,83,58,88,66,59
2026-01-21 22:25:16,2026-01-21 22:32:38,0,,100,442,1,2026-01-21 22:32:43,R_MYGNH3PGLR8L6ST,,,,,,,anonymous,EN,Measurement & modeling (2),p00574,1,1978,1,3,5,4,3,2,40,55,85,15,0,90,42,86,34,27,5,26,58,39,63,16,45,98,19,58,0,53,70,27,86,59,48,94,80,63,58,26,65,89,69,44,23,82,0,68,66,48
2026-01-21 16:45:45,2026-01-21 16:51:58,0,,100,373,1,2026-01-21 16:52:03,R_FJU3FLYKULWPUL6,,,,,,,anonymous,EN,Measurement & modeling (2),p00575,1,1936,5,6,2,4,5,2,57,54,38,82,76,62,67,8,9,67,54,64,99,8,12,75,46,29,100,58,49,72,45,36,84,63,47,100,41,46,67,42,38,61,43,47,10,69,95,65,44,25
2026-01-19 19:39:16,2026-01-19 19:53:00,0,,100,824,1,2026-01-19 19:53:05,R_3W4I8NJC5C5M8KJ,,,,,,,anonymous,EN,Measurement & modeling (2),p00576,1,2003,4,3,5,4,1,2,30,100,87,45,31,56,94,6,84,85,33,35,70,2,25,74,46,79,17,100,100,52,52,31,48,42,55,40,74,59,36,38,45,70,32,42,79,63,16,65,74,34
2026-01-19 21:39:31,2026-01-19 21:50:38,0,,100,667,1,2026-01-19 21:50:43,R_LDGMB00GBKBECWB,,,,,,,anonymous,EN,Measurement & modeling (2),p00577,3,2004,4,2,5,1,1,2,53,50,0,72,100,93,87,53,43,66,10,71,19,87,63,30,42,54,27,86,24,18,49,0,90,99,37,60,61,42,47,13,41,59,57,47,10,95,22,62,90,12
2026-01-21 00:12:36,2026-01-21 00:15:41,0,,100,185,1,2026-01-21 00:15:46,R_1WZSFYAYEW0SIQC,,,,,,,anonymous,EN,Measurement & modeling (2),p00578,3,1985,5,3,4,3,7,2,36,27,49,0,52,53,72,56,37,76,80,53,11,77,96,61,60,33,6,50,72,68,46,99,14,64,56,27,54,46,36,66,64,38,37,64,93,26,55,32,53,46
2026-01-22 02:55:59,2026-01-22 03:06:51,0,,100,652,1,2026-01-22 03:06:56,R_31N2YIMEIPDAAKO,,,,,,,anonymous,EN,Measurement & modeling (2),p00579,2,2003,2,6,4,4,5,1,40,72,34,63,22,26,63,55,86,82,47,73,93,62,62,51,32,25,71,61,15,47,57,56,9,38,42,100,32,100,13,61,0,37,100,55,17,34,10,74,91,75
2026-01-17 10:36:39,2026-01-17 10:40:32,0,,100,233,1,2026-01-17 10:40:37,R_WOLYLKNYF1X0RMH,,,,,,,anonymous,EN,Measurement & modeling (2),p00580,1,1944,4,1,3,4,7,2,20,94,63,39,84,51,43,45,39,62,82,0,79,72,55,5,26,72,52,46,43,62,54,74,27,86,32,22,88,37,20,96,24,27,87,81,35,68,91,18,41,0
2026-01-21 07:01:16,2026-01-21 07:06:27,0,,100,311,1,2026-01-21 07:06:32,R_F22LYZRR5EMKBCC,,,,,,,anonymous,EN,Measurement & modeling (2),p00581,2,2000,1,1,2,2,6,1,42,52,69,43,31,77,0,11,93,40,46,66,0,92,14,75,34,93,97,97,59,65,97,33,26,3,83,43,68,15,30,65,33,37,0,100,25,74,96,12,59,47
2026-01-20 20:03:22,2026-01-20 20:13:53,0,,100,631,1,2026-01-20 20:13:58,R_HWWQ1BDQ6ERFULJ,,,,,,,anonymous,EN,Measurement & modeling (2),p00582,2,2002,4,1,3,2,10,1,67,61,81,46,33,58,64,34,42,66,84,43,100,74,86,6,44,75,25,44,15,39,64,90,63,26,64,58,63,2,93,66,61,67,34,42,99,42,37,29,84,82
2026-01-21 13:53:52,2026-01-21 14:01:32,0,,100,460,1,2026-01-21 14:01:37,R_9ZN8RBRA1GVTUTT,,,,,,,anonymous,EN,Measurement & modeling (2),p00583,3,1974,1,4,2,4,6,2,60,14,38,15,88,67,25,88,59,54,57,27,29,61,52,7,29,40,49,41,77,35,78,36,48,48,46,64,48,66,37,51,49,68,39,49,15,53,96,52,73,46
2026-01-15 20:48:18,2026-01-15 20:57:04,0,,100,526,1,2026-01-15 20:57:09,R_WA52VBQSVM9HPIV,,,,,,,anonymous,EN,Measurement & modeling (2),p00584,1,1968,5,6,4,3,6,1,81,48,23,4,100,27,61,77,42,100,49,72,83,40,33,32,68,43,67,49,41,41,61,3,36,88,63,33,36,11,69,93,10,69,64,100,93,94,84,44,76,56
2026-01-22 00:13:27,2026-01-22 00:20:26,0,,100,419,1,2026-01-22 00:20:31,R_GO334BQ855AWFO1,,,,,,,anonymous,EN,Measurement & modeling (2),p00585,1,2006,5,2,3,2,5,2,73,42,28,39,28,5,56,93,86,75,36,74,57,31,71,55,21,36,57,81,100,6,95,17,2,57,44,10,68,42,43,33,63,61,62,22,54,55,100,82,61,57
2026-01-20 03:52:35,2026-01-20 04:01:49,0,,100,554,1,2026-01-20 04:01:54,R_11OY193QI4OY92B,,,,,,,anonymous,EN,Measurement & modeling (2),p00586,1,1979,1,4,5,4,6,2,0,59,94,82,23,74,46,44,5,100,92,67,48,37,58,67,100,89,28,70,96,95,85,26,41,69,69,80,76,35,57,70,6,46,100,52,60,87,70,73,0,0
2026-01-21 14:57:15,2026-01-21 15:04:42,0,,100,447,1,2026-01-21 15:04:47,R_YI1DWTCN0CPDSIB,,,,,,,anonymous,EN,Measurement & modeling (2),p00587,2,1939,2,4,3,3,5,2,53,43,68,27,39,84,53,97,51,89,85,56,100,85,60,63,76,85,6,67,94,38,10,56,15,40,47,76,53,42,91,68,41,30,78,35,39,67,100,48,50,66
2026-01-18 13:55:14,2026-01-18 14:09:26,0,,100,852,1,2026-01-18 14:09:31,R_WHOIEALS1Q01LWC,,,,,,,anonymous,EN,Measurement & modeling (2),p00588,1,1990,2,5,2,2,4,2,18,59,22,63,40,16,42,54,68,12,0,36,22,79,19,78,25,25,59,64,54,43,67,90,67,31,57,70,65,23,5,30,62,86,77,48,64,52,47,55,66,24
2026-01-16 14:29:51,2026-01-16 14:36:34,0,,100,403,1,2026-01-16 14:36:39,R_1Q29NXUBVMY2SNL,,,,,,,anonymous,EN,Measurement & modeling (2),p00589,3,1988,2,5,5,1,4,2,13,17,51,35,65,46,75,65,84,63,27,74,35,12,26,11,0,1,55,100,52,72,53,20,80,54,100,57,22,0,28,71,16,0,1,44,2,48,40,51,100,12
2026-01-20 15:30:39,2026-01-20 15:40:17,0,,100,578,1,2026-01-20 15:40:22,R_E6B95QK9J0EBBEK,,,,,,,anonymous,EN,Measurement & modeling (2),p00590,3,1990,4,6,5,1,2,2,38,52,40,39,53,31,49,35,36,0,100,50,48,36,43,87,59,41,59,81,33,49,0,46,18,41,100,31,51,16,100,100,89,40,31,70,97,29,58,27,24,40
2026-01-17 20:37:39,2026-01-17 20:46:32,0,,100,533,1,2026-01-17 20:46:37,R_5WASXTS8XA9028G,,,,,,,anonymous,EN,Measurement & modeling (2),p00591,3,1987,4,5,4,3,10,2,17,74,64,30,88,19,23,59,8,74,53,38,24,79,48,44,73,10,0,45,75,12,69,78,53,10,67,32,83,83,31,19,34,80,75,58,52,89,51,70,62,80
2026-01-17 14:35:43,2026-01-17 14:43:24,0,,100,461,1,2026-01-17 14:43:29,R_SUVH04BAWEW7TLE,,,,,,,anonymous,EN,Measurement & modeling (2),p00592,2,1983,4,4,4,4,7,1,54,0,96,46,44,0,49,67,84,7,28,23,15,46,36,79,100,36,99,87,80,65,0,44,48,74,19,0,75,26,7,38,44,61,60,25,38,33,36,46,36,100
2026-01-17 11:00:36,2026-01-17 11:07:27,0,,100,411,1,2026-01-17 11:07:32,R_TPMXRGW79CLF6ZH,,,,,,,anonymous,EN,Measurement & modeling (2),p00593,2,1965,1,3,2,1,7,2,91,34,3,17,77,50,26,53,43,70,0,24,34,54,0,4,24,14,28,15,35,87,0,75,4,77,34,0,29,0,15,0,65,97,53,56,54,57,54,47,65,34
2026-01-22 07:28:32,2026-01-22 07:43:17,0,,100,885,1,2026-01-22 07:43:22,R_1NYUP8KWK7HZSUG,,,,,,,anonymous,EN,Measurement & modeling (2),p00594,1,1987,5,6,3,4,7,1,30,25,45,63,27,95,56,31,52,47,99,43,70,27,100,51,9,79,31,42,18,57,31,0,60,44,42,86,60,44,76,43,50,14,51,57,69,38,48,21,37,100
2026-01-21 23:37:53,2026-01-21 23:48:17,0,,100,624,1,2026-01-21 23:48:22,R_5VHBJUPZ6N3NLMW,,,,,,,anonymous,EN,Measurement & modeling (2),p00595,3,1985,5,3,5,2,1,2,98,0,9,14,61,0,82,100,9,43,48,50,92,13,9,0,71,69,100,53,62,34,100,99,64,48,30,7,35,64,100,27,89,86,15,86,39,14,45,25,62,81
2026-01-16 08:25:55,2026-01-16 08:39:37,0,,100,822,1,2026-01-16 08:39:42,R_27M879UBW476VYW,,,,,,,anonymous,EN,Measurement & modeling (2),p00596,1,1968,4,4,4,2,0,2,35,57,75,55,67,55,70,41,27,61,67,63,76,58,27,46,43,41,79,51,7,0,81,66,48,20,53,58,60,92,5,0,68,45,21,51,42,37,38,19,77,74
2026-01-21 14:07:39,2026-01-21 14:14:06,0,,100,387,1,2026-01-21 14:14:11,R_Q691YIAAXP40KTK,,,,,,,anonymous,EN,Measurement & modeling (2),p00597,3,2000,2,6,2,2,10,1,92,45,4,38,38,60,35,89,43,66,49,28,81,36,32,26,5,41,58,31,11,78,33,14,62,52,64,34,27,2,0,50,59,32,44,25,68,82,11,1,100,31
2026-01-19 01:53:38,2026-01-19 01:58:38,0,,100,300,1,2026-01-19 01:58:43,R_T3VEX14HMXY51SW,,,,,,,anonymous,EN,Measurement & modeling (2),p00598,2,1968,1,1,3,2,0,1,36,39,43,17,37,19,63,48,0,53,90,75,0,36,55,52,79,88,18,91,46,40,70,67,28,56,54,56,36,71,33,56,43,100,32,96,39,100,0,59,29,63
2026-01-17 08:55:05,2026-01-17 09:02:17,0,,100,432,1,2026-01-17 09:02:22,R_XGEMZSZ788THDJK,,,,,,,anonymous,EN,Measurement & modeling (2),p00599,2,1980,4,6,5,3,0,1,70,57,6,27,27,50,51,22,0,0,68,99,100,23,53,40,27,64,28,73,99,85,64,60,34,63,45,62,14,65,87,4,19,46,50,56,12,48,4,36,31,55
2026-01-21 22:57:18,2026-01-21 23:11:31,0,,100,853,1,2026-01-21 23:11:36,R_QMU88X7M7GSBIMV,,,,,,,anonymous,EN,Measurement & modeling (2),p00600,2,1990,4,2,5,2,8,2,61,33,25,31,65,72,51,76,47,0,49,13,90,11,100,57,100,62,97,20,25,34,46,20,15,43,38,37,85,47,50,87,56,3,0,46,14,63,57,37,100,38
2026-01-22 05:29:06,2026-01-22 05:40:35,0,,100,689,1,2026-01-22 05:40:40,R_5QKA1PNLW6XEMSG,,,,,,,anonymous,EN,Peer-review,p00601,2,1962,3,1,4,2,8,2,93,43,32,47,33,55,64,72,88,5,87,89,60,17,65,33,47,77,10,26,40,42,92,76,61,50,60,51,48,65,70,69,71,83,96,33,65,45,46,81,0,73
2026-01-20 12:37:59,2026-01-20 12:48:46,0,,100,647,1,2026-01-20 12:48:51,R_F2AF8KV6DFC2I0F,,,,,,,anonymous,EN,Peer-review,p00602,1,1968,4,5,2,2,10,2,74,41,43,51,70,60,51,71,55,80,21,51,11,20,9,75,60,100,37,45,28,61,66,90,100,57,92,43,34,47,32,70,41,72,41,26,0,5,66,43,67,30
2026-01-18 04:52:01,2026-01-18 05:06:08,0,,100,847,1,2026-01-18 05:06:13,R_I2F76TJUIACXWBJ,,,,,,,anonymous,EN,Peer-review,p00603,1,1939,3,2,5,4,0,1,45,29,32,29,56,61,22,56,52,13,25,0,46,83,47,22,47,12,29,63,55,45,12,0,43,3,75,32,11,89,47,4,46,49,63,14,46,56,20,28,45,56
2026-01-19 08:47:57,2026-01-19 08:52:07,0,,100,250,1,2026-01-19 08:52:12,R_QPCVR5G8FG9XX74,,,,,,,anonymous,EN,Peer-review,p00604,2,1944,4,5,5,3,0,1,26,29,86,38,73,38,0,25,71,77,92,45,47,77,44,32,47,71,96,33,58,41,31,67,82,51,55,43,55,65,34,24,77,100,41,14,57,63,16,31,67,87
2026-01-21 14:29:57,2026-01-21 14:43:10,0,,100,793,1,2026-01-21 14:43:15,R_3W0NKWQFJR1P69R,,,,,,,anonymous,EN,Peer-review,p00605,2,2006,1,5,4,4,10,2,70,62,15,0,73,56,37,22,65,40,83,42,37,46,25,66,48,37,49,71,62,51,58,36,75,60,33,0,63,81,38,29,100,59,73,35,63,99,10,54,52,18
2026-01-22 01:57:15,2026-01-22 02:03:27,0,,100,372,1,2026-01-22 02:03:32,R_9FB9XWO4SV7JRKE,,,,,,,anonymous,EN,Peer-review,p00606,2,1996,1,4,3,2,1,1,87,41,61,45,53,6,39,59,47,97,15,63,27,36,62,18,45,41,40,75,82,98,62,21,76,88,52,66,100,70,31,51,78,20,89,60,28,95,100,77,73,26
2026-01-19 03:31:43,2026-01-19 03:43:53,0,,100,730,1,2026-01-19 03:43:58,R_ZXVVHVWKNQR6IJR,,,,,,,anonymous,EN,Peer-review,p00607,3,1949,4,6,3,2,9,1,57,76,30,74,42,29,54,56,65,64,80,52,80,13,54,57,83,62,65,69,46,28,66,68,100,47,1,0,68,68,36,69,53,73,82,29,31,19,10,28,3,41
2026-01-18 04:19:25,2026-01-18 04:34:02,0,,100,877,1,2026-01-18 04:34:07,R_4A1BFW0AC6Q9NZL,,,,,,,anonymous,EN,Peer-review,p00608,1,1969,5,3,1,2,4,1,55,57,47,38,55,34,12,100,0,49,64,62,13,20,1,10,96,23,64,75,19,100,2,44,42,76,58,39,14,27,61,78,29,43,21,64,29,39,52,10,56,19
2026-01-19 07:17:33,2026-01-19 07:25:20,0,,100,467,1,2026-01-19 07:25:25,R_1KXH1VPDQT6MNCY,,,,,,,anonymous,EN,Peer-review,p00609,3,1997,5,3,5,4,0,2,94,28,60,100,95,66,24,44,40,1,61,46,91,23,18,5,82,44,74,62,38,60,30,61,17,46,31,61,11,32,18,52,75,27,41,30,64,68,83,42,75,40
2026-01-18 15:42:40,2026-01-18 15:50:30,0,,100,470,1,2026-01-18 15:50:35,R_VSFGOXJ25I48VPQ,,,,,,,anonymous,EN,Peer-review,p00610,3,1958,3,3,3,4,9,2,43,100,61,100,64,51,63,22,17,36,66,47,30,67,60,0,25,24,38,99,25,88,40,83,100,6,58,69,38,49,37,34,52,17,32,4,44,15,30,19,45,56
2026-01-20 08:59:34,2026-01-20 09:02:59,0,,100,205,1,2026-01-20 09:03:04,R_191OH3ULAH4PE6B,,,,,,,anonymous,EN,Peer-review,p00611,1,1993,3,1,5,4,7,2,52,49,74,42,41,81,0,20,79,69,65,25,94,22,41,0,47,27,60,19,65,84,58,62,28,12,27,51,55,17,52,100,57,59,66,62,89,0,54,53,79,50
2026-01-19 14:23:57,2026-01-19 14:32:28,0,,100,511,1,2026-01-19 14:32:33,R_GFWXHYLCWDS4HWG,,,,,,,anonymous,EN,Peer-review,p00612,3,1990,5,3,3,2,0,1,39,53,40,0,69,15,51,45,43,60,13,78,71,40,32,38,7,85,68,96,55,22,66,89,60,22,41,20,51,35,30,39,42,18,7,55,47,37,98,30,100,91
2026-01-21 03:00:40,2026-01-21 03:06:41,0,,100,361,1,2026-01-21 03:06:46,R_BJ0UOMPRSW4LPOV,,,,,,,anonymous,EN,Peer-review,p00613,3,1998,5,3,5,4,3,2,63,87,25,57,1,38,60,34,89,96,85,51,44,8,57,88,44,67,11,11,91,59,45,45,83,53,36,73,55,30,29,100,67,92,79,35,23,66,79,50,92,64
2026-01-17 20:39:10,2026-01-17 20:47:43,0,,100,513,1,2026-01-17 20:47:48,R_X7Y2TPERL853POX,,,,,,,anonymous,EN,Peer-review,p00614,3,1986,4,1,1,1,10,1,67,48,24,68,72,46,41,44,30,75,43,50,99,58,69,58,0,39,52,0,76,34,10,100,35,77,62,46,72,50,100,30,33,70,41,70,63,66,88,44,42,26
2026-01-16 02:37:47,2026-01-16 02:49:40,0,,100,713,1,2026-01-16 02:49:45,R_8UKZC9BDV52TT4P,,,,,,,anonymous,EN,Peer-review,p00615,2,1937,3,1,1,3,1,2,83,14,6,75,37,76,97,0,19,0,40,82,48,18,38,8,90,11,82,39,24,9,74,62,39,52,15,54,59,17,42,18,60,41,35,47,92,77,71,33,10,0
2026-01-17 13:17:48,2026-01-17 13:29:18,0,,100,690,1,2026-01-17 13:29:23,R_2K1GRJTCAXYNKPR,,,,,,,anonymous,EN,Peer-review,p00616,3,1965,5,6,4,2,3,2,41,42,71,57,79,6,54,65,62,62,35,40,14,20,100,38,73,33,55,83,27,85,100,38,22,0,74,22,45,43,10,49,52,81,32,25,81,42,74,67,55,29
2026-01-18 20:52:45,2026-01-18 21:04:21,0,,100,696,1,2026-01-18 21:04:26,R_1XDQI15QJA09BY0,,,,,,,anonymous,EN,Peer-review,p00617,3,1946,5,3,5,2,3,2,93,77,48,83,64,97,82,73,0,29,40,8,21,32,83,17,33,38,37,71,64,66,36,73,64,35,28,7,36,27,45,59,64,65,7,7,59,34,59,21,44,54
2026-01-20 00:15:28,2026-01-20 00:22:44,0,,100,436,1,2026-01-20 00:22:49,R_C3DAZ6RSY6HQYCH,,,,,,,anonymous,EN,Peer-review,p00618,3,1998,2,3,3,1,0,2,35,58,78,29,84,67,29,43,29,49,47,33,57,63,80,32,72,16,44,100,65,19,0,17,32,88,49,62,0,67,32,100,30,50,65,37,73,40,73,51,32,62
2026-01-17 16:28:14,2026-01-17 16:35:29,0,,100,435,1,2026-01-17 16:35:34,R_AQE41UHH6G8GHMC,,,,,,,anonymous,EN,Peer-review,p00619,2,1954,2,5,5,1,10,2,26,44,10,49,59,67,68,97,0,34,93,60,27,20,27,22,45,98,42,0,9,100,45,23,72,26,41,59,44,0,29,70,61,35,13,45,84,69,35,41,54,80
2026-01-16 14:42:41,2026-01-16 14:51:14,0,,100,513,1,2026-01-16 14:51:19,R_H6J7HLTG9ZK5WOB,,,,,,,anonymous,EN,Peer-review,p00620,3,1970,5,4,3,1,5,2,25,29,63,15,48,63,9,51,40,59,0,56,19,45,79,68,71,57,66,48,32,70,70,56,36,22,7,51,0,41,100,67,54,32,33,31,64,83,25,7,80,36
2026-01-17 16:31:26,2026-01-17 16:45:20,0,,100,834,1,2026-01-17 16:45:25,R_BOT5WRZ375ABYXZ,,,,,,,anonymous,EN,Peer-review,p00621,1,1963,5,6,4,2,2,2,83,83,64,83,43,73,71,33,45,30,89,58,0,93,62,6,87,68,59,34,38,46,57,42,80,54,91,17,47,63,18,29,82,100,100,35,70,55,57,73,81,100
2026-01-18 01:25:50,2026-01-18 01:33:09,0,,100,439,1,2026-01-18 01:33:14,R_7UMPDLS2ASZZ7V2,,,,,,,anonymous,EN,Peer-review,p00622,1,2001,5,1,1,1,9,2,28,49,64,71,54,22,42,58,38,87,55,50,0,61,69,92,62,32,26,55,40,65,26,52,34,44,58,10,64,30,5,46,79,32,68,46,16,84,66,71,79,65
2026-01-22 02:22:29,2026-01-22 02:36:21,0,,100,832,1,2026-01-22 02:36:26,R_VM0QRIMT3VYBRQU,,,,,,,anonymous,EN,Peer-review,p00623,2,1984,5,1,3,2,0,2,73,77,25,75,98,64,43,81,42,47,48,13,29,70,34,55,45,84,22,60,11,30,0,37,0,15,8,56,24,42,0,100,61,30,46,75,67,12,53,79,78,58
2026-01-17 15:19:39,2026-01-17 15:33:56,0,,100,857,1,2026-01-17 15:34:01,R_BU6UU5D2MTCK658,,,,,,,anonymous,EN,Peer-review,p00624,1,1967,5,6,3,4,2,2,80,38,35,50,43,47,18,94,66,35,52,45,0,62,24,28,48,47,22,75,26,74,7,69,48,0,39,0,38,36,88,80,63,64,21,0,28,62,16,46,81,13
2026-01-17 14:27:59,2026-01-17 14:35:27,0,,100,448,1,2026-01-17 14:35:32,R_SN5D7ZOENU2NFFG,,,,,,,anonymous,EN,Peer-review,p00625,1,1963,4,5,5,3,2,2,13,49,61,29,27,75,0,100,18,95,60,53,77,49,71,49,100,63,59,31,42,37,7,21,0,32,76,41,16,24,41,90,13,68,62,87,67,52,81,100,36,98
2026-01-20 12:58:28,2026-01-20 13:10:52,0,,100,744,1,2026-01-20 13:10:57,R_01VX38ZYYJ2N92W,,,,,,,anonymous,EN,Peer-review,p00626,1,1977,1,6,1,4,1,1,62,65,87,67,95,29,66,68,28,30,17,73,29,85,71,35,36,0,58,37,34,34,13,45,34,65,88,90,19,38,0,62,18,40,14,79,44,0,100,58,32,87
2026-01-22 04:05:09,2026-01-22 04:14:11,0,,100,542,1,2026-01-22 04:14:16,R_1H9RSM56077VUGV,,,,,,,anonymous,EN,Peer-review,p00627,3,1990,3,5,1,3,7,2,50,79,96,72,65,45,56,92,28,62,24,66,48,52,49,39,81,60,55,0,17,71,49,74,22,84,20,0,77,68,23,33,48,70,49,18,62,62,68,62,96,0
2026-01-20 02:17:21,2026-01-20 02:28:56,0,,100,695,1,2026-01-20 02:29:01,R_BDDFYFQZ0LJ9SY5,,,,,,,anonymous,EN,Peer-review,p00628,1,1995,3,1,3,1,2,2,0,90,82,35,34,22,67,49,20,68,16,56,78,67,44,96,68,5,62,5,34,72,28,19,76,55,26,38,8,95,100,23,42,78,100,28,99,75,83,38,25,32
2026-01-17 04:30:41,2026-01-17 04:37:50,0,,100,429,1,2026-01-17 04:37:55,R_QP41ZSFFT718ZIU,,,,,,,anonymous,EN,Peer-review,p00629,3,1961,3,5,1,4,6,2,53,61,64,0,87,11,25,60,0,19,67,58,23,21,55,23,62,0,32,29,63,62,46,17,18,45,23,29,52,92,21,70,28,0,25,48,89,43,0,21,16,24
2026-01-16 19:23:30,2026-01-16 19:34:34,0,,100,664,1,2026-01-16 19:34:39,R_EI71HZPQAURTM9J,,,,,,,anonymous,EN,Peer-review,p00630,3,2006,2,1,5,4,1,2,35,78,70,22,100,100,68,82,47,36,28,50,57,70,14,72,56,15,77,33,52,90,20,25,53,100,89,50,15,21,96,45,58,100,18,59,47,54,16,60,48,40
2026-01-19 18:24:34,2026-01-19 18:30:29,0,,100,355,1,2026-01-19 18:30:34,R_D76LE1CFMH3WZAD,,,,,,,anonymous,EN,Peer-review,p00631,2,2000,3,4,5,3,0,1,11,81,54,19,81,33,2,6,11,30,66,54,73,55,4,99,13,70,54,0,46,45,51,39,89,39,62,40,38,25,40,100,94,48,65,54,51,76,7,65,94,65
2026-01-21 17:41:49,2026-01-21 17:51:47,0,,100,598,1,2026-01-21 17:51:52,R_EAQ2ZPU1TIFK1OF,,,,,,,anonymous,EN,Peer-review,p00632,3,1941,4,5,2,4,10,2,52,19,82,36,64,93,8,56,65,56,47,35,40,0,79,17,18,88,60,69,48,20,61,7,23,100,35,69,40,34,31,26,46,79,58,63,74,11,51,34,54,31
2026-01-16 17:26:31,2026-01-16 17:34:51,0,,100,500,1,2026-01-16 17:34:56,R_XA6LW2JTLW2M8FS,,,,,,,anonymous,EN,Peer-review,p00633,2,1993,1,5,1,1,1,2,55,53,56,40,37,65,100,39,46,75,42,62,62,86,71,30,55,17,93,49,34,40,61,18,32,89,33,6,80,69,42,53,72,69,5,46,31,62,80,50,29,28
2026-01-21 20:08:54,2026-01-21 20:22:18,0,,100,804,1,2026-01-21 20:22:23,R_4GPULZX1PQGA41J,,,,,,,anonymous,EN,Peer-review,p00634,3,1963,5,5,4,4,8,2,82,48,87,91,42,84,29,37,41,55,30,41,46,57,46,21,0,26,55,47,46,49,53,58,30,14,0,20,44,89,56,33,41,36,58,74,15,43,68,70,50,100
2026-01-21 21:30:48,2026-01-21 21:43:55,0,,100,787,1,2026-01-21 21:44:00,R_ABOYPD4ARWP7MQO,,,,,,,anonymous,EN,Peer-review,p00635,3,1975,5,1,5,3,6,2,79,56,48,60,52,82,74,17,55,0,0,39,52,100,72,38,54,66,88,50,42,21,68,14,70,30,47,43,80,73,85,42,22,40,84,22,26,20,49,77,66,33
2026-01-21 04:05:49,2026-01-21 04:16:47,0,,100,658,1,2026-01-21 04:16:52,R_HOJTP9UOSXN32NF,,,,,,,anonymous,EN,Peer-review,p00636,3,1944,5,3,2,4,10,1,16,71,48,26,93,59,17,61,30,28,40,57,50,78,87,68,72,56,87,54,33,85,43,23,80,32,68,42,67,100,22,41,36,11,36,73,33,54,57,50,32,74
2026-01-19 15:59:19,2026-01-19 16:06:31,0,,100,432,1,2026-01-19 16:06:36,R_ZCNRGMR0PW8Q023,,,,,,,anonymous,EN,Peer-review,p00637,1,1945,5,5,1,4,4,2,19,78,94,83,18,28,19,7,59,88,84,72,38,63,20,60,12,5,83,44,79,60,37,49,41,62,44,32,52,27,77,83,55,74,29,30,56,82,28,46,42,54
2026-01-22 03:37:35,2026-01-22 03:44:07,0,,100,392,1,2026-01-22 03:44:12,R_TUS5M4MXWXXDDFA,,,,,,,anonymous,EN,Peer-review,p00638,1,1947,3,5,5,2,5,1,89,40,28,48,43,41,85,67,68,4,0,23,32,43,58,21,13,58,46,61,57,0,63,55,33,41,29,38,40,5,70,63,17,59,56,42,72,46,41,83,45,81
2026-01-19 05:34:05,2026-01-19 05:39:37,0,,100,332,1,2026-01-19 05:39:42,R_TEDW4GBAU9E1AG3,,,,,,,anonymous,EN,Peer-review,p00639,1,1966,1,6,1,3,10,1,56,39,3,31,25,56,19,63,53,65,66,100,39,66,15,34,48,97,44,57,92,27,43,100,62,91,54,12,23,100,58,44,48,21,54,59,27,31,68,42,30,33
2026-01-21 14:53:36,2026-01-21 15:05:40,0,,100,724,1,2026-01-21 15:05:45,R_QR95PLY2DBPOZ8W,,,,,,,anonymous,EN,Peer-review,p00640,3,1998,4,3,5,3,8,2,41,64,68,51,45,53,60,40,48,58,91,100,65,90,91,70,58,31,64,78,7,41,33,60,30,85,73,100,47,40,35,93,69,49,50,14,71,70,45,80,55,44
2026-01-17 18:33:03,2026-01-17 18:47:31,0,,100,868,1,2026-01-17 18:47:36,R_T3M4M4RZGG07K3D,,,,,,,anonymous,EN,Peer-review,p00641,1,1968,4,6,2,1,0,2,55,8,44,49,17,11,38,88,100,40,62,34,71,68,67,56,0,11,57,46,32,81,27,74,74,26,20,40,36,18,63,44,22,37,15,43,28,76,23,22,56,43
2026-01-22 03:04:39,2026-01-22 03:10:07,0,,100,328,1,2026-01-22 03:10:12,R_CG2MARSV1HEOXVE,,,,,,,anonymous,EN,Peer-review,p00642,2,1992,1,3,4,3,8,2,72,28,96,39,83,34,8,16,45,13,100,44,99,70,84,84,6,65,33,4,38,78,79,95,42,0,16,9,47,54,9,45,71,87,54,9,66,42,40,26,61,64
2026-01-20 04:41:11,2026-01-20 04:48:12,0,,100,421,1,2026-01-20 04:48:17,R_WXO8GR5XY5VITFO,,,,,,,anonymous,EN,Peer-review,p00643,1,1940,1,5,3,4,0,2,62,50,31,40,37,32,51,32,40,51,54,54,17,17,54,40,82,76,44,72,62,50,59,27,0,100,81,18,0,43,34,46,23,65,81,0,66,49,37,63,46,75
2026-01-15 17:01:36,2026-01-15 17:10:39,0,,100,543,1,2026-01-15 17:10:44,R_89H3IZVWUKI78A4,,,,,,,anonymous,EN,Peer-review,p00644,3,1972,5,6,4,3,9,2,12,35,45,83,76,76,27,35,48,55,52,44,70,31,38,38,18,60,100,61,14,100,89,0,61,32,0,72,46,64,47,66,48,73,87,20,86,75,28,60,58,67
2026-01-18 23:28:08,2026-01-18 23:31:52,0,,100,224,1,2026-01-18 23:31:57,R_P1Y3AQ02STIW6SA,,,,,,,anonymous,EN,Peer-review,p00645,2,1974,1,2,1,3,7,1,37,60,86,94,100,9,72,76,41,87,63,52,84,53,63,41,95,0,41,63,74,58,60,67,54,63,61,11,52,57,48,46,19,48,40,100,28,46,36,80,63,0
2026-01-17 06:42:41,2026-01-17 06:51:11,0,,100,510,1,2026-01-17 06:51:16,R_M2F8M4IKJCCF15D,,,,,,,anonymous,EN,Peer-review,p00646,2,1970,5,4,2,4,7,2,43,57,79,61,39,94,0,33,84,68,20,37,21,21,58,69,49,40,54,63,26,57,68,20,73,63,62,100,39,100,31,80,40,90,43,57,85,19,43,76,60,49
2026-01-19 19:18:32,2026-01-19 19:21:41,0,,100,189,1,2026-01-19 19:21:46,R_W1L0UX03HJOL43T,,,,,,,anonymous,EN,Peer-review,p00647,3,1963,1,3,5,1,1,2,46,46,58,79,67,61,57,26,17,50,69,18,67,42,36,54,60,9,0,35,84,27,68,80,96,70,64,25,28,53,51,0,3,41,21,39,43,22,43,42,62,84
2026-01-15 12:04:39,2026-01-15 12:09:08,0,,100,269,1,2026-01-15 12:09:13,R_MWDV7EIX8V0ZI09,,,,,,,anonymous,EN,Peer-review,p00648,1,1981,1,3,1,1,8,2,9,58,34,51,25,51,49,32,100,75,67,38,56,40,35,47,63,40,44,28,25,100,50,48,32,22,77,41,91,20,22,12,9,17,32,64,49,63,53,28,34,79
2026-01-17 20:33:44,2026-01-17 20:40:49,0,,100,425,1,2026-01-17 20:40:54,R_0P4DVFMOVT02L0S,,,,,,,anonymous,EN,Peer-review,p00649,3,1989,5,5,5,4,1,2,77,18,91,90,83,0,64,34,5,76,25,32,30,61,64,55,78,46,89,33,35,54,16,61,72,5,44,50,71,41,67,62,16,59,50,100,24,43,0,14,27,78
2026-01-21 01:50:24,2026-01-21 01:58:20,0,,100,476,1,2026-01-21 01:58:25,R_DBL3A1Q5W62EXW7,,,,,,,anonymous,EN,Peer-review,p00650,3,1972,4,6,3,4,9,2,57,66,23,40,50,57,31,59,19,100,40,51,50,0,2,28,74,39,83,97,47,0,20,53,36,66,65,34,100,57,53,50,35,73,52,13,70,52,100,0,67,51
2026-01-21 11:16:07,2026-01-21 11:26:39,0,,100,632,1,2026-01-21 11:26:44,R_6FLZSKHUT5Z63DT,,,,,,,anonymous,EN,Peer-review,p00651,2,1976,4,4,2,3,2,2,55,72,69,67,43,33,19,0,82,50,71,49,38,82,85,79,81,38,70,29,21,55,17,94,73,31,50,23,87,45,73,13,37,100,16,42,24,28,12,73,55,24
2026-01-15 19:57:50,2026-01-15 20:09:12,0,,100,682,1,2026-01-15 20:09:17,R_UEPOU58J02QVVXH,,,,,,,anonymous,EN,Peer-review,p00652,1,1987,3,4,3,2,5,2,72,89,51,11,38,70,30,31,11,76,29,0,45,51,63,62,49,75,12,52,25,51,39,58,1,57,0,81,49,42,28,89,25,58,89,67,55,76,24,44,21,86
2026-01-15 22:39:06,2026-01-15 22:43:22,0,,100,256,1,2026-01-15 22:43:27,R_LGP5VYGCP2I9ADI,,,,,,,anonymous,EN,Peer-review,p00653,2,1960,2,5,1,2,3,2,25,28,61,0,69,66,55,82,0,42,27,97,51,57,73,39,42,99,83,86,35,30,59,97,33,65,0,100,26,6,33,29,51,4,29,37,57,30,32,85,19,48
2026-01-17 00:02:14,2026-01-17 00:09:06,0,,100,412,1,2026-01-17 00:09:11,R_W5UYKF5ESCE2PJ2,,,,,,,anonymous,EN,Peer-review,p00654,3,1959,5,2,3,1,3,2,9,82,51,30,45,49,42,24,77,78,85,93,29,16,37,41,20,36,49,32,58,32,51,60,56,23,23,70,38,10,35,69,40,69,0,16,37,36,72,59,85,56
2026-01-15 20:02:29,2026-01-15 20:06:49,0,,100,260,1,2026-01-15 20:06:54,R_JV8HHS3OZG2XXT6,,,,,,,anonymous,EN,Peer-review,p00655,3,1970,3,1,2,1,10,2,39,52,56,22,84,61,53,7,14,80,92,71,58,34,84,32,19,31,66,29,23,60,82,65,28,79,60,9,28,41,29,57,50,38,25,71,46,44,0,98,6,0
2026-01-15 11:30:02,2026-01-15 11:43:33,0,,100,811,1,2026-01-15 11:43:38,R_K1VQSAKWMMSA1Y8,,,,,,,anonymous,EN,Peer-review,p00656,3,1965,5,1,5,4,1,2,0,30,57,60,30,55,67,6,91,19,76,58,82,3,46,19,6,86,26,74,36,46,34,41,41,79,85,41,48,43,26,17,66,0,0,0,39,32,39,14,66,39
2026-01-20 03:53:54,2026-01-20 04:04:58,0,,100,664,1,2026-01-20 04:05:03,R_ENVXO2A3OM7D9HJ,,,,,,,anonymous,EN,Peer-review,p00657,3,1941,4,1,2,4,3,2,74,26,65,15,75,26,58,0,66,29,21,74,0,68,41,68,19,27,8,12,63,96,45,21,42,0,33,91,82,31,33,20,100,35,65,33,50,28,58,32,54,0
2026-01-19 05:39:20,2026-01-19 05:49:44,0,,100,624,1,2026-01-19 05:49:49,R_93Z4D61Y1V1TS5M,,,,,,,anonymous,EN,Peer-review,p00658,2,1976,4,4,4,4,10,1,50,14,68,61,42,53,46,93,43,85,98,33,35,32,100,72,78,64,14,42,49,61,60,69,32,79,40,17,46,35,67,77,86,44,47,13,52,0,51,64,20,73
2026-01-19 07:35:10,2026-01-19 07:39:04,0,,100,234,1,2026-01-19 07:39:09,R_ZQ8MN4D6TL0BZB4,,,,,,,anonymous,EN,Peer-review,p00659,2,1966,4,4,5,1,5,2,59,74,94,54,87,29,47,98,64,60,44,69,50,89,12,88,18,42,49,61,68,69,7,74,80,75,100,100,38,48,60,61,91,97,67,58,95,14,32,0,27,96
2026-01-21 05:31:31,2026-01-21 05:42:59,0,,100,688,1,2026-01-21 05:43:04,R_TFM10OOJV5WNOU4,,,,,,,anonymous,EN,Peer-review,p00660,3,1987,5,6,4,2,8,2,21,91,71,67,31,33,0,61,37,80,56,49,74,31,100,32,100,55,36,70,28,73,100,53,80,81,61,29,65,49,49,27,5,57,51,66,48,39,20,32,20,3
2026-01-19 03:24:49,2026-01-19 03:30:08,0,,100,319,1,2026-01-19 03:30:13,R_6KRL4NVLMN6GZD0,,,,,,,anonymous,EN,Scientist community helpers,p00661,1,1991,4,1,1,3,3,1,4,79,39,98,46,60,14,32,10,40,46,67,89,46,80,2,11,64,61,62,62,31,31,0,1,68,37,78,28,49,62,22,41,34,83,5,35,62,0,20,91,60
2026-01-16 15:58:27,2026-01-16 16:10:54,0,,100,747,1,2026-01-16 16:10:59,R_XZWOEGP8J3T7T0G,,,,,,,anonymous,EN,Scientist community helpers,p00662,2,1994,4,1,4,4,5,2,17,0,0,60,25,20,62,88,14,35,63,40,67,60,24,67,37,34,38,68,100,46,30,45,54,0,42,52,56,81,6,34,46,10,54,75,65,62,36,20,0,24
2026-01-17 15:03:42,2026-01-17 15:16:00,0,,100,738,1,2026-01-17 15:16:05,R_NSDFLKDIKXEPDUT,,,,,,,anonymous,EN,Scientist community helpers,p00663,1,1950,1,6,4,4,9,2,0,31,58,67,89,73,40,33,34,79,66,45,69,59,54,61,43,40,63,9,69,40,72,45,38,28,88,50,14,49,39,26,7,66,100,80,63,70,50,53,70,49
2026-01-17 16:39:12,2026-01-17 16:46:09,0,,100,417,1,2026-01-17 16:46:14,R_BG3JEH032WPXDIQ,,,,,,,anonymous,EN,Scientist community helpers,p00664,2,1954,2,2,5,3,1,2,47,45,56,62,65,100,53,81,30,53,84,49,1,28,64,37,56,100,71,40,96,42,0,57,87,16,51,75,42,6,31,19,70,39,17,9,71,92,40,65,2,40
2026-01-18 22:56:20,2026-01-18 22:59:33,0,,100,193,1,2026-01-18 22:59:38,R_X8C6FNK9DYN8Q25,,,,,,,anonymous,EN,Scientist community helpers,p00665,3,1955,5,5,5,3,1,2,91,51,16,40,83,43,18,86,14,96,45,23,53,45,8,0,31,0,1,81,48,27,50,100,24,20,58,44,66,64,67,15,51,72,0,26,77,0,97,50,52,66
2026-01-21 03:08:44,2026-01-21 03:13:22,0,,100,278,1,2026-01-21 03:13:27,R_7TL07XXGAUS8XSK,,,,,,,anonymous,EN,Scientist community helpers,p00666,2,1978,2,6,5,4,3,2,32,99,78,15,48,27,12,87,45,75,48,100,78,54,64,51,56,0,56,44,28,26,47,4,38,33,19,88,100,33,30,58,29,41,51,75,54,31,56,0,33,83
2026-01-18 23:11:45,2026-01-18 23:16:25,0,,100,280,1,2026-01-18 23:16:30,R_8T9RPUVPUNV6UKT,,,,,,,anonymous,EN,Scientist community helpers,p00667,1,2006,3,4,1,1,3,1,11,82,75,38,58,64,56,66,66,57,74,93,59,38,41,2,86,44,41,44,54,9,65,37,55,61,18,0,53,39,87,44,100,23,24,52,25,66,18,79,42,63
2026-01-17 12:54:43,2026-01-17 13:08:32,0,,100,829,1,2026-01-17 13:08:37,R_VO2K08CIOZ7TXCV,,,,,,,anonymous,EN,Scientist community helpers,p00668,2,1973,4,2,2,4,1,1,55,24,99,44,86,63,7,43,12,17,23,31,48,50,0,38,55,52,35,0,77,26,29,99,2,60,69,77,56,72,55,44,100,97,52,25,33,56,35,68,40,60
2026-01-18 06:57:34,2026-01-18 07:11:09,0,,100,815,1,2026-01-18 07:11:14,R_O9JR74C7275S41Y,,,,,,,anonymous,EN,Scientist community helpers,p00669,2,1961,3,2,2,1,9,2,70,13,41,31,8,79,3,20,77,74,34,36,29,11,73,57,0,36,47,16,47,73,48,62,68,0,71,18,32,72,17,75,10,54,41,20,44,50,61,60,82,66
2026-01-21 07:10:26,2026-01-21 07:16:04,0,,100,338,1,2026-01-21 07:16:09,R_CG1PY4BF7O1DB7N,,,,,,,anonymous,EN,Scientist community helpers,p00670,1,1981,3,2,3,1,10,2,35,7,93,65,48,61,76,100,32,44,92,88,100,50,69,58,76,45,19,0,90,65,60,3,50,57,65,72,11,62,91,69,78,100,78,89,46,71,40,72,69,16
2026-01-18 04:06:16,2026-01-18 04:12:02,0,,100,346,1,2026-01-18 04:12:07,R_DBP4CJEXYAYMD2F,,,,,,,anonymous,EN,Scientist community helpers,p00671,3,1947,5,4,5,4,6,2,36,52,52,68,70,17,64,98,32,50,43,66,81,33,40,96,100,90,6,73,62,11,17,43,47,62,79,100,69,65,57,0,98,79,32,38,56,23,48,88,65,80
2026-01-17 19:42:20,2026-01-17 19:53:13,0,,100,653,1,2026-01-17 19:53:18,R_AKQYN6ADRV1RUI6,,,,,,,anonymous,EN,Scientist community helpers,p00672,3,2000,1,4,5,1,8,1,100,38,59,52,100,38,55,50,53,40,83,48,74,53,8,79,100,80,54,59,69,57,61,49,93,77,58,34,76,54,63,25,19,61,37,18,28,100,47,46,51,40
2026-01-17 07:02:26,2026-01-17 07:07:55,0,,100,329,1,2026-01-17 07:08:00,R_HZ5QSF0ORRG3OEA,,,,,,,anonymous,EN,Scientist community helpers,p00673,3,1994,3,1,1,3,8,2,67,89,74,65,100,38,58,78,42,64,67,73,15,27,33,43,19,26,77,63,65,68,78,73,48,35,49,76,60,26,74,55,49,79,38,90,62,61,17,42,38,80
2026-01-20 17:42:28,2026-01-20 17:51:06,0,,100,518,1,2026-01-20 17:51:11,R_327K59V2N3G70XR,,,,,,,anonymous,EN,Scientist community helpers,p00674,2,1982,2,2,3,1,8,2,94,19,89,27,71,38,50,61,69,57,30,63,61,34,47,39,30,75,54,24,61,100,48,48,71,45,59,40,34,61,83,23,78,38,65,90,48,32,44,46,17,61
2026-01-17 05:07:09,2026-01-17 05:20:59,0,,100,830,1,2026-01-17 05:21:04,R_D7R9QA4CUOR43TE,,,,,,,anonymous,EN,Scientist community helpers,p00675,2,1975,3,4,3,3,4,2,100,95,37,99,45,26,20,0,0,43,16,63,71,62,70,87,0,39,56,56,47,63,74,42,59,8,77,0,62,79,73,57,72,45,51,20,55,70,55,56,11,47
2026-01-16 11:19:44,2026-01-16 11:29:25,0,,100,581,1,2026-01-16 11:29:30,R_LGIP428QHZQNUWN,,,,,,,anonymous,EN,Scientist community helpers,p00676,2,1969,5,5,2,2,10,2,47,66,4,86,40,73,65,28,58,60,19,0,25,60,53,47,86,42,83,46,52,6,16,34,47,0,22,71,18,77,30,60,41,100,16,0,52,18,49,47,27,79
2026-01-15 10:48:01,2026-01-15 10:53:35,0,,100,334,1,2026-01-15 10:53:40,R_HDELFS8WM96M1LP,,,,,,,anonymous,EN,Scientist community helpers,p00677,1,1957,3,1,5,2,7,2,0,35,69,80,60,74,37,65,49,73,16,33,0,61,83,76,54,52,48,36,46,17,43,15,67,12,15,15,55,81,32,26,28,58,58,11,65,64,88,4,73,63
2026-01-18 01:27:34,2026-01-18 01:40:36,0,,100,782,1,2026-01-18 01:40:41,R_KNQJQAMNAMHNMNY,,,,,,,anonymous,EN,Scientist community helpers,p00678,1,1970,2,1,3,4,3,2,0,44,8,87,0,76,89,41,55,0,49,11,34,46,19,76,78,63,63,96,54,54,40,94,76,0,26,36,59,100,26,53,23,56,32,84,25,85,54,98,24,65
2026-01-22 05:19:41,2026-01-22 05:34:26,0,,100,885,1,2026-01-22 05:34:31,R_NSG44EECSW08E4X,,,,,,,anonymous,EN,Scientist community helpers,p00679,3,1972,3,2,1,2,10,2,81,36,17,43,16,70,63,80,61,0,59,35,49,84,52,50,52,13,68,74,44,91,63,49,28,100,44,76,63,65,41,26,29,73,42,56,71,91,17,45,44,70
2026-01-16 03:19:48,2026-01-16 03:23:43,0,,100,235,1,2026-01-16 03:23:48,R_IQL7Y22M56I3YUM,,,,,,,anonymous,EN,Scientist community helpers,p00680,3,1994,1,4,1,1,10,2,100,59,56,52,95,100,0,81,45,61,89,33,77,53,13,34,25,66,51,77,19,20,100,63,80,26,63,90,61,22,34,53,0,25,100,75,33,28,46,30,14,48
2026-01-15 13:07:42,2026-01-15 13:19:00,0,,100,678,1,2026-01-15 13:19:05,R_BX89K6J2Z2JEAID,,,,,,,anonymous,EN,Scientist community helpers,p00681,1,1984,3,6,3,2,9,2,0,82,48,20,11,47,50,1,0,26,46,51,74,36,100,61,100,35,68,95,100,28,42,51,35,43,72,25,100,79,35,67,50,0,63,58,0,56,72,71,63,100
2026-01-20 18:42:57,2026-01-20 18:47:14,0,,100,257,1,2026-01-20 18:47:19,R_Z6N5HDSXBRLL6AP,,,,,,,anonymous,EN,Scientist community helpers,p00682,3,2005,2,3,3,3,8,2,29,15,67,3,42,73,50,66,17,28,74,44,63,100,23,100,12,28,66,92,0,0,8,93,37,40,65,53,57,95,72,83,20,86,42,0,61,90,41,30,58,43
2026-01-21 21:17:37,2026-01-21 21:26:05,0,,100,508,1,2026-01-21 21:26:10,R_Q9ZIO6U4HUXE8JF,,,,,,,anonymous,EN,Scientist community helpers,p00683,3,1981,5,5,4,2,3,2,42,75,39,65,64,89,0,21,55,34,77,56,38,70,6,21,84,41,29,56,48,7,38,70,0,14,0,69,48,50,26,33,13,27,48,100,22,41,47,35,43,86
2026-01-19 11:34:59,2026-01-19 11:41:37,0,,100,398,1,2026-01-19 11:41:42,R_1Z5I09AA0RX0NAJ,,,,,,,anonymous,EN,Scientist community helpers,p00684,1,1943,2,4,3,3,9,2,39,48,19,36,90,92,97,32,56,57,25,29,79,97,56,60,83,18,53,35,68,32,76,47,60,43,27,29,57,13,74,59,32,65,32,33,55,30,10,57,40,59
2026-01-20 22:43:50,2026-01-20 22:55:25,0,,100,695,1,2026-01-20 22:55:30,R_P315YI1FNWJEDBA,,,,,,,anonymous,EN,Scientist community helpers,p00685,2,1976,2,6,1,1,10,2,54,61,100,16,20,98,86,61,11,48,29,24,69,41,39,75,61,89,71,43,58,78,52,32,62,2,77,33,39,61,21,68,57,31,56,68,59,64,81,33,82,58
2026-01-17 09:14:33,2026-01-17 09:24:12,0,,100,579,1,2026-01-17 09:24:17,R_UXC7WVCLH70G6Y9,,,,,,,anonymous,EN,Scientist community helpers,p00686,3,1975,5,4,4,3,1,2,44,34,62,58,19,40,46,44,35,35,0,0,83,39,14,0,39,69,74,34,33,67,100,36,53,41,76,82,60,86,62,44,82,99,99,53,45,61,38,27,31,18
2026-01-15 15:48:41,2026-01-15 15:51:58,0,,100,197,1,2026-01-15 15:52:03,R_GKVRNJ6B5R0I0KA,,,,,,,anonymous,EN,Scientist community helpers,p00687,1,1971,4,3,1,3,1,2,30,30,34,52,61,40,72,19,54,40,100,62,79,18,61,69,60,77,36,11,100,23,71,94,24,48,83,37,37,33,12,56,46,30,100,100,77,72,67,56,54,91
2026-01-17 13:41:52,2026-01-17 13:46:08,0,,100,256,1,2026-01-17 13:46:13,R_8WSXUS74UY0JEU6,,,,,,,anonymous,EN,Scientist community helpers,p00688,3,1940,1,1,4,4,3,1,68,9,22,63,29,68,57,76,34,15,93,100,39,48,42,59,85,72,63,69,29,70,43,76,100,32,31,4,56,100,80,90,26,44,56,35,70,64,61,52,2,53
2026-01-18 18:27:34,2026-01-18 18:41:58,0,,100,864,1,2026-01-18 18:42:03,R_DCDEB25052B4VS2,,,,,,,anonymous,EN,Scientist community helpers,p00689,3,1949,2,5,2,1,2,2,95,43,21,67,72,29,56,57,83,100,31,7,36,87,100,91,47,100,54,97,49,68,23,100,59,76,58,33,100,31,48,9,61,41,49,39,25,58,56,24,66,63
2026-01-15 23:48:08,2026-01-15 23:53:33,0,,100,325,1,2026-01-15 23:53:38,R_CNRZC6PFPUL2ZT5,,,,,,,anonymous,EN,Scientist community helpers,p00690,2,1946,4,6,4,2,1,2,53,0,40,39,37,44,94,49,32,83,23,39,68,54,37,27,72,79,75,0,71,78,68,21,42,64,67,13,80,57,53,39,82,43,63,78,99,23,25,79,68,55
2026-01-19 02:37:05,2026-01-19 02:44:32,0,,100,447,1,2026-01-19 02:44:37,R_5Q9KR48W7PFHN1U,,,,,,,anonymous,EN,Scientist community helpers,p00691,2,1992,3,3,2,2,4,1,52,61,92,0,85,44,81,78,100,5,24,56,54,71,16,75,88,44,64,81,69,62,74,0,42,53,23,46,28,28,31,0,48,32,46,0,58,72,82,45,95,49
2026-01-17 03:36:51,2026-01-17 03:45:50,0,,100,539,1,2026-01-17 03:45:55,R_WY477IYQO9Q9KIX,,,,,,,anonymous,EN,Scientist community helpers,p00692,1,1934,1,4,1,1,8,2,70,66,82,61,39,76,12,56,62,8,75,56,68,47,73,61,33,46,49,87,62,71,88,37,65,72,61,63,67,39,37,51,58,72,95,10,87,87,71,33,46,61
2026-01-19 19:53:54,2026-01-19 20:07:51,0,,100,837,1,2026-01-19 20:07:56,R_CEDY5OCZIV5V2R7,,,,,,,anonymous,EN,Scientist community helpers,p00693,2,1969,1,6,2,3,0,2,30,57,73,74,61,85,63,53,50,31,31,33,35,67,61,28,47,38,75,68,16,100,71,27,13,11,46,68,67,60,72,27,42,49,70,18,11,83,66,27,74,63
2026-01-21 02:12:45,2026-01-21 02:15:47,0,,100,182,1,2026-01-21 02:15:52,R_JOP60SMUKAH7XLE,,,,,,,anonymous,EN,Scientist community helpers,p00694,3,1969,5,2,5,2,4,2,52,94,16,46,49,91,47,67,21,5,82,98,92,59,59,100,43,4,40,38,46,63,32,25,48,69,16,86,81,53,39,29,61,63,47,30,82,0,61,37,100,77
2026-01-16 17:52:21,2026-01-16 18:02:59,0,,100,638,1,2026-01-16 18:03:04,R_HMMAJ206EOPZGI0,,,,,,,anonymous,EN,Scientist community helpers,p00695,1,1945,2,3,5,3,4,2,15,57,64,50,66,16,90,47,80,55,52,76,33,74,92,10,37,82,21,38,0,86,34,43,56,0,67,48,47,24,9,39,0,23,11,100,99,54,93,26,19,36
2026-01-18 21:54:28,2026-01-18 22:03:54,0,,100,566,1,2026-01-18 22:03:59,R_MJE6T2BGDA34865,,,,,,,anonymous,EN,Scientist community helpers,p00696,2,2003,2,2,4,1,9,1,60,66,58,86,51,71,19,65,100,11,100,89,53,91,67,53,38,79,16,33,67,29,54,64,3,41,49,28,21,44,12,54,62,29,48,81,57,3,28,72,78,70
2026-01-19 08:15:29,2026-01-19 08:25:59,0,,100,630,1,2026-01-19 08:26:04,R_IMJYV5468MXATJ9,,,,,,,anonymous,EN,Scientist community helpers,p00697,1,1938,5,1,4,3,10,2,76,64,23,28,58,19,66,33,16,28,86,57,34,44,87,42,84,34,55,69,16,37,16,21,47,27,33,40,48,20,28,78,33,82,16,14,52,58,73,23,100,42
2026-01-20 15:11:58,2026-01-20 15:20:51,0,,100,533,1,2026-01-20 15:20:56,R_Q8CFSAXES0Q35QR,,,,,,,anonymous,EN,Scientist community helpers,p00698,2,1954,4,5,2,2,1,2,35,16,86,38,9,77,73,32,37,32,28,15,16,62,71,43,59,93,41,20,34,33,0,74,85,91,90,56,0,39,55,34,60,39,54,72,58,53,49,3,66,48
2026-01-17 15:29:18,2026-01-17 15:36:43,0,,100,445,1,2026-01-17 15:36:48,R_QLYZZ4YYSJ1RBAX,,,,,,,anonymous,EN,Scientist community helpers,p00699,2,2002,5,1,3,3,3,1,62,52,55,100,73,99,28,83,77,88,74,43,51,67,62,100,33,79,36,45,39,23,63,50,81,29,39,46,71,92,62,75,38,87,55,39,51,63,20,44,33,76
2026-01-19 21:32:53,2026-01-19 21:46:07,0,,100,794,1,2026-01-19 21:46:12,R_2BJQ7U55ZSEESIJ,,,,,,,anonymous,EN,Scientist community helpers,p00700,3,1963,4,1,3,2,4,1,67,86,36,67,46,68,51,60,18,56,82,40,49,11,31,28,55,72,12,96,63,53,83,0,0,39,35,17,0,41,57,58,10,100,35,29,81,67,45,88,32,45
2026-01-21 14:56:13,2026-01-21 15:08:29,0,,100,736,1,2026-01-21 15:08:34,R_TIKDR77M0QH68RN,,,,,,,anonymous,EN,Scientist community helpers,p00701,2,1998,1,6,1,1,2,2,31,52,79,47,100,93,19,39,70,55,100,70,53,32,11,3,43,39,32,37,50,63,46,95,0,39,51,100,12,37,74,53,54,80,34,56,52,47,98,66,2,79
2026-01-15 17:45:41,2026-01-15 17:59:44,0,,100,843,1,2026-01-15 17:59:49,R_JUWOGSMZT2J85AE,,,,,,,anonymous,EN,Scientist community helpers,p00702,3,1987,5,4,4,2,10,2,69,10,24,100,83,19,81,54,87,82,44,100,27,87,3,63,54,0,79,62,83,97,63,100,75,51,37,56,19,41,7,63,84,49,19,95,56,48,44,3,46,25
2026-01-21 17:55:59,2026-01-21 18:04:14,0,,100,495,1,2026-01-21 18:04:19,R_D5IUHXE7N2OJ830,,,,,,,anonymous,EN,Scientist community helpers,p00703,3,2006,5,4,5,4,5,1,43,75,10,63,66,47,70,71,46,46,22,46,24,57,67,37,60,55,50,45,51,73,79,31,61,24,81,65,100,41,44,85,45,26,48,27,58,34,27,57,30,43
2026-01-17 16:40:19,2026-01-17 16:51:53,0,,100,694,1,2026-01-17 16:51:58,R_GTR91MKJHELY8GC,,,,,,,anonymous,EN,Scientist community helpers,p00704,3,1966,5,1,2,4,8,2,50,47,62,72,80,75,46,65,23,14,20,29,0,0,82,27,23,51,26,48,0,33,76,66,67,41,34,20,85,21,89,65,35,49,19,83,72,20,100,4,50,84
2026-01-21 00:25:56,2026-01-21 00:38:05,0,,100,729,1,2026-01-21 00:38:10,R_OCZ82CTXYMJ0662,,,,,,,anonymous,EN,Scientist community helpers,p00705,1,1988,4,4,4,3,0,1,19,83,97,77,7,26,13,35,27,14,34,34,83,44,5,75,13,56,22,54,0,12,56,15,46,52,33,71,38,20,62,77,87,65,51,39,78,25,37,97,83,39
2026-01-17 18:20:50,2026-01-17 18:33:56,0,,100,786,1,2026-01-17 18:34:01,R_DN8JECWA0ZDXC9C,,,,,,,anonymous,EN,Scientist community helpers,p00706,3,1974,1,1,5,2,5,2,51,62,24,39,36,41,77,55,33,6,45,100,36,66,26,0,85,90,23,28,18,48,54,53,9,67,38,56,47,59,8,52,22,45,55,83,20,96,77,67,13,55
2026-01-20 22:33:45,2026-01-20 22:43:52,0,,100,607,1,2026-01-20 22:43:57,R_I50YFV1H8VERH41,,,,,,,anonymous,EN,Scientist community helpers,p00707,3,1956,1,3,1,1,8,2,65,51,66,34,18,34,0,0,34,17,41,9,30,81,73,57,0,38,19,63,41,38,14,74,61,70,3,60,3,69,78,95,76,93,0,24,29,23,52,29,37,50
2026-01-19 09:42:56,2026-01-19 09:51:34,0,,100,518,1,2026-01-19 09:51:39,R_QPYYUVH11ULUYIS,,,,,,,anonymous,EN,Scientist community helpers,p00708,2,1965,1,1,2,2,1,2,50,33,54,42,32,58,90,76,58,36,61,25,55,14,26,58,75,70,79,70,80,9,74,29,23,90,82,92,43,20,24,59,21,0,55,40,79,41,74,75,35,14
2026-01-20 13:21:12,2026-01-20 13:29:33,0,,100,501,1,2026-01-20 13:29:38,R_P4H5UZH5XVZOPGC,,,,,,,anonymous,EN,Scientist community helpers,p00709,3,1991,2,3,1,4,6,2,43,25,22,16,53,17,50,41,10,5,12,48,66,78,88,7,55,86,95,100,74,58,0,43,82,65,0,19,57,68,41,62,65,43,62,51,41,19,35,57,25,53
2026-01-18 23:07:25,2026-01-18 23:18:20,0,,100,655,1,2026-01-18 23:18:25,R_9RSH07NR5PCL6DY,,,,,,,anonymous,EN,Scientist community helpers,p00710,1,1955,4,3,1,1,4,2,23,89,11,70,28,59,72,78,71,19,49,48,78,21,22,16,22,77,78,52,4,52,53,14,11,17,22,100,20,64,37,17,31,61,31,3,64,49,34,77,52,37
2026-01-17 21:19:16,2026-01-17 21:24:39,0,,100,323,1,2026-01-17 21:24:44,R_4GXZAA70ZW6PWSS,,,,,,,anonymous,EN,Scientist community helpers,p00711,3,1972,5,6,1,2,9,2,22,16,0,57,7,60,40,29,77,69,83,37,73,70,42,88,94,56,72,39,38,27,81,56,10,84,57,34,92,40,20,96,66,51,81,100,45,76,36,40,72,41
2026-01-18 19:59:13,2026-01-18 20:03:27,0,,100,254,1,2026-01-18 20:03:32,R_DZKRS94E024PSND,,,,,,,anonymous,EN,Scientist community helpers,p00712,2,1999,2,2,4,1,8,2,40,63,22,38,48,32,28,58,24,40,15,35,77,20,35,76,42,27,57,9,12,89,12,30,11,0,71,20,69,35,79,100,25,22,65,0,54,37,93,84,48,92
2026-01-17 13:26:46,2026-01-17 13:37:26,0,,100,640,1,2026-01-17 13:37:31,R_4Q7RRI2K2269LSN,,,,,,,anonymous,EN,Scientist community helpers,p00713,1,1939,4,3,5,1,8,2,12,92,54,59,37,10,75,47,16,20,68,80,51,60,57,2,2,46,70,25,37,82,19,40,53,0,30,100,48,88,35,44,87,61,67,37,58,13,50,83,22,81
2026-01-19 06:37:54,2026-01-19 06:42:48,0,,100,294,1,2026-01-19 06:42:53,R_E2OFDHZDVTIFG7L,,,,,,,anonymous,EN,Scientist community helpers,p00714,3,1948,1,1,2,2,0,2,77,50,0,100,53,62,62,84,51,97,6,52,66,0,37,79,0,0,32,91,46,48,35,77,13,28,12,71,65,66,63,81,52,50,82,26,70,78,53,51,47,46
2026-01-20 09:37:57,2026-01-20 09:45:09,0,,100,432,1,2026-01-20 09:45:14,R_5J9K9ERB9I6QVHW,,,,,,,anonymous,EN,Scientist community helpers,p00715,1,1952,1,4,3,2,7,2,40,78,68,45,39,27,62,58,28,0,0,38,63,58,80,41,49,40,56,53,78,68,68,6,34,43,84,62,56,39,66,47,32,52,36,42,72,35,66,27,95,18
2026-01-19 11:47:55,2026-01-19 11:57:48,0,,100,593,1,2026-01-19 11:57:53,R_YO692OEXTRDH7VE,,,,,,,anonymous,EN,Scientist community helpers,p00716,3,1994,1,6,4,4,0,1,57,3,100,68,49,29,59,45,70,95,27,10,65,0,13,47,40,62,59,58,35,34,86,15,72,55,64,46,50,71,54,38,94,23,62,54,41,0,25,12,10,20
2026-01-20 14:06:20,2026-01-20 14:18:31,0,,100,731,1,2026-01-20 14:18:36,R_KTFTPF17BJVNQUU,,,,,,,anonymous,EN,Scientist community helpers,p00717,2,1989,3,5,5,4,4,2,91,73,26,75,0,44,28,38,70,55,39,0,48,24,43,74,62,68,66,18,66,82,19,33,72,47,74,18,50,21,17,50,19,60,61,58,46,48,53,100,29,97
2026-01-17 05:50:29,2026-01-17 06:04:59,0,,100,870,1,2026-01-17 06:05:04,R_4079TXGED359M9H,,,,,,,anonymous,EN,Scientist community helpers,p00718,1,1949,3,2,2,4,5,2,45,43,52,39,59,30,44,27,49,34,30,58,65,54,100,10,39,91,46,58,26,16,43,81,79,0,45,56,25,18,58,36,10,60,34,64,34,55,71,36,88,43
2026-01-20 18:48:07,2026-01-20 18:54:13,0,,100,366,1,2026-01-20 18:54:18,R_M7ZO1RQZ70RBWKJ,,,,,,,anonymous,EN,Scientist community helpers,p00719,1,1949,5,6,1,2,7,2,94,66,36,34,53,33,47,27,77,90,93,71,0,75,34,54,58,87,32,37,27,51,79,45,44,62,9,94,36,63,67,54,38,21,65,83,92,62,61,20,19,65
2026-01-16 14:08:41,2026-01-16 14:13:50,0,,100,309,1,2026-01-16 14:13:55,R_537IK8GKLCSGD5P,,,,,,,anonymous,EN,Scientist community helpers,p00720,2,2003,4,6,3,2,6,2,41,100,60,59,76,7,5,100,37,100,28,58,80,0,46,35,46,56,21,90,100,34,14,64,10,61,53,47,11,31,59,31,0,45,52,79,37,27,60,59,89,23
2026-01-18 09:26:32,2026-01-18 09:40:28,0,,100,836,1,2026-01-18 09:40:33,R_BW38IIH0WTJWD0K,,,,,,,anonymous,EN,Consensus,p00721,1,1979,1,3,4,3,6,2,83,69,73,20,67,71,29,19,92,81,6,57,56,12,55,11,10,55,66,25,70,22,24,53,89,8,56,64,2,58,0,27,80,68,58,48,43,71,36,93,0,70
2026-01-18 20:58:23,2026-01-18 21:12:24,0,,100,841,1,2026-01-18 21:12:29,R_X723VCRJLGHCX3E,,,,,,,anonymous,EN,Consensus,p00722,1,1964,2,6,4,3,5,2,63,37,35,58,47,17,79,84,42,96,83,53,61,69,5,97,84,21,23,68,6,78,36,23,30,48,25,85,77,60,20,28,93,52,57,37,0,55,31,45,13,18
2026-01-20 10:40:09,2026-01-20 10:54:39,0,,100,870,1,2026-01-20 10:54:44,R_X2F2YAWLZDZ6NVH,,,,,,,anonymous,EN,Consensus,p00723,2,1996,3,3,3,3,6,2,0,57,87,34,15,99,66,42,70,52,38,48,27,56,91,15,63,70,51,70,71,81,29,37,1,33,29,0,35,50,53,73,74,23,12,80,96,15,81,95,78,11
2026-01-18 10:40:44,2026-01-18 10:48:55,0,,100,491,1,2026-01-18 10:49:00,R_IRMYMDOCH4JYDAS,,,,,,,anonymous,EN,Consensus,p00724,2,1992,3,4,1,2,1,2,49,71,66,57,52,45,22,49,68,54,70,36,21,42,65,24,0,76,48,24,26,93,0,16,40,30,100,50,15,72,14,53,62,58,85,61,73,33,56,72,33,43
2026-01-20 18:23:27,2026-01-20 18:36:49,0,,100,802,1,2026-01-20 18:36:54,R_PO6HE9T3S4DXCFZ,,,,,,,anonymous,EN,Consensus,p00725,2,1969,5,1,2,3,2,2,16,98,18,0,38,84,36,49,48,70,81,47,51,75,25,50,53,36,66,32,55,74,53,80,100,7,41,73,40,44,35,64,43,58,51,0,100,46,22,100,80,84
2026-01-19 12:33:32,2026-01-19 12:38:12,0,,100,280,1,2026-01-19 12:38:17,R_TNJLLRFYDRH2N1P,,,,,,,anonymous,EN,Consensus,p00726,2,1969,1,2,4,1,6,1,76,0,56,61,17,49,49,31,18,21,4,54,62,28,81,18,66,0,51,69,23,21,50,86,18,42,74,34,62,25,73,61,55,4,28,64,98,31,86,32,64,70
2026-01-20 22:48:22,2026-01-20 22:57:45,0,,100,563,1,2026-01-20 22:57:50,R_ZCPUEX5O80KXCKN,,,,,,,anonymous,EN,Consensus,p00727,2,1943,2,2,5,4,7,2,74,14,59,61,72,52,17,8,77,52,0,69,31,52,75,98,78,82,43,57,94,46,45,23,26,77,0,45,24,0,52,87,18,87,74,13,75,38,20,85,89,65
2026-01-15 19:21:59,2026-01-15 19:26:22,0,,100,263,1,2026-01-15 19:26:27,R_WF3LWNBOAD2JQAW,,,,,,,anonymous,EN,Consensus,p00728,3,1994,5,4,4,4,0,2,42,41,84,46,82,32,28,53,78,79,62,76,63,35,51,41,27,45,61,73,86,58,79,28,44,56,52,100,28,56,84,98,72,0,50,12,1,43,14,28,69,100
2026-01-16 04:52:47,2026-01-16 05:01:48,0,,100,541,1,2026-01-16 05:01:53,R_JGXN49W55URVQWW,,,,,,,anonymous,EN,Consensus,p00729,1,1996,3,2,3,2,9,2,0,79,30,65,25,24,17,90,90,20,45,15,73,45,59,68,37,16,62,40,46,26,48,21,38,38,93,100,74,65,27,24,74,48,75,61,31,0,39,23,25,42
2026-01-21 03:09:57,2026-01-21 03:19:03,0,,100,546,1,2026-01-21 03:19:08,R_XNFUESAM5G931PV,,,,,,,anonymous,EN,Consensus,p00730,2,2005,1,6,1,4,1,2,19,30,82,22,32,22,78,28,60,61,9,54,25,83,56,43,7,53,67,62,27,88,36,88,37,73,0,26,20,56,87,45,70,72,70,56,54,0,67,66,42,45
2026-01-20 20:39:24,2026-01-20 20:51:27,0,,100,723,1,2026-01-20 20:51:32,R_PYW8P2NKV1JQJ0O,,,,,,,anonymous,EN,Consensus,p00731,1,1945,5,6,3,2,3,2,47,100,32,98,7,46,70,82,40,100,64,57,55,31,41,70,25,87,77,38,41,56,82,72,61,41,86,64,57,86,67,58,61,79,11,100,74,59,41,68,64,41
2026-01-16 21:49:15,2026-01-16 21:58:50,0,,100,575,1,2026-01-16 21:58:55,R_QTQWGBQDKB528BL,,,,,,,anonymous,EN,Consensus,p00732,1,1955,5,6,1,2,5,2,61,25,0,0,51,72,75,38,33,6,28,51,66,44,70,29,78,60,67,96,67,2,31,53,35,32,61,48,76,64,89,44,63,81,65,62,54,100,45,59,35,79
2026-01-16 15:51:11,2026-01-16 16:02:08,0,,100,657,1,2026-01-16 16:02:13,R_33963DOTFWEAR4W,,,,,,,anonymous,EN,Consensus,p00733,1,1947,4,4,3,4,8,1,16,63,81,80,17,74,71,58,51,80,53,41,57,36,42,55,52,100,68,47,4,55,56,59,50,67,67,49,98,65,10,39,45,50,5,59,22,39,79,46,0,39
2026-01-22 02:42:17,2026-01-22 02:53:47,0,,100,690,1,2026-01-22 02:53:52,R_6LJ5FUVU9LDI27Z,,,,,,,anonymous,EN,Consensus,p00734,2,1969,5,2,5,1,3,1,87,4,73,43,33,65,75,21,43,72,39,62,83,3,100,25,29,60,100,22,33,0,89,50,65,24,18,64,37,22,11,56,47,100,32,47,21,58,92,64,37,28
2026-01-21 14:05:53,2026-01-21 14:12:13,0,,100,380,1,2026-01-21 14:12:18,R_O4SR0E568S9L9PJ,,,,,,,anonymous,EN,Consensus,p00735,1,1975,4,3,4,4,9,2,72,78,34,67,0,75,0,22,100,66,79,9,23,65,100,87,67,100,61,66,18,19,59,40,45,31,91,77,17,32,12,52,81,54,100,32,55,84,54,81,97,88
2026-01-17 07:04:20,2026-01-17 07:17:27,0,,100,787,1,2026-01-17 07:17:32,R_Z355GD3F7PDRTZO,,,,,,,anonymous,EN,Consensus,p00736,2,1934,1,6,4,3,3,2,46,46,47,77,46,83,33,68,10,0,48,22,84,42,34,49,45,16,57,5,55,0,16,87,46,80,70,64,46,65,0,48,0,100,42,21,58,100,80,39,77,95
2026-01-16 23:11:40,2026-01-16 23:26:34,0,,100,894,1,2026-01-16 23:26:39,R_G0GK0K8Z78QZ7XS,,,,,,,anonymous,EN,Consensus,p00737,1,1973,4,2,2,3,3,2,11,21,41,100,51,81,67,48,49,30,61,39,9,22,100,68,42,66,79,71,98,60,78,25,72,34,21,45,20,52,19,49,61,82,22,9,81,62,82,93,98,84
2026-01-15 16:10:33,2026-01-15 16:21:10,0,,100,637,1,2026-01-15 16:21:15,R_3NSDNG2Q72VPEE6,,,,,,,anonymous,EN,Consensus,p00738,3,1943,4,6,3,1,4,2,74,91,64,3,54,79,13,22,55,63,38,48,76,25,46,91,47,35,52,21,60,69,54,98,58,55,70,55,73,57,48,52,62,48,40,36,8,41,49,100,75,83
2026-01-18 01:38:41,2026-01-18 01:43:25,0,,100,284,1,2026-01-18 01:43:30,R_TA5D65D74KTUZ5I,,,,,,,anonymous,EN,Consensus,p00739,3,1973,5,1,5,2,4,1,69,54,39,3,61,0,72,10,1,11,65,51,100,24,62,34,0,33,36,78,72,35,54,40,67,36,0,59,41,31,54,24,71,49,69,13,64,54,82,73,41,30
2026-01-15 11:34:47,2026-01-15 11:46:22,0,,100,695,1,2026-01-15 11:46:27,R_WQ8Y549SMQ0S482,,,,,,,anonymous,EN,Consensus,p00740,1,1943,1,2,5,1,2,2,100,100,4,80,19,42,88,63,97,100,26,48,65,0,74,40,84,47,92,38,37,41,24,39,23,88,35,48,64,100,33,66,69,42,80,57,40,25,45,63,53,33
2026-01-20 18:29:49,2026-01-20 18:34:03,0,,100,254,1,2026-01-20 18:34:08,R_BJLQ3GMSPL6CGMD,,,,,,,anonymous,EN,Consensus,p00741,1,1991,4,3,3,1,4,2,41,30,53,39,49,57,0,53,35,76,80,63,70,45,70,4,92,21,36,66,68,33,66,78,100,68,36,80,31,39,38,80,76,44,40,49,29,78,50,46,20,73
2026-01-20 00:01:22,2026-01-20 00:14:02,0,,100,760,1,2026-01-20 00:14:07,R_OOAC1SVRPUO3LHL,,,,,,,anonymous,EN,Consensus,p00742,3,1974,1,6,3,4,8,2,39,37,89,83,33,64,65,31,11,71,57,22,9,91,78,30,11,55,72,1,87,76,69,58,100,63,53,75,39,67,78,46,0,100,84,56,48,69,61,24,88,42
2026-01-21 18:38:51,2026-01-21 18:44:21,0,,100,330,1,2026-01-21 18:44:26,R_ATH5X2E29UYK7JW,,,,,,,anonymous,EN,Consensus,p00743,3,2004,1,3,4,2,7,2,64,23,100,83,7,62,94,46,26,37,49,39,38,9,25,4,33,100,50,100,35,79,51,83,34,3,68,10,36,51,49,63,100,59,34,57,29,78,0,82,55,28
2026-01-17 17:17:56,2026-01-17 17:32:00,0,,100,844,1,2026-01-17 17:32:05,R_2IGPN15SI6NK66O,,,,,,,anonymous,EN,Consensus,p00744,1,1979,3,2,5,3,9,2,23,65,32,51,78,100,31,54,60,98,37,27,45,68,39,92,33,33,68,53,76,0,67,26,50,70,15,100,63,56,50,44,7,58,4,25,68,52,37,58,50,70
2026-01-19 09:27:26,2026-01-19 09:31:23,0,,100,237,1,2026-01-19 09:31:28,R_XGJBMGWT5UH22O1,,,,,,,anonymous,EN,Consensus,p00745,3,1938,4,5,3,1,6,2,7,52,42,53,46,97,52,93,30,47,25,63,55,38,3,91,65,50,0,62,28,79,0,27,50,24,68,78,52,30,55,49,65,87,67,49,32,49,44,46,69,37
2026-01-20 20:04:34,2026-01-20 20:08:37,0,,100,243,1,2026-01-20 20:08:42,R_R1EQFJE19B7J49H,,,,,,,anonymous,EN,Consensus,p00746,3,1986,4,2,4,3,6,1,0,61,62,55,13,24,28,79,33,84,100,48,55,82,54,58,17,33,63,0,0,81,19,0,55,100,44,12,65,64,59,66,0,9,55,66,13,74,73,92,33,2
2026-01-18 06:50:38,2026-01-18 06:57:03,0,,100,385,1,2026-01-18 06:57:08,R_FUK9HEXIQDYRRWU,,,,,,,anonymous,EN,Consensus,p00747,3,1996,5,2,2,4,8,2,46,38,15,72,66,23,36,11,87,84,0,14,82,71,100,0,17,26,6,77,83,71,21,47,77,23,32,31,65,32,100,66,100,71,25,31,88,25,72,92,0,66
2026-01-16 01:33:40,2026-01-16 01:47:48,0,,100,848,1,2026-01-16 01:47:53,R_2P32T2J1MBNC0HY,,,,,,,anonymous,EN,Consensus,p00748,1,1989,2,1,1,2,7,2,51,81,0,44,62,50,65,48,50,51,30,42,57,57,10,76,30,69,63,31,65,79,51,93,73,81,29,45,10,100,65,53,55,25,40,3,37,44,49,51,10,68
2026-01-20 10:36:30,2026-01-20 10:44:52,0,,100,502,1,2026-01-20 10:44:57,R_US5LPU5U930DMWE,,,,,,,anonymous,EN,Consensus,p00749,1,2002,2,6,5,1,2,1,64,100,60,56,70,46,91,32,57,57,43,83,47,83,70,23,54,14,0,40,70,25,65,3,38,35,42,100,59,29,55,87,85,66,83,90,35,0,85,30,99,66
2026-01-20 20:56:33,2026-01-20 21:02:53,0,,100,380,1,2026-01-20 21:02:58,R_WYWLS79S0XMGOF7,,,,,,,anonymous,EN,Consensus,p00750,1,1963,4,1,4,4,3,2,82,19,82,9,51,75,100,0,68,20,45,17,54,37,32,100,52,0,29,30,35,56,21,60,44,39,82,30,54,10,0,74,53,58,45,82,41,79,44,51,44,36
2026-01-17 02:46:21,2026-01-17 02:53:30,0,,100,429,1,2026-01-17 02:53:35,R_UEVF8088FJFTZ1X,,,,,,,anonymous,EN,Consensus,p00751,2,1994,2,4,3,3,6,2,24,74,35,63,72,51,75,60,85,13,72,51,39,42,44,30,45,57,49,29,0,51,68,87,66,42,67,65,80,72,37,68,63,15,31,53,39,23,66,40,62,60
2026-01-20 00:20:16,2026-01-20 00:26:20,0,,100,364,1,2026-01-20 00:26:25,R_NBZL4VBZQP4JXYJ,,,,,,,anonymous,EN,Consensus,p00752,3,1968,1,5,5,1,2,1,65,18,19,47,29,61,100,37,64,39,47,0,97,59,50,52,74,54,12,16,83,70,39,0,75,22,68,26,57,36,32,64,99,35,58,35,54,51,48,1,95,68
2026-01-15 15:00:22,2026-01-15 15:14:51,0,,100,869,1,2026-01-15 15:14:56,R_C19363FGIROIHAU,,,,,,,anonymous,EN,Consensus,p00753,1,1975,3,4,5,2,3,2,77,56,49,32,42,43,75,3,40,21,100,53,30,24,53,11,89,45,76,87,36,84,21,39,60,65,46,95,68,27,78,86,56,70,68,95,1,0,94,25,57,47
2026-01-22 06:20:34,2026-01-22 06:35:21,0,,100,887,1,2026-01-22 06:35:26,R_GEY60APL5FKNIL9,,,,,,,anonymous,EN,Consensus,p00754,1,1988,3,3,1,4,10,2,61,22,18,42,75,74,29,65,64,22,80,63,45,52,17,52,91,88,22,16,26,54,42,29,43,19,57,85,86,70,46,54,43,100,40,63,36,9,57,33,92,51
2026-01-21 13:23:27,2026-01-21 13:33:41,0,,100,614,1,2026-01-21 13:33:46,R_VTA9TU5BT98IZ5Q,,,,,,,anonymous,EN,Consensus,p00755,2,1975,5,1,2,1,3,2,3,97,33,44,23,30,83,71,36,41,57,33,22,73,47,84,33,29,53,68,29,56,73,15,23,33,45,49,59,40,28,29,94,55,93,0,24,26,0,43,27,100
2026-01-21 11:53:50,2026-01-21 12:01:48,0,,100,478,1,2026-01-21 12:01:53,R_J9M844SL70MOH8X,,,,,,,anonymous,EN,Consensus,p00756,2,1940,4,5,5,3,0,1,82,60,46,93,84,47,23,33,93,87,18,44,65,75,25,0,34,78,32,23,32,48,76,72,84,22,30,42,100,33,60,89,31,39,43,22,12,55,94,66,2,54
2026-01-18 07:39:40,2026-01-18 07:43:54,0,,100,254,1,2026-01-18 07:43:59,R_BT1DPYM9JK0R86A,,,,,,,anonymous,EN,Consensus,p00757,3,1952,1,6,2,1,10,2,93,75,59,80,86,16,53,73,15,25,50,88,39,54,79,52,46,59,64,37,51,81,83,49,36,72,34,57,11,48,44,59,52,74,59,67,85,20,95,0,22,34
2026-01-20 02:04:56,2026-01-20 02:10:59,0,,100,363,1,2026-01-20 02:11:04,R_47XIKVV5YXNNRKD,,,,,,,anonymous,EN,Consensus,p00758,1,2000,4,1,1,3,7,2,23,67,73,76,31,46,64,62,41,63,68,42,21,23,27,52,49,49,60,75,35,40,59,23,9,55,52,33,80,74,51,37,47,42,69,34,0,18,47,43,77,45
2026-01-18 22:16:38,2026-01-18 22:29:55,0,,100,797,1,2026-01-18 22:30:00,R_P5YUQXIKAY9SXR2,,,,,,,anonymous,EN,Consensus,p00759,3,1963,5,5,3,3,3,2,100,85,82,34,90,56,37,90,66,100,52,35,74,73,68,100,83,42,61,18,22,0,2,65,60,48,87,37,44,52,39,1,45,67,56,41,47,65,76,33,26,16
2026-01-17 10:09:46,2026-01-17 10:17:41,0,,100,475,1,2026-01-17 10:17:46,R_AUVSG7WMOERKNYN,,,,,,,anonymous,EN,Consensus,p00760,1,1979,1,5,5,1,3,1,19,63,48,33,89,88,27,47,82,63,88,58,64,45,48,60,42,30,68,80,75,98,41,69,61,27,41,96,37,88,23,20,36,41,48,14,42,58,100,63,31,23
2026-01-16 15:53:51,2026-01-16 16:05:39,0,,100,708,1,2026-01-16 16:05:44,R_9TX4TNT05MJW2Z0,,,,,,,anonymous,EN,Consensus,p00761,2,1961,2,1,3,4,4,2,64,82,72,100,37,0,11,50,9,91,19,0,44,56,69,44,31,30,77,58,63,16,60,53,30,0,22,51,36,73,58,0,75,22,51,0,42,100,50,43,59,0
2026-01-18 12:00:07,2026-01-18 12:13:08,0,,100,781,1,2026-01-18 12:13:13,R_DLTQ61JVQ0PRCHB,,,,,,,anonymous,EN,Consensus,p00762,3,1994,1,5,1,2,4,2,53,32,14,51,83,60,46,69,62,41,67,63,85,52,27,66,12,37,42,77,52,47,53,98,63,47,10,8,60,0,4,84,74,19,47,100,24,71,28,40,65,58
2026-01-18 11:59:35,2026-01-18 12:08:30,0,,100,535,1,2026-01-18 12:08:35,R_LPI5NRU4PYDP2VL,,,,,,,anonymous,EN,Consensus,p00763,2,1981,1,1,2,2,10,1,43,0,32,18,0,64,78,22,65,25,35,52,69,9,68,70,22,33,100,47,38,14,66,17,52,74,50,60,27,53,46,73,40,0,65,67,59,63,48,50,66,56
2026-01-20 11:22:25,2026-01-20 11:28:54,0,,100,389,1,2026-01-20 11:28:59,R_BV6BBUISNKBDE4Y,,,,,,,anonymous,EN,Consensus,p00764,2,1979,5,1,1,3,7,2,29,74,100,100,69,0,46,100,39,76,90,43,47,59,66,47,41,4,16,24,23,37,14,100,52,22,31,60,24,33,100,70,64,45,42,26,69,36,55,27,34,35
2026-01-18 15:11:48,2026-01-18 15:16:53,0,,100,305,1,2026-01-18 15:16:58,R_76D0HWWL7V4G7XS,,,,,,,anonymous,EN,Consensus,p00765,2,2004,4,4,1,3,4,2,77,85,30,87,60,58,0,68,43,47,100,63,74,10,29,51,42,39,67,40,41,84,65,9,27,97,76,7,0,56,40,18,56,72,48,78,17,44,64,70,76,55
2026-01-15 10:49:43,2026-01-15 10:59:25,0,,100,582,1,2026-01-15 10:59:30,R_92OX0OUBG2WRXK6,,,,,,,anonymous,EN,Consensus,p00766,3,1944,1,6,5,3,1,2,48,53,84,47,73,19,80,89,25,38,55,69,0,76,78,95,52,43,65,51,0,70,61,88,36,0,5,55,100,88,18,53,47,0,31,65,27,22,23,13,73,38
2026-01-21 06:52:24,2026-01-21 07:06:58,0,,100,874,1,2026-01-21 07:07:03,R_DWVM7TMPNXJOGXC,,,,,,,anonymous,EN,Consensus,p00767,1,1943,1,5,3,1,10,2,0,33,37,63,57,63,41,29,66,97,83,91,74,16,38,48,72,49,34,49,96,53,75,60,34,60,61,49,73,30,46,26,62,7,62,16,32,38,32,69,37,58
2026-01-18 18:53:43,2026-01-18 18:57:45,0,,100,242,1,2026-01-18 18:57:50,R_XXIAN82R4TD2G3B,,,,,,,anonymous,EN,Consensus,p00768,2,1948,1,5,3,2,1,2,13,68,79,84,78,57,39,28,39,68,0,7,34,2,46,70,100,72,22,68,69,92,41,20,57,48,9,32,0,35,100,59,93,31,39,72,23,64,49,16,0,38
2026-01-20 20:11:46,2026-01-20 20:24:19,0,,100,753,1,2026-01-20 20:24:24,R_DQNGRQ977BAIGHP,,,,,,,anonymous,EN,Consensus,p00769,3,1997,1,3,5,1,0,1,100,19,21,72,12,59,100,43,42,94,4,73,39,94,59,39,30,33,29,22,87,89,87,100,72,25,0,43,0,56,100,36,100,61,82,10,8,0,35,84,88,44
2026-01-15 18:11:06,2026-01-15 18:14:22,0,,100,196,1,2026-01-15 18:14:27,R_IKBMGUQQOXAI6E5,,,,,,,anonymous,EN,Consensus,p00770,1,1974,2,1,3,3,3,2,66,76,78,57,73,76,53,39,44,65,79,100,34,54,59,56,0,18,76,39,60,53,38,49,69,27,38,41,60,25,57,24,31,100,90,82,83,87,29,69,32,44
2026-01-21 07:58:28,2026-01-21 08:04:53,0,,100,385,1,2026-01-21 08:04:58,R_7OYQW6CL5QNZ2KR,,,,,,,anonymous,EN,Consensus,p00771,2,1952,5,3,1,4,6,1,40,26,40,35,68,51,52,36,64,48,49,5,100,71,38,14,83,87,0,0,51,70,42,41,87,32,65,63,36,52,70,56,37,25,4,38,23,47,45,66,94,53
2026-01-18 08:21:34,2026-01-18 08:33:16,0,,100,702,1,2026-01-18 08:33:21,R_X7IBNF4Q307F0Z2,,,,,,,anonymous,EN,Consensus,p00772,2,1937,4,2,2,2,5,2,56,100,73,6,30,93,60,100,100,37,62,69,34,69,57,52,73,62,23,44,51,52,37,80,93,0,59,5,45,27,82,31,100,69,52,65,42,75,57,55,0,50
2026-01-21 22:02:08,2026-01-21 22:05:32,0,,100,204,1,2026-01-21 22:05:37,R_PTQKHXUXGSRUP15,,,,,,,anonymous,EN,Consensus,p00773,2,2003,1,5,3,4,10,2,82,53,65,78,38,27,56,100,66,86,0,51,58,35,88,71,63,31,41,100,88,25,10,0,77,18,65,70,42,82,14,63,9,0,100,23,34,71,8,52,38,58
2026-01-19 01:28:25,2026-01-19 01:33:22,0,,100,297,1,2026-01-19 01:33:27,R_3ZK3B6PLVJ8HQJD,,,,,,,anonymous,EN,Consensus,p00774,2,1940,3,3,1,1,9,2,40,57,0,48,49,99,29,79,76,88,70,26,74,19,52,90,46,28,39,96,32,31,18,57,67,78,54,70,42,65,28,36,35,22,72,30,31,81,85,74,74,100
2026-01-21 02:12:31,2026-01-21 02:22:11,0,,100,580,1,2026-01-21 02:22:16,R_MFJKQQXFJQX4W3D,,,,,,,anonymous,EN,Consensus,p00775,3,1993,1,5,2,2,8,2,46,76,55,83,81,74,89,75,3,73,43,22,57,2,74,19,14,59,83,74,89,92,46,48,58,66,55,65,4,55,50,35,41,44,59,73,94,77,62,0,55,42
2026-01-18 12:25:26,2026-01-18 12:37:26,0,,100,720,1,2026-01-18 12:37:31,R_SHNDN24P0SUWSA5,,,,,,,anonymous,EN,Consensus,p00776,3,1984,5,5,4,2,4,2,35,33,64,84,49,62,61,40,88,60,45,100,100,44,100,50,27,70,4,35,54,85,7,37,62,27,42,13,48,68,29,17,73,33,54,34,73,40,63,49,35,82
2026-01-21 22:14:57,2026-01-21 22:28:48,0,,100,831,1,2026-01-21 22:28:53,R_OHCKI2NR3ACMEV7,,,,,,,anonymous,EN,Consensus,p00777,3,1984,5,1,5,3,5,2,78,58,58,0,87,53,51,86,100,66,13,33,41,15,69,40,55,3,41,12,45,38,47,39,81,17,70,52,100,40,63,20,70,2,88,84,33,46,22,75,68,40
2026-01-21 09:04:56,2026-01-21 09:17:54,0,,100,778,1,2026-01-21 09:17:59,R_KN1F1TAM82KNZAW,,,,,,,anonymous,EN,Consensus,p00778,1,1967,5,4,3,1,7,1,36,88,48,95,21,19,47,37,51,35,69,70,40,0,3,21,26,43,26,75,69,78,96,14,60,32,32,76,25,61,75,48,39,63,44,44,10,51,31,48,100,100
2026-01-18 05:01:50,2026-01-18 05:09:57,0,,100,487,1,2026-01-18 05:10:02,R_QWCKMOQG2H6U59N,,,,,,,anonymous,EN,Consensus,p00779,2,1984,5,2,3,1,8,2,52,13,14,76,85,50,9,68,1,54,62,35,24,27,48,52,3,59,61,19,32,41,0,96,48,69,22,77,14,87,85,58,77,23,68,14,39,94,25,58,75,14
2026-01-18 01:34:49,2026-01-18 01:42:32,0,,100,463,1,2026-01-18 01:42:37,R_ETH3H82UBS1LT5T,,,,,,,anonymous,EN,Consensus,p00780,2,1972,1,3,5,4,8,2,0,65,0,40,31,64,43,76,62,31,33,31,0,67,99,54,18,0,7,17,100,38,34,42,77,59,29,59,51,57,57,47,81,77,100,11,37,72,61,25,95,30
2026-01-20 11:16:24,2026-01-20 11:29:16,0,,100,772,1,2026-01-20 11:29:21,R_JC6005TZGMFG48S,,,,,,,anonymous,EN,Portrait Prof. Cherry,p00781,3,1962,5,3,1,4,4,2,11,77,36,60,48,51,61,60,30,0,65,84,6,62,82,50,15,53,100,0,6,58,58,73,57,53,61,33,39,7,39,31,3,100,49,3,40,60,62,91,34,41
2026-01-18 05:44:30,2026-01-18 05:54:50,0,,100,620,1,2026-01-18 05:54:55,R_A15HRO951OGKRHR,,,,,,,anonymous,EN,Portrait Prof. Cherry,p00782,3,1966,5,1,2,4,5,1,0,70,100,35,32,23,52,39,48,7,76,37,86,42,55,42,77,21,72,77,82,86,61,0,20,28,84,16,71,43,42,73,87,100,100,35,69,26,18,28,0,65
2026-01-19 19:57:28,2026-01-19 20:01:23,0,,100,235,1,2026-01-19 20:01:28,R_B12O0OXF4G0MTA1,,,,,,,anonymous,EN,Portrait Prof. Cherry,p00783,2,1953,2,6,3,2,2,2,14,27,68,17,63,50,93,41,51,46,48,0,55,51,84,71,7,30,19,0,68,39,52,52,28,47,57,4,65,73,53,54,64,75,68,32,15,91,21,22,100,84
2026-01-21 01:54:51,2026-01-21 02:07:43,0,,100,772,1,2026-01-21 02:07:48,R_NKA67IUICHBB1M2,,,,,,,anonymous,EN,Portrait Prof. Cherry,p00784,1,1970,2,4,4,1,0,2,26,39,92,0,55,50,17,24,3,100,40,12,36,74,59,18,38,48,77,51,10,23,16,72,70,17,21,73,56,38,48,39,21,70,38,42,64,56,23,27,78,42
2026-01-17 01:41:40,2026-01-17 01:47:40,0,,100,360,1,2026-01-17 01:47:45,R_T35JMTGQYT4AVN4,,,,,,,anonymous,EN,Portrait Prof. Cherry,p00785,2,1939,1,3,1,4,5,2,39,53,17,27,51,17,24,42,30,16,52,100,75,0,82,63,48,100,40,18,28,0,43,32,36,58,3,100,44,37,50,37,43,32,50,100,46,56,41,73,46,30
2026-01-17 23:15:24,2026-01-17 23:24:46,0,,100,562,1,2026-01-17 23:24:51,R_WFFVACTMEFRNW6W,,,,,,,anonymous,EN,Portrait Prof. Cherry,p00786,1,1981,4,5,5,3,10,2,27,47,28,83,39,18,12,49,88,0,57,59,78,57,43,92,22,91,66,75,56,13,77,68,46,41,50,77,30,67,0,25,79,33,9,58,51,0,100,45,33,42
2026-01-19 17:34:42,2026-01-19 17:40:47,0,,100,365,1,2026-01-19 17:40:52,R_TST0QG6A0IHJ088,,,,,,,anonymous,EN,Portrait Prof. Cherry,p00787,1,1976,2,2,4,2,1,2,70,71,61,8,91,0,82,74,45,59,0,38,47,2,22,100,84,55,79,58,47,49,54,82,49,56,22,41,57,29,60,70,79,45,67,73,100,0,38,67,81,6
2026-01-21 15:16:58,2026-01-21 15:29:10,0,,100,732,1,2026-01-21 15:29:15,R_DFGWTOBANRCYNWW,,,,,,,anonymous,EN,Portrait Prof. Cherry,p00788,1,1934,1,4,2,2,10,2,63,58,41,32,100,48,59,15,100,4,68,27,86,34,54,70,20,85,37,75,6,62,85,68,46,19,84,72,65,70,55,0,89,42,54,14,48,41,76,14,90,8
2026-01-21 21:14:19,2026-01-21 21:17:35,0,,100,196,1,2026-01-21 21:17:40,R_04F5039U4J8YRH3,,,,,,,anonymous,EN,Portrait Prof. Cherry,p00789,1,1990,4,6,2,1,3,2,51,39,40,42,56,37,100,33,38,36,74,79,43,21,22,49,60,19,13,64,59,31,0,25,50,26,40,68,36,53,40,70,52,71,0,79,54,63,95,35,68,75
2026-01-17 14:08:13,2026-01-17 14:22:33,0,,100,860,1,2026-01-17 14:22:38,R_8V7VXAUHL629VB5,,,,,,,anonymous,EN,Portrait Prof. Cherry,p00790,3,1983,1,4,1,2,3,1,31,58,44,42,100,47,60,75,78,66,64,12,74,79,35,43,87,31,71,63,22,73,57,63,51,23,40,32,75,13,34,30,56,71,1,36,37,64,91,100,67,38
2026-01-16 19:33:29,2026-01-16 19:41:46,0,,100,497,1,2026-01-16 19:41:51,R_ZLN26RP4JUPMTP9,,,,,,,anonymous,EN,Portrait Prof. Cherry,p00791,3,1984,4,2,1,4,1,1,100,14,65,71,36,50,0,80,19,37,33,67,9,53,67,71,58,19,57,45,38,42,41,91,78,70,30,49,68,59,55,100,38,59,65,60,51,53,45,50,46,48
2026-01-21 21:47:01,2026-01-21 21:57:02,0,,100,601,1,2026-01-21 21:57:07,R_D2NRX8RJ7H7O8HN,,,,,,,anonymous,EN,Portrait Prof. Cherry,p00792,1,1950,1,3,2,1,5,2,5,53,24,56,74,48,30,70,0,54,46,24,6,61,40,59,61,42,20,41,27,39,87,91,32,52,3,10,29,68,99,14,77,57,5,61,33,35,28,87,29,13
2026-01-16 07:02:31,2026-01-16 07:07:50,0,,100,319,1,2026-01-16 07:07:55,R_XM0RTDHCE1SJ9IY,,,,,,,anonymous,EN,Portrait Prof. Cherry,p00793,2,1967,3,4,1,1,2,2,59,21,24,84,28,100,21,48,67,61,31,97,7,91,55,48,17,33,20,34,96,23,42,93,45,66,29,41,4,25,60,70,32,31,26,34,46,40,67,34,75,37
2026-01-17 17:50:11,2026-01-17 18:00:32,0,,100,621,1,2026-01-17 18:00:37,R_QE0MTXS10NMIZGN,,,,,,,anonymous,EN,Portrait Prof. Cherry,p00794,3,1937,1,3,1,1,6,2,10,40,20,30,31,68,69,7,70,87,52,76,11,32,64,38,28,18,54,71,0,8,60,51,80,69,0,42,69,23,76,61,71,100,38,29,49,77,54,38,73,82
2026-01-21 15:33:14,2026-01-21 15:37:45,0,,100,271,1,2026-01-21 15:37:50,R_VQ83BCWPAI5RFVO,,,,,,,anonymous,EN,Portrait Prof. Cherry,p00795,3,1987,4,3,3,3,9,2,38,67,6,37,35,72,73,72,76,73,24,84,73,56,59,40,9,51,24,100,35,46,79,43,44,74,64,60,88,42,37,52,49,26,0,44,45,0,78,59,20,52
2026-01-21 02:43:25,2026-01-21 02:52:04,0,,100,519,1,2026-01-21 02:52:09,R_AQ3S7CA3807FLJ4,,,,,,,anonymous,EN,Portrait Prof. Cherry,p00796,1,1998,3,6,1,3,5,2,80,11,40,32,19,81,93,55,44,31,34,37,47,68,60,36,58,25,54,9,51,44,95,82,33,52,22,70,33,67,60,46,56,49,76,66,55,76,8,15,73,18
2026-01-21 15:56:12,2026-01-21 16:01:17,0,,100,305,1,2026-01-21 16:01:22,R_LO7CN0S7V6AO071,,,,,,,anonymous,EN,Portrait Prof. Cherry,p00797,2,2000,2,3,1,2,9,1,25,24,0,42,75,45,33,51,25,25,29,55,0,65,35,55,2,67,76,19,31,100,12,41,67,78,27,79,76,74,24,47,24,33,59,62,17,63,27,46,23,35
2026-01-17 07:29:28,2026-01-17 07:41:11,0,,100,703,1,2026-01-17 07:41:16,R_CTMQZP36VLIKFHT,,,,,,,anonymous,EN,Portrait Prof. Cherry,p00798,3,1964,4,4,5,4,9,1,40,54,100,36,45,30,99,37,56,15,38,87,48,94,47,21,57,25,10,52,21,40,28,64,38,23,55,70,39,30,48,76,31,48,35,49,32,92,55,68,2,59
2026-01-15 15:19:46,2026-01-15 15:31:38,0,,100,712,1,2026-01-15 15:31:43,R_AVAWWXOL5X9OUGJ,,,,,,,anonymous,EN,Portrait Prof. Cherry,p00799,3,1970,2,1,1,2,4,2,55,55,100,29,54,2,49,21,65,66,22,39,51,65,3,100,11,17,77,78,24,58,48,68,69,36,43,5,17,51,51,55,59,0,97,54,33,0,61,68,25,59
2026-01-19 01:53:38,2026-01-19 02:00:50,0,,100,432,1,2026-01-19 02:00:55,R_T3LW86W0RW2ARKY,,,,,,,anonymous,EN,Portrait Prof. Cherry,p00800,1,1991,1,2,5,3,7,2,56,76,89,22,90,72,42,47,0,28,45,37,14,60,45,55,38,88,36,49,22,74,58,49,49,49,68,71,20,69,90,74,39,52,18,68,90,56,87,48,49,55
2026-01-16 11:51:30,2026-01-16 11:56:16,0,,100,286,1,2026-01-16 11:56:21,R_U7K1SJLS90P4OTU,,,,,,,anonymous,EN,Portrait Prof. Cherry,p00801,2,1945,1,6,3,1,7,2,62,68,0,23,57,23,49,60,82,46,41,37,58,67,38,40,96,16,62,43,44,48,70,67,4,56,0,89,59,10,0,100,46,27,36,21,65,54,15,47,7,52
2026-01-17 21:31:33,2026-01-17 21:43:32,0,,100,719,1,2026-01-17 21:43:37,R_09V3XMHS7ZF3OSW,,,,,,,anonymous,EN,Portrait Prof. Cherry,p00802,2,1952,4,1,5,4,1,2,97,48,49,0,4,66,40,69,51,12,27,37,34,25,98,49,61,95,43,39,35,51,37,15,25,34,69,51,21,30,36,65,93,48,90,52,62,63,0,26,63,88
2026-01-18 04:43:43,2026-01-18 04:53:07,0,,100,564,1,2026-01-18 04:53:12,R_B4BCAHZUTKZWFOR,,,,,,,anonymous,EN,Portrait Prof. Cherry,p00803,2,1938,3,6,5,1,6,2,51,35,0,58,38,32,100,86,49,84,76,21,35,61,52,3,17,41,40,36,35,36,42,31,63,77,62,26,75,18,86,57,69,70,1,30,7,15,61,41,77,29
2026-01-20 14:53:25,2026-01-20 15:02:32,0,,100,547,1,2026-01-20 15:02:37,R_7F9OHD9I38J1KBM,,,,,,,anonymous,EN,Portrait Prof. Cherry,p00804,1,1967,3,4,4,4,9,1,93,96,71,31,62,76,77,84,75,1,4,51,63,60,43,53,40,4,8,37,11,45,64,29,0,40,26,84,100,100,46,62,43,17,83,0,43,79,25,61,60,18
2026-01-16 15:22:43,2026-01-16 15:36:40,0,,100,837,1,2026-01-16 15:36:45,R_NT4RTF4F2EVESRC,,,,,,,anonymous,EN,Portrait Prof. Cherry,p00805,3,1970,5,5,4,1,10,2,100,43,42,50,95,74,16,23,100,6,97,88,55,100,90,26,44,20,42,51,59,20,55,6,71,69,93,17,40,62,5,85,71,22,58,88,60,29,100,21,48,54
2026-01-15 18:41:55,2026-01-15 18:46:05,0,,100,250,1,2026-01-15 18:46:10,R_LM2BLFD3X0K5KHT,,,,,,,anonymous,EN,Portrait Prof. Cherry,p00806,1,1948,2,5,3,3,3,2,11,15,38,24,65,81,8,80,41,50,45,55,15,24,25,88,57,31,86,47,27,0,12,21,58,53,10,73,22,74,95,50,42,25,82,76,59,39,100,91,73,10
2026-01-19 17:28:11,2026-01-19 17:31:24,0,,100,193,1,2026-01-19 17:31:29,R_C0RX79CLOKBXQ2G,,,,,,,anonymous,EN,Portrait Prof. Cherry,p00807,1,1988,1,3,5,4,1,2,88,63,24,100,17,55,100,84,41,68,50,50,36,66,77,45,72,30,67,7,54,58,33,42,48,91,23,29,39,72,32,49,46,100,28,77,47,54,2,20,14,67
2026-01-15 13:53:58,2026-01-15 14:07:22,0,,100,804,1,2026-01-15 14:07:27,R_MAKB1ZKJXISDZNN,,,,,,,anonymous,EN,Portrait Prof. Cherry,p00808,2,1991,4,1,2,3,5,2,44,61,87,31,80,38,62,53,11,63,50,0,34,35,85,10,38,69,52,3,35,35,33,56,40,75,71,27,0,99,10,39,25,55,46,48,36,14,25,35,23,0
2026-01-15 09:29:13,2026-01-15 09:38:41,0,,100,568,1,2026-01-15 09:38:46,R_O57FXO3NH05D82G,,,,,,,anonymous,EN,Portrait Prof. Cherry,p00809,3,1993,5,4,3,3,9,2,91,13,51,53,51,43,17,42,55,41,78,50,36,84,15,12,60,69,55,46,39,0,69,26,48,88,13,61,30,62,49,41,88,52,0,32,39,100,37,62,88,48
2026-01-20 09:36:17,2026-01-20 09:49:41,0,,100,804,1,2026-01-20 09:49:46,R_PYCX6NQBL23OIOG,,,,,,,anonymous,EN,Portrait Prof. Cherry,p00810,3,1974,1,1,1,4,3,1,25,63,42,48,59,31,42,3,53,53,88,40,56,6,59,92,36,83,35,22,29,54,81,75,100,26,30,23,100,81,56,48,59,48,23,68,79,60,27,64,61,0
2026-01-19 04:31:57,2026-01-19 04:40:48,0,,100,531,1,2026-01-19 04:40:53,R_MIXZBMZV1RV4OTC,,,,,,,anonymous,EN,Portrait Prof. Cherry,p00811,3,1938,1,1,4,2,10,2,48,60,33,30,63,75,55,67,36,44,62,0,50,39,55,47,58,5,48,61,48,85,61,68,100,23,77,39,2,30,25,58,80,79,5,37,100,41,25,73,100,50
2026-01-15 10:55:12,2026-01-15 11:00:46,0,,100,334,1,2026-01-15 11:00:51,R_SRVM8WNNPMVFXQP,,,,,,,anonymous,EN,Portrait Prof. Cherry,p00812,1,1974,2,6,4,4,10,1,79,19,31,57,53,19,43,43,56,29,18,49,31,63,62,65,59,50,0,36,43,37,63,37,100,69,66,73,95,4,40,13,18,65,38,33,9,54,39,50,34,25
2026-01-20 17:35:12,2026-01-20 17:42:03,0,,100,411,1,2026-01-20 17:42:08,R_2627RZYKNP82PFK,,,,,,,anonymous,EN,Portrait Prof. Cherry,p00813,3,1978,4,5,1,3,1,2,41,25,82,0,34,63,50,13,56,69,54,40,16,7,100,0,30,22,41,70,22,0,63,32,71,58,12,67,37,64,90,87,69,56,65,29,43,85,46,27,32,52
2026-01-19 19:46:44,2026-01-19 19:54:43,0,,100,479,1,2026-01-19 19:54:48,R_YWHIHY8AFYI1FG8,,,,,,,anonymous,EN,Portrait Prof. Cherry,p00814,1,1989,1,4,3,1,9,2,69,34,31,65,49,22,66,31,53,55,79,41,53,76,47,91,58,55,0,62,22,44,18,28,56,82,84,76,45,89,55,77,44,53,47,46,78,55,50,0,97,80
2026-01-20 08:40:48,2026-01-20 08:46:18,0,,100,330,1,2026-01-20 08:46:23,R_KNHSSPKHJVRFQAP,,,,,,,anonymous,EN,Portrait Prof. Cherry,p00815,1,1968,1,5,5,1,10,1,64,82,26,51,45,56,90,42,89,28,65,76,84,55,53,21,42,34,57,61,39,58,100,17,34,71,5,25,9,55,65,87,45,70,79,75,100,47,42,46,19,12
2026-01-18 06:36:55,2026-01-18 06:43:11,0,,100,376,1,2026-01-18 06:43:16,R_P0C96RC72FXBDDL,,,,,,,anonymous,EN,Portrait Prof. Cherry,p00816,2,1966,1,3,3,3,5,2,69,60,83,0,64,51,54,16,76,45,12,83,0,39,39,92,61,17,22,83,67,4,74,65,100,47,70,61,67,47,50,28,89,84,61,88,69,48,70,60,50,47
2026-01-21 06:38:37,2026-01-21 06:48:03,0,,100,566,1,2026-01-21 06:48:08,R_YJKKPHI64H664M8,,,,,,,anonymous,EN,Portrait Prof. Cherry,p00817,3,1966,1,1,5,2,9,2,66,78,48,50,70,31,30,40,24,47,32,0,0,29,77,14,58,38,0,98,23,53,14,41,85,59,16,36,0,30,98,29,13,100,65,75,81,75,37,44,100,67
2026-01-20 01:20:58,2026-01-20 01:35:14,0,,100,856,1,2026-01-20 01:35:19,R_O2RRZGTE9LPVKUB,,,,,,,anonymous,EN,Portrait Prof. Cherry,p00818,3,1961,5,6,3,2,2,2,50,88,41,22,32,28,78,67,40,0,30,40,30,71,24,11,48,5,87,58,94,63,28,42,30,38,78,0,69,50,0,50,12,4,100,39,82,70,38,14,47,28
2026-01-18 04:16:58,2026-01-18 04:25:30,0,,100,512,1,2026-01-18 04:25:35,R_KFAT51CUJ9Y4GGY,,,,,,,anonymous,EN,Portrait Prof. Cherry,p00819,1,1976,4,4,4,4,4,1,50,43,68,100,92,50,9,51,78,47,81,88,76,14,18,13,10,79,65,93,57,65,72,97,87,25,47,12,76,17,58,30,64,8,23,77,62,93,6,57,24,47
2026-01-17 15:13:43,2026-01-17 15:26:34,0,,100,771,1,2026-01-17 15:26:39,R_89SVUEVI2V1ISJS,,,,,,,anonymous,EN,Portrait Prof. Cherry,p00820,3,1986,2,1,4,3,7,2,26,49,32,29,29,96,45,59,29,67,40,24,13,0,35,87,48,97,91,39,56,34,78,0,82,57,96,65,96,0,45,32,53,67,24,8,0,92,43,80,84,79
2026-01-20 01:54:35,2026-01-20 02:02:47,0,,100,492,1,2026-01-20 02:02:52,R_DLPUWK9BW0JTGGC,,,,,,,anonymous,EN,Portrait Prof. Cherry,p00821,3,1998,4,3,4,4,8,2,97,36,75,95,45,10,39,48,59,41,46,8,75,65,80,49,30,17,30,65,19,35,91,23,90,97,0,96,72,68,53,50,68,41,60,54,98,61,64,2,89,60
2026-01-15 10:03:37,2026-01-15 10:14:44,0,,100,667,1,2026-01-15 10:14:49,R_6VL6DCGBALN1VPK,,,,,,,anonymous,EN,Portrait Prof. Cherry,p00822,3,1971,3,1,4,4,0,2,34,77,75,36,20,70,35,40,49,48,44,42,38,16,46,87,47,27,100,54,94,54,55,0,56,49,32,53,73,69,31,42,100,71,67,27,79,67,25,26,29,13
2026-01-17 06:28:09,2026-01-17 06:41:03,0,,100,774,1,2026-01-17 06:41:08,R_TM5NAQZDKSJ7H0T,,,,,,,anonymous,EN,Portrait Prof. Cherry,p00823,1,1979,5,4,1,2,3,1,24,85,22,35,100,40,100,34,21,42,75,47,33,14,58,78,71,55,18,32,58,57,32,71,65,9,61,56,93,39,58,29,100,13,55,14,74,0,67,52,25,85
2026-01-17 09:02:21,2026-01-17 09:14:07,0,,100,706,1,2026-01-17 09:14:12,R_9NFNLYAJSAG5P7X,,,,,,,anonymous,EN,Portrait Prof. Cherry,p00824,2,1942,4,1,1,4,8,2,29,49,65,34,31,33,61,67,68,54,5,66,75,41,81,84,83,24,15,43,41,5,29,74,64,40,76,52,78,47,53,64,53,59,74,37,34,81,20,67,39,35
2026-01-15 20:27:23,2026-01-15 20:39:58,0,,100,755,1,2026-01-15 20:40:03,R_WJHX97HLLO9GCMW,,,,,,,anonymous,EN,Portrait Prof. Cherry,p00825,3,2002,1,3,1,1,6,2,54,43,51,48,51,80,57,76,66,14,53,33,25,66,45,69,38,18,90,48,63,58,4,13,43,98,41,52,50,40,63,99,22,31,11,2,40,49,45,82,62,0
2026-01-16 15:25:09,2026-01-16 15:37:12,0,,100,723,1,2026-01-16 15:37:17,R_UMKS3OYOD5BDF8D,,,,,,,anonymous,EN,Portrait Prof. Cherry,p00826,3,1974,5,1,5,1,0,1,58,73,61,15,3,6,82,92,47,43,100,41,50,56,67,71,76,87,76,80,35,50,64,36,36,36,22,2,66,46,0,77,63,54,3,31,0,28,60,79,70,50
2026-01-16 01:11:39,2026-01-16 01:19:25,0,,100,466,1,2026-01-16 01:19:30,R_OHCMHCXC0J0GHK4,,,,,,,anonymous,EN,Portrait Prof. Cherry,p00827,3,2006,5,4,1,1,1,2,46,7,23,61,65,60,0,83,58,36,18,18,77,9,46,100,57,53,73,26,19,2,7,45,18,40,38,51,92,18,25,59,9,63,65,13,43,39,4,42,59,22
2026-01-20 12:15:36,2026-01-20 12:29:04,0,,100,808,1,2026-01-20 12:29:09,R_6DSQZYAEAUNEFT9,,,,,,,anonymous,EN,Portrait Prof. Cherry,p00828,3,1943,4,5,3,3,10,2,12,92,57,18,59,100,76,43,89,43,76,62,42,57,86,0,30,77,40,49,51,40,48,42,63,76,1,14,74,1,72,0,64,100,64,28,66,22,1,100,45,77
2026-01-19 23:30:48,2026-01-19 23:39:01,0,,100,493,1,2026-01-19 23:39:06,R_FD7DMPJ97B6MT5K,,,,,,,anonymous,EN,Portrait Prof. Cherry,p00829,3,1979,3,3,5,3,10,2,68,59,74,46,56,36,0,46,10,42,67,61,42,60,0,0,10,94,11,47,85,16,99,33,33,93,0,46,32,20,72,54,89,51,42,35,37,4,54,83,95,52
2026-01-18 21:32:01,2026-01-18 21:35:18,0,,100,197,1,2026-01-18 21:35:23,R_10F4VRKB1DZJKB1,,,,,,,anonymous,EN,Portrait Prof. Cherry,p00830,1,1953,3,3,3,4,4,2,37,37,62,0,33,57,0,0,41,59,44,100,53,51,83,32,35,56,8,40,83,87,97,44,60,55,51,42,46,55,34,38,22,0,25,45,47,10,48,51,100,68
2026-01-17 08:43:02,2026-01-17 08:52:03,0,,100,541,1,2026-01-17 08:52:08,R_58F56W7LK99DS8N,,,,,,,anonymous,EN,Portrait Prof. Cherry,p00831,2,1966,1,3,5,3,9,2,97,84,62,100,2,68,68,86,59,100,72,80,88,3,83,90,63,66,38,47,30,31,64,91,84,50,97,42,30,62,36,52,94,14,39,81,71,18,40,83,58,29
2026-01-17 09:23:15,2026-01-17 09:30:05,0,,100,410,1,2026-01-17 09:30:10,R_EKPZ0N0DSIKE2IH,,,,,,,anonymous,EN,Portrait Prof. Cherry,p00832,3,1968,1,2,5,4,4,2,53,50,0,100,62,63,20,52,100,55,78,37,70,14,64,7,34,100,68,22,55,56,36,63,39,86,84,66,75,50,11,50,76,69,54,27,20,33,51,100,33,10
2026-01-18 08:39:26,2026-01-18 08:46:01,0,,100,395,1,2026-01-18 08:46:06,R_YCVPBGNUPQ11L1L,,,,,,,anonymous,EN,Portrait Prof. Cherry,p00833,2,1989,4,1,3,2,0,2,60,31,43,65,65,80,64,56,4,6,86,87,78,42,62,64,26,78,71,59,49,97,66,38,67,41,9,88,50,36,48,48,78,93,79,94,98,68,15,39,66,59
2026-01-21 02:04:09,2026-01-21 02:16:47,0,,100,758,1,2026-01-21 02:16:52,R_4ZH4J8X6OHUJG1G,,,,,,,anonymous,EN,Portrait Prof. Cherry,p00834,1,1952,1,5,4,2,0,2,15,87,73,75,46,7,17,12,65,10,11,100,27,43,15,74,79,82,72,81,24,59,100,48,21,64,44,25,91,100,50,22,83,30,100,52,22,46,13,70,46,30
2026-01-19 04:32:25,2026-01-19 04:37:43,0,,100,318,1,2026-01-19 04:37:48,R_Q2NKO9U98ISGATV,,,,,,,anonymous,EN,Portrait Prof. Cherry,p00835,2,1978,3,3,4,3,7,1,76,69,3,50,65,100,17,56,32,45,0,54,80,44,42,64,54,9,39,46,48,12,37,57,52,39,68,29,0,62,49,46,0,47,53,38,36,22,41,100,72,83
2026-01-16 23:05:16,2026-01-16 23:16:35,0,,100,679,1,2026-01-16 23:16:40,R_IXH7F36896YQQTQ,,,,,,,anonymous,EN,Portrait Prof. Cherry,p00836,1,1967,3,5,5,4,4,2,78,44,94,2,0,80,69,51,91,59,38,76,53,82,56,26,67,52,14,46,11,88,68,59,54,56,64,69,47,23,100,64,100,83,0,100,100,71,38,87,3,50
2026-01-16 00:12:53,2026-01-16 00:19:34,0,,100,401,1,2026-01-16 00:19:39,R_RCKAUE7UA7EVIIU,,,,,,,anonymous,EN,Portrait Prof. Cherry,p00837,2,1934,2,3,5,2,6,2,20,66,100,41,52,75,40,21,44,69,71,47,36,41,62,16,51,38,18,74,95,52,17,89,76,100,61,80,70,18,37,30,43,53,73,91,45,52,27,16,38,68
2026-01-19 16:37:06,2026-01-19 16:51:51,0,,100,885,1,2026-01-19 16:51:56,R_L2RC3XG6OUZUV7I,,,,,,,anonymous,EN,Portrait Prof. Cherry,p00838,3,1949,4,3,2,4,3,2,82,31,31,34,88,29,24,48,55,19,43,58,40,48,79,21,16,48,25,38,70,44,16,89,54,86,50,58,92,39,0,0,70,67,43,53,22,23,79,53,55,89
2026-01-20 12:07:36,2026-01-20 12:17:20,0,,100,584,1,2026-01-20 12:17:25,R_R7PIKGGJOLNQ421,,,,,,,anonymous,EN,Portrait Prof. Cherry,p00839,2,1947,3,2,4,2,10,2,81,28,100,26,58,25,86,100,34,11,27,76,74,53,38,71,51,40,11,58,47,76,72,83,78,63,19,51,41,90,65,62,10,5,98,53,38,61,80,72,49,48
2026-01-22 01:56:51,2026-01-22 02:02:31,0,,100,340,1,2026-01-22 02:02:36,R_PO16Q7BP5DYFNGN,,,,,,,anonymous,EN,Portrait Prof. Cherry,p00840,2,1985,2,2,4,3,7,2,60,3,24,19,20,0,84,27,69,50,89,0,50,32,36,95,67,47,5,77,51,59,41,84,40,70,100,60,40,73,5,75,67,16,43,39,57,71,71,36,71,32
2026-01-18 12:20:08,2026-01-18 12:30:15,0,,100,607,1,2026-01-18 12:30:20,R_HAQCLDP9V5KBPCJ,,,,,,,anonymous,EN,Model accuracy,p00841,1,1993,3,5,3,4,8,2,39,79,100,34,100,33,16,40,55,52,51,33,43,68,42,62,31,100,7,16,56,28,100,39,37,51,89,73,11,74,89,39,86,26,82,88,13,95,53,0,46,60
2026-01-15 20:36:38,2026-01-15 20:44:22,0,,100,464,1,2026-01-15 20:44:27,R_MC7N1204903ZSBC,,,,,,,anonymous,EN,Model accuracy,p00842,3,1951,4,2,5,2,7,2,40,70,66,10,70,52,34,18,73,66,47,45,84,92,100,21,32,68,59,46,50,47,70,76,35,52,23,40,65,51,74,91,51,100,33,75,100,52,42,32,45,63
2026-01-18 15:53:39,2026-01-18 16:08:30,0,,100,891,1,2026-01-18 16:08:35,R_SSQJIAKM3NNVYUX,,,,,,,anonymous,EN,Model accuracy,p00843,2,1947,1,4,3,1,7,1,34,0,39,47,0,47,79,78,8,45,32,49,42,94,62,11,45,87,34,43,95,100,65,49,38,100,81,25,80,97,90,60,0,63,74,35,66,25,67,54,51,93
2026-01-18 07:44:54,2026-01-18 07:49:59,0,,100,305,1,2026-01-18 07:50:04,R_ZISS4NBAORTFL8R,,,,,,,anonymous,EN,Model accuracy,p00844,1,1947,5,4,5,4,0,1,17,0,11,33,51,49,18,100,0,45,48,72,33,64,67,43,51,48,0,44,54,67,66,72,72,96,43,78,49,71,16,56,39,33,50,46,4,44,16,38,30,43
2026-01-15 14:23:17,2026-01-15 14:27:49,0,,100,272,1,2026-01-15 14:27:54,R_T7QEKZ965CGTE8X,,,,,,,anonymous,EN,Model accuracy,p00845,2,1953,5,3,3,1,6,1,65,40,27,68,75,97,19,64,40,65,28,68,31,17,47,69,71,37,44,44,14,33,36,30,11,34,18,95,73,11,18,48,72,41,29,55,69,47,79,44,74,62
2026-01-17 12:47:56,2026-01-17 12:51:43,0,,100,227,1,2026-01-17 12:51:48,R_46VRKZBKAFGCAH7,,,,,,,anonymous,EN,Model accuracy,p00846,3,1938,2,3,4,4,7,2,25,42,48,54,64,34,100,40,49,22,95,7,0,68,47,43,22,53,48,63,62,32,39,40,55,51,65,47,7,20,69,31,43,61,34,38,34,10,1,28,48,41
2026-01-19 11:30:47,2026-01-19 11:37:12,0,,100,385,1,2026-01-19 11:37:17,R_6PWNVND8YAZBC89,,,,,,,anonymous,EN,Model accuracy,p00847,2,1985,2,4,5,3,8,2,49,66,9,22,43,85,30,0,66,38,5,8,22,82,100,37,25,33,88,31,3,0,57,55,49,81,68,95,0,39,0,23,55,68,80,69,69,95,49,39,74,100
2026-01-15 13:49:26,2026-01-15 14:01:57,0,,100,751,1,2026-01-15 14:02:02,R_XPFH3C3I7MPIHKG,,,,,,,anonymous,EN,Model accuracy,p00848,3,1982,4,3,2,4,5,2,48,72,2,36,25,49,44,100,54,40,35,96,73,44,51,35,34,48,0,58,51,10,82,41,54,58,62,74,57,45,71,71,42,58,81,8,20,80,81,19,44,55
2026-01-16 08:21:05,2026-01-16 08:35:28,0,,100,863,1,2026-01-16 08:35:33,R_APEGLVTR5NJI45O,,,,,,,anonymous,EN,Model accuracy,p00849,3,1990,4,3,5,4,0,2,47,38,29,62,35,15,31,53,56,55,32,54,55,44,100,9,0,22,23,41,28,57,44,22,61,52,72,24,100,13,66,100,30,76,0,20,33,77,76,84,68,53
2026-01-16 22:54:10,2026-01-16 23:02:10,0,,100,480,1,2026-01-16 23:02:15,R_V4SUTM8CECB8AER,,,,,,,anonymous,EN,Model accuracy,p00850,2,1950,4,6,4,4,2,2,0,0,100,58,81,54,3,2,3,37,51,60,17,69,65,42,100,91,16,18,70,35,52,54,92,59,29,26,18,4,50,58,70,75,93,56,100,41,59,50,59,22
2026-01-21 22:24:03,2026-01-21 22:34:48,0,,100,645,1,2026-01-21 22:34:53,R_3LD8XF3QKH030BS,,,,,,,anonymous,EN,Model accuracy,p00851,1,1965,1,5,5,2,2,2,56,45,20,85,20,43,88,85,79,0,80,18,90,60,76,58,0,86,69,14,33,73,90,39,31,57,15,9,67,14,35,44,83,10,12,43,51,23,60,100,31,60
2026-01-19 14:17:29,2026-01-19 14:24:01,0,,100,392,1,2026-01-19 14:24:06,R_K6OG8ULZSIM2424,,,,,,,anonymous,EN,Model accuracy,p00852,1,1997,1,2,1,1,4,1,64,47,18,25,17,35,59,68,56,79,27,57,37,79,20,30,68,53,43,91,46,27,31,76,43,50,37,82,11,31,68,100,46,60,53,67,79,91,16,69,27,97
2026-01-21 22:21:41,2026-01-21 22:34:57,0,,100,796,1,2026-01-21 22:35:02,R_DV65U2LKXBA5W1X,,,,,,,anonymous,EN,Model accuracy,p00853,2,1945,2,1,4,2,5,1,73,21,0,34,47,0,1,47,100,58,47,64,31,89,62,40,57,98,70,40,63,29,75,44,24,28,83,78,37,79,100,56,47,68,70,50,48,48,31,67,11,39
2026-01-17 00:54:46,2026-01-17 01:01:40,0,,100,414,1,2026-01-17 01:01:45,R_0EL3P5FBVKVT1BB,,,,,,,anonymous,EN,Model accuracy,p00854,1,2002,5,2,5,2,8,2,74,53,50,51,27,63,42,42,65,10,46,57,77,46,54,19,100,45,29,40,41,15,0,68,71,74,37,9,85,60,28,65,73,29,10,50,100,59,63,40,44,6
2026-01-17 10:23:47,2026-01-17 10:32:39,0,,100,532,1,2026-01-17 10:32:44,R_Y245ZFDBC8ZG1NR,,,,,,,anonymous,EN,Model accuracy,p00855,1,1984,2,1,5,4,3,2,53,93,50,66,0,39,72,35,34,61,54,4,29,18,56,38,100,47,62,28,82,57,68,97,10,52,61,30,52,55,77,42,1,58,24,19,100,28,91,75,71,69
2026-01-18 13:28:57,2026-01-18 13:42:41,0,,100,824,1,2026-01-18 13:42:46,R_7508XP7SBFFEQ3R,,,,,,,anonymous,EN,Model accuracy,p00856,2,1961,5,3,1,3,2,2,21,53,45,73,70,38,47,45,43,35,47,19,34,81,100,41,31,100,31,6,75,31,68,35,44,14,63,25,0,33,40,28,81,59,100,93,23,15,50,42,81,40
2026-01-18 20:36:35,2026-01-18 20:49:22,0,,100,767,1,2026-01-18 20:49:27,R_ZA85UW4WLX72S6J,,,,,,,anonymous,EN,Model accuracy,p00857,1,1975,5,5,3,4,9,2,60,67,39,52,26,61,69,30,21,45,64,57,8,41,89,49,55,61,12,91,70,23,41,64,33,97,43,52,17,37,92,3,53,17,17,78,21,45,30,53,35,38
2026-01-20 20:25:32,2026-01-20 20:39:19,0,,100,827,1,2026-01-20 20:39:24,R_GGSZG17ZJ8AQUWZ,,,,,,,anonymous,EN,Model accuracy,p00858,2,1975,3,6,4,1,1,2,43,61,1,59,41,39,65,33,39,46,75,80,53,51,51,56,26,26,80,85,73,59,90,47,75,59,29,47,12,48,45,77,54,100,43,41,29,98,66,53,43,80
2026-01-16 17:20:42,2026-01-16 17:27:55,0,,100,433,1,2026-01-16 17:28:00,R_8VOP3K38AB85QAO,,,,,,,anonymous,EN,Model accuracy,p00859,1,1975,2,5,5,1,10,1,63,0,0,29,32,72,55,63,39,10,25,32,77,100,95,37,31,21,16,38,57,53,54,43,30,100,17,43,54,57,23,11,16,83,36,30,45,81,62,31,100,100
2026-01-15 19:20:53,2026-01-15 19:28:09,0,,100,436,1,2026-01-15 19:28:14,R_50P3EUBSOJA6PMG,,,,,,,anonymous,EN,Model accuracy,p00860,2,1982,5,5,3,2,8,2,60,98,57,67,87,45,35,0,45,73,54,70,60,36,55,52,41,34,79,27,41,18,17,66,19,48,50,57,8,51,53,56,54,98,47,80,53,43,83,51,93,23
2026-01-16 23:52:12,2026-01-17 00:02:48,0,,100,636,1,2026-01-17 00:02:53,R_KDIK6FVS89F6GVU,,,,,,,anonymous,EN,Model accuracy,p00861,3,1951,4,6,4,3,5,2,68,26,85,70,6,64,75,46,14,65,69,35,33,73,33,69,78,100,44,100,57,60,61,75,36,82,45,25,67,35,12,68,34,80,41,37,25,48,30,5,1,46
2026-01-16 19:15:27,2026-01-16 19:29:16,0,,100,829,1,2026-01-16 19:29:21,R_PHP8QAU49TVLULW,,,,,,,anonymous,EN,Model accuracy,p00862,3,1966,3,3,5,2,7,2,67,17,66,14,82,63,80,25,4,21,46,100,55,55,21,2,67,61,93,10,22,73,65,45,34,19,48,54,51,86,27,36,18,61,70,44,85,59,67,85,37,91
2026-01-16 23:19:22,2026-01-16 23:24:36,0,,100,314,1,2026-01-16 23:24:41,R_HWORGLNJKHF9ZS9,,,,,,,anonymous,EN,Model accuracy,p00863,3,1984,2,3,3,3,5,2,57,78,18,91,45,31,55,92,66,3,90,0,37,25,80,38,14,37,49,35,66,31,82,33,42,38,33,46,65,100,60,31,32,18,39,40,29,64,13,29,62,79
2026-01-17 10:11:42,2026-01-17 10:18:31,0,,100,409,1,2026-01-17 10:18:36,R_B1KR4S16COKBH44,,,,,,,anonymous,EN,Model accuracy,p00864,2,1995,2,2,5,4,0,1,65,48,68,43,66,96,55,64,49,7,76,100,85,0,24,77,87,63,67,49,98,8,84,60,48,6,77,40,36,77,63,51,56,0,100,78,62,41,70,12,71,58
2026-01-16 03:14:44,2026-01-16 03:26:07,0,,100,683,1,2026-01-16 03:26:12,R_QL8A4AMMEP2K6KZ,,,,,,,anonymous,EN,Model accuracy,p00865,3,1952,2,5,1,1,3,1,73,0,53,73,30,48,69,77,81,42,23,57,62,23,65,41,75,94,86,18,20,50,32,19,46,47,39,81,38,69,41,82,66,29,48,36,71,83,39,29,60,37
2026-01-15 09:53:07,2026-01-15 10:06:36,0,,100,809,1,2026-01-15 10:06:41,R_1BNFHT9C0FKU5WB,,,,,,,anonymous,EN,Model accuracy,p00866,1,1955,3,1,5,2,1,2,36,83,10,33,77,36,29,26,28,12,94,60,61,46,41,46,1,79,47,28,31,77,45,53,90,0,60,37,7,100,41,26,67,66,13,68,94,39,58,32,3,24
2026-01-18 09:54:23,2026-01-18 09:59:27,0,,100,304,1,2026-01-18 09:59:32,R_JASRE2Y9V7H8LGR,,,,,,,anonymous,EN,Model accuracy,p00867,2,1951,4,3,1,1,5,2,46,100,71,47,74,33,99,28,73,40,78,27,71,67,0,50,96,47,90,24,42,64,90,25,55,33,25,67,24,16,56,52,55,80,100,76,51,32,62,59,72,87
2026-01-16 15:57:40,2026-01-16 16:06:01,0,,100,501,1,2026-01-16 16:06:06,R_3PARQB4V8605UNR,,,,,,,anonymous,EN,Model accuracy,p00868,3,1942,3,1,1,2,2,2,39,6,57,0,78,12,42,31,69,100,22,29,36,77,100,24,14,0,43,39,54,25,32,77,100,65,75,22,51,70,66,55,61,14,18,35,100,58,31,35,62,42
2026-01-19 10:49:47,2026-01-19 11:00:16,0,,100,629,1,2026-01-19 11:00:21,R_ZK4XNLSKQF4H1R9,,,,,,,anonymous,EN,Model accuracy,p00869,1,1949,3,1,3,1,9,2,2,57,6,55,65,66,54,72,45,55,48,45,37,76,0,23,79,76,68,55,46,26,30,24,37,76,50,53,65,0,75,73,64,84,57,0,32,54,50,52,14,51
2026-01-17 19:15:08,2026-01-17 19:29:18,0,,100,850,1,2026-01-17 19:29:23,R_1AB7IJSAQB7WN6N,,,,,,,anonymous,EN,Model accuracy,p00870,2,1990,5,1,4,1,1,2,76,0,100,65,61,0,41,67,69,78,21,89,51,55,100,69,61,70,73,3,100,24,48,48,35,4,47,10,57,53,51,77,76,80,31,21,11,0,69,67,0,52
2026-01-18 20:42:21,2026-01-18 20:50:10,0,,100,469,1,2026-01-18 20:50:15,R_RB0W5L7Z5LVROL7,,,,,,,anonymous,EN,Model accuracy,p00871,2,1968,1,2,5,4,0,2,72,57,25,38,20,90,72,64,64,61,53,11,73,82,4,16,18,0,36,34,86,31,40,43,22,78,61,45,43,91,85,46,37,44,81,41,79,4,57,42,75,31
2026-01-18 13:25:54,2026-01-18 13:32:05,0,,100,371,1,2026-01-18 13:32:10,R_XHM0542CJR994IQ,,,,,,,anonymous,EN,Model accuracy,p00872,3,1963,3,3,2,4,8,2,38,34,78,39,54,40,48,48,81,44,16,93,68,17,60,57,8,13,34,55,100,35,70,100,51,81,84,62,0,75,55,56,97,9,0,33,71,75,31,57,21,33
2026-01-15 21:39:51,2026-01-15 21:47:51,0,,100,480,1,2026-01-15 21:47:56,R_36Y35NB5RJZDGQ3,,,,,,,anonymous,EN,Model accuracy,p00873,2,1940,4,6,5,4,7,2,6,68,30,75,53,56,66,78,94,51,17,57,70,67,72,49,74,48,19,70,32,66,33,53,38,43,66,100,20,100,54,61,37,24,60,82,79,83,50,40,52,82
2026-01-20 07:09:28,2026-01-20 07:13:56,0,,100,268,1,2026-01-20 07:14:01,R_C9RH9G92Y373URU,,,,,,,anonymous,EN,Model accuracy,p00874,3,1936,3,1,1,4,9,2,58,22,31,79,17,41,15,72,95,54,46,55,0,46,54,70,30,19,51,33,18,53,76,38,100,21,53,35,53,46,11,48,24,47,55,11,35,42,48,8,33,0
2026-01-15 23:49:46,2026-01-15 23:53:08,0,,100,202,1,2026-01-15 23:53:13,R_6Z08Z9BQYE20CGI,,,,,,,anonymous,EN,Model accuracy,p00875,3,2000,1,6,3,2,10,2,65,56,44,69,45,57,38,71,79,35,63,50,43,71,45,34,73,34,6,52,27,34,80,58,46,71,70,0,47,66,0,40,76,40,46,100,58,20,66,48,83,89
2026-01-20 17:29:26,2026-01-20 17:35:24,0,,100,358,1,2026-01-20 17:35:29,R_5X0LE220DMYXKRQ,,,,,,,anonymous,EN,Model accuracy,p00876,3,2006,2,5,4,1,7,2,69,46,22,36,74,68,36,60,0,66,11,44,8,63,73,35,66,51,31,9,57,66,46,45,43,21,9,6,42,48,68,21,85,0,12,17,85,19,67,25,57,0
2026-01-20 15:38:33,2026-01-20 15:43:53,0,,100,320,1,2026-01-20 15:43:58,R_RXXI01KT1OUXXU4,,,,,,,anonymous,EN,Model accuracy,p00877,1,1969,2,5,5,2,5,2,59,49,35,44,79,48,86,27,70,51,37,51,4,19,87,73,24,59,55,52,32,59,33,51,17,49,61,54,91,52,100,76,24,27,55,100,66,67,61,36,21,28
2026-01-16 22:39:50,2026-01-16 22:51:46,0,,100,716,1,2026-01-16 22:51:51,R_ED6E5JQT5QOW3D1,,,,,,,anonymous,EN,Model accuracy,p00878,2,1999,5,6,2,4,2,2,61,91,83,100,38,54,45,78,88,25,65,88,43,82,27,35,32,26,100,57,69,44,16,5,78,100,65,46,19,66,61,68,10,34,0,16,47,25,86,79,78,48
2026-01-20 03:06:27,2026-01-20 03:10:16,0,,100,229,1,2026-01-20 03:10:21,R_ZM91ENTB8RQO598,,,,,,,anonymous,EN,Model accuracy,p00879,2,1956,2,6,5,4,6,1,35,77,30,71,62,12,72,18,35,18,85,55,53,37,53,15,62,13,14,31,29,72,27,72,64,36,35,38,90,50,52,62,29,72,70,79,65,86,31,62,33,2
2026-01-18 10:14:28,2026-01-18 10:21:24,0,,100,416,1,2026-01-18 10:21:29,R_GJLDOA743DY29PR,,,,,,,anonymous,EN,Model accuracy,p00880,2,1981,3,2,5,1,6,2,66,40,42,64,45,89,43,64,63,100,28,58,0,78,54,52,17,81,17,83,23,5,6,52,74,32,33,77,46,84,34,53,67,39,24,72,56,50,25,77,20,49
2026-01-20 13:43:29,2026-01-20 13:57:18,0,,100,829,1,2026-01-20 13:57:23,R_HONE24G0F6DBT4B,,,,,,,anonymous,EN,Model accuracy,p00881,2,1978,1,3,2,2,4,2,50,49,22,34,57,30,59,35,80,39,50,24,45,87,33,24,45,26,81,79,55,30,7,60,39,81,51,100,60,41,25,21,95,60,39,81,49,0,46,86,33,92
2026-01-15 19:58:33,2026-01-15 20:06:08,0,,100,455,1,2026-01-15 20:06:13,R_59BPGF98LS82WCW,,,,,,,anonymous,EN,Model accuracy,p00882,3,1994,2,3,2,1,1,2,19,74,32,82,59,51,43,28,73,32,75,32,100,51,87,35,44,57,40,64,61,100,20,64,20,24,76,66,44,49,35,73,0,31,74,71,45,40,44,53,100,33
2026-01-21 10:25:51,2026-01-21 10:38:49,0,,100,778,1,2026-01-21 10:38:54,R_MOXN7QZ9KS4RGG5,,,,,,,anonymous,EN,Model accuracy,p00883,2,1956,3,5,1,1,5,1,64,92,41,98,80,92,73,0,48,12,81,41,43,46,25,25,24,90,32,86,42,32,37,86,29,35,55,100,89,31,100,85,18,36,7,14,44,11,41,78,33,51
2026-01-19 23:40:16,2026-01-19 23:46:48,0,,100,392,1,2026-01-19 23:46:53,R_76Z0BU1GI803MSL,,,,,,,anonymous,EN,Model accuracy,p00884,2,1961,5,2,1,4,6,1,22,41,10,39,82,0,94,59,82,23,51,36,99,75,24,72,32,47,30,19,45,37,66,41,40,47,29,23,6,1,62,48,63,49,21,44,48,47,100,100,93,55
2026-01-18 04:29:13,2026-01-18 04:36:11,0,,100,418,1,2026-01-18 04:36:16,R_AV7LBSRR9RERIYR,,,,,,,anonymous,EN,Model accuracy,p00885,1,1953,2,2,1,1,1,1,44,44,28,31,95,38,56,61,56,52,45,58,5,16,72,0,28,23,71,28,49,5,15,78,46,56,36,100,48,42,48,57,18,29,28,38,62,40,100,53,52,91
2026-01-16 05:45:13,2026-01-16 05:49:27,0,,100,254,1,2026-01-16 05:49:32,R_YFV239DZR5J8OUU,,,,,,,anonymous,EN,Model accuracy,p00886,1,1940,1,4,5,4,6,2,16,56,37,31,44,66,74,52,29,47,48,78,51,53,44,52,20,57,82,55,37,6,45,67,55,100,50,94,32,48,51,27,85,78,38,49,69,41,76,91,60,45
2026-01-16 00:18:12,2026-01-16 00:29:16,0,,100,664,1,2026-01-16 00:29:21,R_J8GYFJZFM48YQAR,,,,,,,anonymous,EN,Model accuracy,p00887,1,1981,2,1,3,4,1,2,65,69,21,32,19,28,50,99,56,49,100,14,65,0,63,25,0,28,53,50,85,92,46,3,16,44,55,29,30,67,48,35,67,79,0,69,77,35,57,48,69,0
2026-01-17 15:30:33,2026-01-17 15:42:39,0,,100,726,1,2026-01-17 15:42:44,R_R10S87HC3J0AUVG,,,,,,,anonymous,EN,Model accuracy,p00888,2,1974,4,4,2,4,9,2,75,77,90,46,82,59,26,52,63,48,51,76,62,38,0,68,63,35,57,43,22,50,44,37,27,65,15,86,39,22,59,40,73,0,77,75,75,26,100,24,86,0
2026-01-18 08:37:29,2026-01-18 08:51:59,0,,100,870,1,2026-01-18 08:52:04,R_CPM1NAFSUCT43K7,,,,,,,anonymous,EN,Model accuracy,p00889,1,1988,4,2,2,2,5,2,25,58,15,48,27,39,53,100,2,69,83,91,37,29,62,27,33,15,44,65,36,73,49,98,49,73,61,42,77,13,78,100,43,69,49,88,82,43,49,67,3,90
2026-01-15 16:42:12,2026-01-15 16:55:26,0,,100,794,1,2026-01-15 16:55:31,R_SWPXS071ES6TOHY,,,,,,,anonymous,EN,Model accuracy,p00890,3,1984,3,5,2,4,4,2,63,0,0,83,17,58,58,54,60,60,62,0,55,71,37,66,55,42,63,69,68,97,89,78,32,54,77,85,41,16,78,87,77,63,58,100,89,22,64,46,91,73
2026-01-19 16:12:02,2026-01-19 16:19:08,0,,100,426,1,2026-01-19 16:19:13,R_X11B6VHKK2J0G79,,,,,,,anonymous,EN,Model accuracy,p00891,2,1961,2,4,1,2,0,2,0,27,100,55,67,76,57,67,46,19,66,81,40,60,40,39,71,49,8,67,45,37,54,44,0,69,35,29,82,4,36,13,4,33,53,69,81,58,7,25,100,0
2026-01-20 05:03:43,2026-01-20 05:11:30,0,,100,467,1,2026-01-20 05:11:35,R_C1JGRRIG9OI30X0,,,,,,,anonymous,EN,Model accuracy,p00892,3,1991,4,5,5,3,9,1,82,84,81,70,77,26,71,10,83,80,35,39,75,0,20,46,63,26,41,56,0,98,65,55,44,52,66,77,64,24,20,22,58,54,21,49,31,88,14,43,50,23
2026-01-20 17:34:04,2026-01-20 17:43:25,0,,100,561,1,2026-01-20 17:43:30,R_OU7Q0WSVN24WP2Z,,,,,,,anonymous,EN,Model accuracy,p00893,3,1978,1,5,5,1,6,2,44,6,30,60,48,81,52,75,61,39,58,64,80,81,57,39,29,61,22,58,58,44,74,63,40,55,60,47,64,31,44,11,51,40,17,97,44,57,92,73,73,73
2026-01-15 22:25:05,2026-01-15 22:39:25,0,,100,860,1,2026-01-15 22:39:30,R_DTVC2Y8XOWX5SL9,,,,,,,anonymous,EN,Model accuracy,p00894,3,1987,2,3,1,4,0,2,52,54,89,50,29,49,34,42,88,24,56,62,14,37,39,31,81,78,37,29,56,62,34,60,34,28,24,70,45,22,84,14,58,61,68,60,62,13,61,66,0,60
2026-01-18 21:27:30,2026-01-18 21:42:20,0,,100,890,1,2026-01-18 21:42:25,R_GB1G3XO59BA0Y6T,,,,,,,anonymous,EN,Model accuracy,p00895,2,1943,5,3,2,1,4,2,65,90,72,53,46,40,84,74,24,91,69,42,31,8,46,54,70,45,53,16,39,66,82,20,11,25,52,40,84,51,58,44,43,70,44,13,11,0,14,90,73,37
2026-01-17 03:12:15,2026-01-17 03:15:48,0,,100,213,1,2026-01-17 03:15:53,R_YWQ2HBLMK9PJTHZ,,,,,,,anonymous,EN,Model accuracy,p00896,1,1969,1,3,3,2,10,2,47,25,36,89,29,20,25,76,34,62,14,79,55,34,64,85,33,66,65,50,86,0,32,36,68,17,34,74,78,42,0,88,90,60,21,54,100,96,74,65,24,57
2026-01-18 18:41:43,2026-01-18 18:49:07,0,,100,444,1,2026-01-18 18:49:12,R_NIZ41XCT3Y6TH2U,,,,,,,anonymous,EN,Model accuracy,p00897,1,1970,3,3,5,3,6,2,47,70,37,23,52,0,65,0,61,45,7,94,69,65,46,100,78,50,77,7,62,49,71,59,33,48,64,82,74,24,29,35,41,61,50,18,46,15,100,70,48,31
2026-01-20 21:13:39,2026-01-20 21:27:45,0,,100,846,1,2026-01-20 21:27:50,R_Q8ZUZLXCHLZO3JE,,,,,,,anonymous,EN,Model accuracy,p00898,3,1972,3,1,1,1,1,1,49,48,65,43,43,38,80,28,84,52,31,74,57,87,65,57,0,56,39,100,55,50,40,69,10,65,58,61,25,45,100,17,72,80,46,40,78,70,22,75,31,59
2026-01-16 12:14:46,2026-01-16 12:18:09,0,,100,203,1,2026-01-16 12:18:14,R_NPVLAXE0C6KFLE0,,,,,,,anonymous,EN,Model accuracy,p00899,2,1952,3,1,5,3,1,2,50,28,67,33,87,44,0,56,38,55,77,60,63,69,29,52,49,17,42,38,41,100,4,37,57,15,77,68,91,36,85,52,100,50,54,49,0,15,50,51,24,100
2026-01-17 17:30:19,2026-01-17 17:33:58,0,,100,219,1,2026-01-17 17:34:03,R_5AMB9S1X7RM9UFP,,,,,,,anonymous,EN,Model accuracy,p00900,2,1981,4,1,2,1,0,2,37,85,85,67,55,49,77,30,91,52,32,91,7,0,69,54,38,13,49,64,74,0,100,76,95,36,34,64,83,14,25,49,42,37,93,52,97,26,40,59,100,13
2026-01-17 18:05:20,2026-01-17 18:14:05,0,,100,525,1,2026-01-17 18:14:10,R_NTBVA208USBEKGT,,,,,,,anonymous,EN,Interview Prof. Sebille,p00901,1,1972,5,1,1,3,3,2,96,37,62,42,79,29,74,26,65,82,48,100,60,72,39,23,48,83,93,60,34,10,32,58,48,56,65,44,55,22,46,30,26,32,53,39,69,100,42,69,47,4
2026-01-19 23:57:30,2026-01-20 00:03:48,0,,100,378,1,2026-01-20 00:03:53,R_LYYYST8HIIIPVKY,,,,,,,anonymous,EN,Interview Prof. Sebille,p00902,3,1967,5,4,5,3,5,1,57,75,68,87,55,0,34,56,30,100,73,9,50,44,49,34,8,53,52,49,38,30,55,62,35,68,29,0,5,20,83,57,19,50,31,70,36,64,77,48,78,25
2026-01-21 20:43:51,2026-01-21 20:52:41,0,,100,530,1,2026-01-21 20:52:46,R_DJYNC3MNJDIQSFS,,,,,,,anonymous,EN,Interview Prof. Sebille,p00903,1,1939,2,6,4,1,10,2,27,47,83,18,100,6,43,5,30,47,51,100,40,46,40,40,0,100,47,11,0,37,91,29,99,91,42,57,56,67,37,100,50,37,44,0,65,41,17,0,69,82
2026-01-20 01:48:32,2026-01-20 02:00:28,0,,100,716,1,2026-01-20 02:00:33,R_6PNMS60IC4623IH,,,,,,,anonymous,EN,Interview Prof. Sebille,p00904,3,1992,1,1,2,3,7,2,92,67,90,91,100,52,50,77,59,93,50,63,55,100,60,71,62,73,43,77,0,81,9,52,22,2,68,38,76,59,10,20,20,31,75,62,74,100,85,58,36,46
2026-01-16 09:31:29,2026-01-16 09:43:24,0,,100,715,1,2026-01-16 09:43:29,R_YFJJX3DP4YJC8SS,,,,,,,anonymous,EN,Interview Prof. Sebille,p00905,2,1950,4,5,2,1,7,2,51,55,87,78,22,65,100,43,66,60,33,78,15,9,71,60,40,27,65,0,23,67,22,0,36,78,19,98,28,77,61,34,3,57,36,63,49,37,36,69,91,30
2026-01-15 23:37:54,2026-01-15 23:43:30,0,,100,336,1,2026-01-15 23:43:35,R_N5Z4PU7J2V6A360,,,,,,,anonymous,EN,Interview Prof. Sebille,p00906,1,1972,1,3,3,3,10,2,60,48,86,50,67,69,59,12,65,25,44,89,25,20,11,16,43,45,40,56,17,69,41,58,63,38,52,86,71,67,65,63,60,82,100,29,31,0,96,17,6,74
2026-01-21 16:37:05,2026-01-21 16:44:50,0,,100,465,1,2026-01-21 16:44:55,R_9Z9OEIP0E9635EJ,,,,,,,anonymous,EN,Interview Prof. Sebille,p00907,1,1962,5,4,1,1,10,2,77,24,96,91,81,0,15,23,61,33,11,1,39,0,68,62,87,100,53,64,49,56,10,72,50,68,14,12,76,35,65,27,41,59,48,43,55,53,69,53,71,27
2026-01-18 00:55:20,2026-01-18 01:02:18,0,,100,418,1,2026-01-18 01:02:23,R_NI4BYYLZLCMYBEO,,,,,,,anonymous,EN,Interview Prof. Sebille,p00908,3,1971,3,3,4,3,0,2,73,0,0,66,0,96,30,38,28,48,40,19,35,53,66,82,70,67,45,49,44,100,56,66,43,66,32,56,76,100,47,54,60,0,20,68,47,90,52,41,26,29
2026-01-22 07:35:45,2026-01-22 07:41:26,0,,100,341,1,2026-01-22 07:41:31,R_JFV9W3RSLXPJCZN,,,,,,,anonymous,EN,Interview Prof. Sebille,p00909,1,2004,2,1,5,2,6,2,86,30,45,28,33,29,69,60,0,26,57,69,38,100,40,25,41,31,55,0,35,82,50,70,75,74,27,72,86,66,52,58,86,19,27,10,8,78,51,72,94,16
2026-01-16 14:56:26,2026-01-16 15:02:49,0,,100,383,1,2026-01-16 15:02:54,R_MVFAQA59MO0XHK8,,,,,,,anonymous,EN,Interview Prof. Sebille,p00910,1,1984,1,6,5,4,1,2,40,59,18,91,88,88,64,30,50,25,48,54,20,40,34,58,48,49,72,26,0,19,7,81,44,46,39,31,100,34,77,87,34,51,55,31,39,94,46,56,28,70
2026-01-16 12:40:42,2026-01-16 12:49:14,0,,100,512,1,2026-01-16 12:49:19,R_WHK2SFDKG7L2EZ5,,,,,,,anonymous,EN,Interview Prof. Sebille,p00911,2,2003,3,5,5,2,5,2,33,96,39,62,73,73,100,60,100,70,73,67,83,48,46,54,26,99,100,46,100,48,83,57,27,53,97,11,49,37,59,21,83,88,78,8,78,19,53,17,47,37
2026-01-18 14:35:58,2026-01-18 14:47:18,0,,100,680,1,2026-01-18 14:47:23,R_8GQVVVTXJ7CTXEB,,,,,,,anonymous,EN,Interview Prof. Sebille,p00912,2,1987,1,5,1,2,5,2,56,55,19,52,23,12,73,46,100,43,12,67,38,59,35,34,75,64,65,97,51,7,51,27,73,57,0,80,56,54,22,33,80,52,57,5,87,0,38,93,73,78
2026-01-16 16:45:04,2026-01-16 16:55:36,0,,100,632,1,2026-01-16 16:55:41,R_DKXQGRVXL1P74BN,,,,,,,anonymous,EN,Interview Prof. Sebille,p00913,3,1994,4,2,5,3,6,2,54,56,52,6,20,33,64,91,54,54,99,67,58,53,95,58,39,8,56,17,33,29,69,72,12,44,84,51,36,74,59,0,7,0,52,81,100,41,32,26,48,57
2026-01-16 14:15:01,2026-01-16 14:28:12,0,,100,791,1,2026-01-16 14:28:17,R_D3IYEZ39JH1067V,,,,,,,anonymous,EN,Interview Prof. Sebille,p00914,2,1949,3,5,5,2,9,2,100,19,49,10,0,68,28,43,23,23,23,3,52,39,43,46,100,41,55,38,0,50,50,14,80,50,62,44,53,49,33,10,76,23,47,100,45,31,68,62,37,100
2026-01-20 03:18:47,2026-01-20 03:27:10,0,,100,503,1,2026-01-20 03:27:15,R_4LK80NRKC8MBY35,,,,,,,anonymous,EN,Interview Prof. Sebille,p00915,1,2004,3,1,1,3,3,2,100,65,22,87,20,61,81,20,69,62,98,7,64,41,84,50,37,31,0,65,0,57,56,36,26,61,5,23,45,25,100,100,22,95,29,27,67,37,88,7,41,93
2026-01-20 18:56:59,2026-01-20 19:08:25,0,,100,686,1,2026-01-20 19:08:30,R_WIYM7CZ31JFSHJ6,,,,,,,anonymous,EN,Interview Prof. Sebille,p00916,1,1972,1,4,4,4,8,2,92,15,38,73,79,33,65,11,51,91,34,69,18,24,44,100,76,48,65,45,11,51,72,53,31,43,40,31,79,57,57,35,36,23,77,40,39,54,6,80,71,65
2026-01-17 09:43:20,2026-01-17 09:48:11,0,,100,291,1,2026-01-17 09:48:16,R_5Y15DMG2D3LLG20,,,,,,,anonymous,EN,Interview Prof. Sebille,p00917,1,1967,1,3,3,4,4,2,63,82,100,29,55,100,80,48,77,17,55,59,100,36,26,66,0,66,65,63,38,38,55,0,68,54,19,0,46,39,77,19,67,61,46,58,58,40,57,58,72,85
2026-01-21 06:21:31,2026-01-21 06:28:49,0,,100,438,1,2026-01-21 06:28:54,R_YAQBQ9KITA9T7FU,,,,,,,anonymous,EN,Interview Prof. Sebille,p00918,3,1962,3,2,1,1,3,2,70,52,50,78,32,60,44,25,53,42,78,65,45,82,50,34,52,39,55,8,38,57,73,69,5,81,7,11,0,63,15,39,38,0,83,58,46,35,50,0,57,0
2026-01-19 09:21:30,2026-01-19 09:24:33,0,,100,183,1,2026-01-19 09:24:38,R_1JXRQRXA7VXDN2T,,,,,,,anonymous,EN,Interview Prof. Sebille,p00919,1,1983,5,2,1,1,5,2,64,36,49,100,28,58,41,11,32,27,30,40,70,95,62,32,75,67,0,100,26,98,76,80,10,21,88,28,33,44,76,100,58,45,49,73,39,33,73,31,65,61
2026-01-15 14:55:03,2026-01-15 15:04:18,0,,100,555,1,2026-01-15 15:04:23,R_NRVHQRZOWNK6W80,,,,,,,anonymous,EN,Interview Prof. Sebille,p00920,3,1963,3,3,3,4,4,2,100,56,0,72,0,42,50,30,43,38,24,25,100,66,11,26,1,56,40,31,64,68,9,30,50,13,61,60,38,45,38,51,87,90,68,28,73,100,6,12,32,38
2026-01-17 14:32:27,2026-01-17 14:38:09,0,,100,342,1,2026-01-17 14:38:14,R_4996AI2FD76YMXP,,,,,,,anonymous,EN,Interview Prof. Sebille,p00921,2,1961,1,3,3,2,3,2,70,90,17,23,68,51,24,33,61,36,0,84,70,0,57,20,46,100,32,48,95,39,0,78,26,21,100,2,0,56,34,11,31,53,58,9,54,74,53,47,95,51
2026-01-19 03:03:02,2026-01-19 03:13:28,0,,100,626,1,2026-01-19 03:13:33,R_I62ONQ17Q2IJH55,,,,,,,anonymous,EN,Interview Prof. Sebille,p00922,3,1965,2,4,4,4,0,2,66,64,9,63,58,16,42,97,99,14,52,57,46,42,69,100,22,76,34,12,37,67,52,37,70,64,71,27,0,0,0,31,51,69,15,49,54,6,7,65,80,63
2026-01-21 21:34:25,2026-01-21 21:48:30,0,,100,845,1,2026-01-21 21:48:35,R_AM2MCG1SDWU0BE3,,,,,,,anonymous,EN,Interview Prof. Sebille,p00923,2,1998,4,3,3,1,0,2,32,39,46,26,37,40,24,3,48,21,21,33,70,42,56,28,41,100,16,53,91,54,62,72,29,83,4,67,53,15,69,32,52,47,51,78,5,59,62,43,16,59
2026-01-20 14:37:26,2026-01-20 14:50:33,0,,100,787,1,2026-01-20 14:50:38,R_TOOG5K8GZNIY981,,,,,,,anonymous,EN,Interview Prof. Sebille,p00924,1,1994,4,5,5,3,5,2,8,54,54,0,31,78,80,57,44,33,34,37,42,69,60,33,20,74,0,100,0,80,58,54,26,50,71,66,29,53,54,44,0,35,75,14,46,0,45,78,37,66
2026-01-17 07:59:12,2026-01-17 08:08:45,0,,100,573,1,2026-01-17 08:08:50,R_Z52BE8PASOBYV0R,,,,,,,anonymous,EN,Interview Prof. Sebille,p00925,2,1949,4,3,5,1,2,2,62,79,25,57,53,86,3,100,62,70,17,82,32,38,26,32,25,29,50,0,20,100,29,2,42,87,30,13,72,21,94,6,56,57,1,49,81,70,25,50,100,22
2026-01-20 20:14:07,2026-01-20 20:24:49,0,,100,642,1,2026-01-20 20:24:54,R_JY65T1CLOTZZZY5,,,,,,,anonymous,EN,Interview Prof. Sebille,p00926,1,1963,5,6,2,4,4,1,62,74,18,44,9,80,0,0,65,45,68,56,37,56,44,50,65,47,38,89,48,94,65,56,90,38,72,80,85,49,78,62,34,0,30,100,77,0,70,25,26,30
2026-01-20 16:53:22,2026-01-20 17:05:34,0,,100,732,1,2026-01-20 17:05:39,R_A3BMZBCMJSYHGZL,,,,,,,anonymous,EN,Interview Prof. Sebille,p00927,1,1966,3,6,1,4,2,2,54,50,85,52,68,81,16,81,28,18,54,7,53,28,19,17,100,52,81,56,28,43,33,94,88,53,67,79,18,43,9,0,45,67,67,18,83,81,16,83,64,5
2026-01-20 08:39:39,2026-01-20 08:44:34,0,,100,295,1,2026-01-20 08:44:39,R_6NT1OLYZH28DCUY,,,,,,,anonymous,EN,Interview Prof. Sebille,p00928,3,1997,1,5,1,3,3,2,68,51,51,35,64,15,100,36,51,59,45,54,78,50,2,60,36,42,27,39,39,71,61,85,38,46,30,34,29,14,11,68,77,24,17,61,77,30,24,64,0,0
2026-01-22 03:49:25,2026-01-22 03:59:19,0,,100,594,1,2026-01-22 03:59:24,R_45X1E3TWV56ZJ7U,,,,,,,anonymous,EN,Interview Prof. Sebille,p00929,3,1996,4,2,4,2,0,2,88,10,24,46,41,55,9,93,53,10,57,65,36,27,58,33,77,50,78,72,38,34,18,70,20,31,67,100,42,100,51,29,80,60,0,35,0,55,62,2,54,88
2026-01-20 04:48:31,2026-01-20 05:03:02,0,,100,871,1,2026-01-20 05:03:07,R_A7G69MPEUVN3MPN,,,,,,,anonymous,EN,Interview Prof. Sebille,p00930,1,1956,4,5,1,3,6,2,58,42,66,94,86,63,27,45,19,100,30,42,0,33,49,20,29,95,55,74,47,26,13,34,30,45,68,31,100,34,38,50,39,82,69,48,39,21,95,78,34,39
2026-01-18 02:42:59,2026-01-18 02:48:16,0,,100,317,1,2026-01-18 02:48:21,R_288J1KXSFEYY6AE,,,,,,,anonymous,EN,Interview Prof. Sebille,p00931,2,1984,2,5,5,4,9,1,57,55,38,46,100,76,40,86,55,28,66,78,75,54,60,5,57,26,39,47,77,45,89,0,68,64,75,23,30,42,68,71,19,82,93,16,44,89,66,5,50,85
2026-01-15 12:57:25,2026-01-15 13:06:58,0,,100,573,1,2026-01-15 13:07:03,R_M6CC42XXZWFK0EO,,,,,,,anonymous,EN,Interview Prof. Sebille,p00932,2,1939,3,5,1,4,5,1,76,55,32,15,40,80,36,5,69,15,31,80,49,17,35,100,28,0,56,53,72,70,54,70,6,27,31,52,48,44,1,67,93,40,88,33,38,77,7,32,43,24
2026-01-21 10:08:13,2026-01-21 10:15:16,0,,100,423,1,2026-01-21 10:15:21,R_JJLVI0VRXYFZ6HS,,,,,,,anonymous,EN,Interview Prof. Sebille,p00933,2,1944,5,1,1,3,5,2,76,86,22,29,41,7,18,42,43,65,43,22,52,7,19,32,17,13,76,27,26,1,52,22,78,46,55,32,82,12,0,43,50,58,47,47,21,60,53,60,87,37
2026-01-19 02:29:42,2026-01-19 02:42:40,0,,100,778,1,2026-01-19 02:42:45,R_R14Z0LM45967UVK,,,,,,,anonymous,EN,Interview Prof. Sebille,p00934,3,1989,5,3,3,2,0,2,43,44,36,38,43,100,58,91,40,100,82,96,38,27,70,0,0,58,63,58,0,73,49,62,14,37,65,84,0,67,39,65,33,84,59,69,50,82,0,70,37,66
2026-01-16 04:11:31,2026-01-16 04:16:54,0,,100,323,1,2026-01-16 04:16:59,R_XS366SOHM2TISES,,,,,,,anonymous,EN,Interview Prof. Sebille,p00935,2,1979,1,2,3,1,2,2,60,100,49,51,41,46,24,43,32,49,30,46,84,29,43,5,56,74,50,47,66,57,31,80,100,31,97,24,61,62,8,56,42,67,72,97,44,73,50,67,43,34
2026-01-21 16:22:24,2026-01-21 16:26:47,0,,100,263,1,2026-01-21 16:26:52,R_VN4GOOKAHNT68GS,,,,,,,anonymous,EN,Interview Prof. Sebille,p00936,2,2001,3,4,5,1,2,2,57,35,43,22,42,37,47,30,15,67,62,47,85,20,10,85,61,45,28,85,7,81,80,24,40,43,24,43,38,79,95,94,26,0,39,57,55,98,3,59,57,33
2026-01-17 23:38:08,2026-01-17 23:46:31,0,,100,503,1,2026-01-17 23:46:36,R_E2VYRPAN0SO4788,,,,,,,anonymous,EN,Interview Prof. Sebille,p00937,3,1972,4,1,1,4,9,2,71,66,12,65,40,100,49,22,62,78,47,56,86,70,79,81,77,100,25,57,65,70,22,39,65,94,35,19,14,66,69,39,49,45,51,42,31,65,63,78,78,0
2026-01-16 00:48:58,2026-01-16 01:03:16,0,,100,858,1,2026-01-16 01:03:21,R_3JBEMA8K3YDG551,,,,,,,anonymous,EN,Interview Prof. Sebille,p00938,1,2002,5,6,4,3,8,2,41,60,52,56,55,46,65,88,100,57,53,52,58,38,81,83,36,35,23,44,89,81,15,97,41,68,68,34,73,56,65,83,71,21,65,90,91,32,39,38,66,52
2026-01-22 06:04:03,2026-01-22 06:17:08,0,,100,785,1,2026-01-22 06:17:13,R_UUZIEJHHOR8XNCN,,,,,,,anonymous,EN,Interview Prof. Sebille,p00939,1,1938,3,4,5,3,0,1,15,18,51,41,100,32,32,32,32,23,33,37,3,28,30,0,13,63,100,58,53,0,100,80,15,48,34,41,96,55,75,24,32,78,41,69,64,100,28,80,90,16
2026-01-21 03:56:30,2026-01-21 04:10:55,0,,100,865,1,2026-01-21 04:11:00,R_AB957RHCWQ3ZVFM,,,,,,,anonymous,EN,Interview Prof. Sebille,p00940,1,1975,5,5,1,2,4,2,26,51,46,49,43,77,30,51,66,12,41,41,33,5,69,70,48,68,30,100,0,52,3,76,21,53,23,43,54,25,31,57,1,58,57,61,30,7,70,61,13,92
2026-01-16 10:17:31,2026-01-16 10:22:33,0,,100,302,1,2026-01-16 10:22:38,R_ETRIRA03EO4KDOL,,,,,,,anonymous,EN,Interview Prof. Sebille,p00941,2,1961,3,1,5,4,5,2,3,19,51,49,59,76,53,100,36,0,28,69,98,55,76,37,63,58,71,82,0,38,94,49,76,95,100,88,62,0,67,46,81,33,76,57,36,28,63,28,68,56
2026-01-20 23:59:13,2026-01-21 00:02:24,0,,100,191,1,2026-01-21 00:02:29,R_9Z530AJ0XOYPZVM,,,,,,,anonymous,EN,Interview Prof. Sebille,p00942,3,1979,2,2,4,3,8,2,66,61,35,30,45,65,60,51,0,80,38,0,23,66,43,47,34,34,31,97,28,44,71,59,30,54,21,25,44,55,27,100,66,88,68,48,8,57,66,52,33,44
2026-01-18 14:47:37,2026-01-18 14:56:07,0,,100,510,1,2026-01-18 14:56:12,R_T9P5SXHT5UTNOV2,,,,,,,anonymous,EN,Interview Prof. Sebille,p00943,3,1951,1,3,3,4,0,1,21,24,41,62,13,5,42,40,35,37,8,5,65,15,12,49,43,51,0,54,31,64,36,100,9,58,85,100,80,93,85,41,59,0,44,42,45,56,68,0,21,48
2026-01-20 20:17:59,2026-01-20 20:27:54,0,,100,595,1,2026-01-20 20:27:59,R_P9QY6886X81MC01,,,,,,,anonymous,EN,Interview Prof. Sebille,p00944,2,1949,4,6,1,1,1,2,100,46,37,7,69,23,56,83,68,92,58,45,43,39,54,40,14,56,24,90,23,39,78,24,70,42,44,26,36,100,76,1,69,52,22,73,86,39,88,79,77,81
2026-01-16 01:13:14,2026-01-16 01:21:54,0,,100,520,1,2026-01-16 01:21:59,R_FD38XHK2QAN5Y7Z,,,,,,,anonymous,EN,Interview Prof. Sebille,p00945,3,1936,4,3,1,4,1,2,71,100,14,61,55,90,72,44,55,41,77,38,54,64,39,75,60,46,7,50,66,47,58,64,52,29,37,39,44,44,77,57,29,97,35,52,84,36,2,25,18,48
2026-01-18 15:11:27,2026-01-18 15:21:55,0,,100,628,1,2026-01-18 15:22:00,R_1X527CLO41YDL4W,,,,,,,anonymous,EN,Interview Prof. Sebille,p00946,2,2000,4,3,4,1,7,1,70,31,47,68,0,37,27,36,72,21,32,71,88,77,8,59,80,100,0,83,63,100,79,34,78,21,43,56,52,83,65,50,30,32,66,74,79,54,65,5,1,91
2026-01-16 11:34:04,2026-01-16 11:42:05,0,,100,481,1,2026-01-16 11:42:10,R_0OTN8RVV0YS0IPX,,,,,,,anonymous,EN,Interview Prof. Sebille,p00947,1,1941,4,5,5,4,3,2,49,61,88,19,60,37,83,41,59,0,99,65,96,76,24,80,51,61,71,91,35,46,53,77,92,85,44,57,13,41,53,80,35,44,42,50,37,83,55,78,66,34
2026-01-20 08:12:30,2026-01-20 08:20:46,0,,100,496,1,2026-01-20 08:20:51,R_ZLHG5PKOKDKAP3W,,,,,,,anonymous,EN,Interview Prof. Sebille,p00948,1,1976,2,6,2,4,3,2,34,78,49,1,42,71,51,58,100,80,88,31,36,21,46,62,33,100,86,94,0,65,53,73,0,89,69,33,72,74,100,41,82,43,38,11,66,35,50,51,39,93
2026-01-21 22:59:37,2026-01-21 23:07:27,0,,100,470,1,2026-01-21 23:07:32,R_IV9ZUMNL2539SB9,,,,,,,anonymous,EN,Interview Prof. Sebille,p00949,2,1961,2,4,2,3,6,2,22,73,99,48,96,52,80,43,95,100,70,57,90,9,48,47,20,61,74,0,81,23,76,100,19,59,43,78,76,77,12,49,93,48,100,66,24,21,0,67,74,100
2026-01-16 09:30:27,2026-01-16 09:35:46,0,,100,319,1,2026-01-16 09:35:51,R_KTIAY90E7LDMMCH,,,,,,,anonymous,EN,Interview Prof. Sebille,p00950,1,2002,1,3,2,4,5,1,62,40,81,67,58,27,78,69,30,22,11,47,44,1,20,0,65,27,23,51,49,74,2,21,25,59,56,84,81,100,35,36,29,100,100,95,61,69,0,67,57,96
2026-01-19 04:29:34,2026-01-19 04:43:43,0,,100,849,1,2026-01-19 04:43:48,R_3BTUGW1NLSFE0PX,,,,,,,anonymous,EN,Interview Prof. Sebille,p00951,2,1997,3,6,3,3,9,2,61,97,16,25,72,56,56,49,100,26,89,40,85,90,21,74,29,80,27,50,52,86,0,70,56,21,51,32,30,24,62,89,92,25,39,72,69,64,17,94,13,61
2026-01-16 04:01:52,2026-01-16 04:15:20,0,,100,808,1,2026-01-16 04:15:25,R_KIIQ6NMMG09QW58,,,,,,,anonymous,EN,Interview Prof. Sebille,p00952,3,1970,3,6,3,1,9,2,13,35,68,87,21,39,100,43,62,68,43,7,92,40,76,3,30,14,60,50,26,49,84,9,65,54,30,65,45,51,25,68,27,30,63,48,84,53,37,87,38,81
2026-01-20 17:49:56,2026-01-20 17:59:43,0,,100,587,1,2026-01-20 17:59:48,R_X2KAPI9KCWIHSRY,,,,,,,anonymous,EN,Interview Prof. Sebille,p00953,3,1984,3,3,4,3,0,2,100,45,74,73,37,62,72,73,50,4,2,68,58,64,53,20,64,23,38,81,0,31,41,31,36,58,65,72,49,78,57,38,10,100,91,87,26,79,21,45,23,36
2026-01-18 00:28:26,2026-01-18 00:40:44,0,,100,738,1,2026-01-18 00:40:49,R_P2KYX9IL3KQTVW4,,,,,,,anonymous,EN,Interview Prof. Sebille,p00954,1,1965,5,2,2,1,9,2,3,86,59,46,49,39,26,17,20,27,19,22,59,0,64,41,62,15,51,20,100,33,26,41,67,42,75,33,44,19,68,81,50,33,63,1,40,64,2,63,82,33
2026-01-18 19:22:10,2026-01-18 19:33:12,0,,100,662,1,2026-01-18 19:33:17,R_PM8B45AK1MQVSC9,,,,,,,anonymous,EN,Interview Prof. Sebille,p00955,3,1969,5,1,1,2,0,2,51,61,13,42,80,12,100,23,41,15,63,23,50,0,75,62,23,45,38,94,61,7,47,43,19,10,50,29,66,29,85,0,81,27,30,91,34,40,33,51,35,80
2026-01-16 17:20:36,2026-01-16 17:32:46,0,,100,730,1,2026-01-16 17:32:51,R_HVSW3G2BGFVTJLP,,,,,,,anonymous,EN,Interview Prof. Sebille,p00956,3,1940,1,2,1,2,5,1,58,32,74,41,0,66,1,43,53,52,68,65,69,54,36,92,32,6,49,71,36,24,52,55,100,34,27,30,22,33,100,73,48,29,80,45,76,55,38,78,49,48
2026-01-16 01:28:27,2026-01-16 01:33:24,0,,100,297,1,2026-01-16 01:33:29,R_705UGOEV897VYMG,,,,,,,anonymous,EN,Interview Prof. Sebille,p00957,3,1965,4,3,4,3,2,2,55,37,44,78,37,28,100,33,22,49,73,7,32,40,57,81,67,44,76,15,77,56,21,57,52,53,34,13,76,31,74,100,34,83,36,51,35,45,24,82,45,18
2026-01-19 05:56:16,2026-01-19 05:59:57,0,,100,221,1,2026-01-19 06:00:02,R_DKSP98DVUP9RREY,,,,,,,anonymous,EN,Interview Prof. Sebille,p00958,3,1996,4,5,2,2,6,2,46,53,64,100,100,9,26,24,61,82,42,39,44,50,64,89,42,42,38,61,39,25,54,71,16,83,66,12,3,18,8,53,36,72,32,89,72,47,69,60,73,49
2026-01-22 00:59:20,2026-01-22 01:11:16,0,,100,716,1,2026-01-22 01:11:21,R_40S916W0GR40M6T,,,,,,,anonymous,EN,Interview Prof. Sebille,p00959,1,1959,2,1,1,1,10,2,2,100,32,90,13,41,100,28,31,54,34,69,24,86,43,25,65,0,43,1,62,27,34,0,25,35,60,38,72,34,55,49,19,62,49,35,42,1,56,87,22,83
2026-01-15 19:27:29,2026-01-15 19:32:10,0,,100,281,1,2026-01-15 19:32:15,R_AOH5PLQL8L36V6I,,,,,,,anonymous,EN,Interview Prof. Sebille,p00960,1,1993,2,1,1,4,7,1,51,15,49,78,11,34,41,20,35,57,19,69,56,4,43,41,33,0,76,43,10,60,63,0,55,55,82,31,36,11,67,46,65,79,45,42,80,38,47,28,12,50
2026-01-18 07:05:03,2026-01-18 07:11:11,0,,100,368,1,2026-01-18 07:11:16,R_SUDH78ZH8U1ICW6,,,,,,,anonymous,EN,Extreme weather predictions,p00961,3,1996,4,3,5,1,4,2,34,55,31,86,54,31,17,3,36,58,17,67,34,28,26,80,45,93,32,0,50,13,60,31,66,58,24,56,25,29,83,42,90,98,31,75,26,51,11,67,25,100
2026-01-21 00:16:11,2026-01-21 00:26:29,0,,100,618,1,2026-01-21 00:26:34,R_NFN8D00W92UN1TQ,,,,,,,anonymous,EN,Extreme weather predictions,p00962,1,1968,1,2,5,1,9,2,100,58,66,37,34,35,53,18,63,53,4,36,100,53,39,27,58,38,28,65,31,26,86,41,74,41,22,67,72,63,73,60,97,57,55,35,34,19,30,76,33,37
2026-01-18 03:04:11,2026-01-18 03:13:38,0,,100,567,1,2026-01-18 03:13:43,R_I1FN65IXSLCCIJ6,,,,,,,anonymous,EN,Extreme weather predictions,p00963,3,1948,3,1,5,1,8,2,52,34,69,88,55,62,14,43,68,39,46,73,60,68,47,55,78,53,40,39,19,45,0,14,37,57,100,50,52,71,10,65,100,68,82,25,12,84,56,51,100,37
2026-01-16 07:34:12,2026-01-16 07:44:03,0,,100,591,1,2026-01-16 07:44:08,R_GJI2EIN3NVADR1A,,,,,,,anonymous,EN,Extreme weather predictions,p00964,2,1940,4,2,4,2,7,2,29,65,44,38,100,32,49,45,82,42,83,88,65,70,74,71,25,67,54,20,61,51,24,47,16,49,21,0,26,41,53,44,29,42,74,100,78,24,37,88,79,97
2026-01-20 12:12:24,2026-01-20 12:25:25,0,,100,781,1,2026-01-20 12:25:30,R_1WR276PVS4ULSMO,,,,,,,anonymous,EN,Extreme weather predictions,p00965,3,1943,1,4,1,1,10,2,59,10,67,75,89,64,35,53,4,57,28,37,67,76,34,75,35,60,84,41,39,25,55,45,54,85,41,41,90,55,100,31,3,0,43,16,42,33,51,0,0,70
2026-01-16 07:32:10,2026-01-16 07:43:01,0,,100,651,1,2026-01-16 07:43:06,R_UML2DXY1XTZOXXK,,,,,,,anonymous,EN,Extreme weather predictions,p00966,1,1987,4,5,5,4,2,2,78,0,46,30,30,100,52,55,43,60,69,43,55,68,60,81,36,91,82,15,35,74,72,72,42,100,72,25,59,51,100,31,91,58,70,51,2,80,50,68,37,64
2026-01-18 20:44:47,2026-01-18 20:51:15,0,,100,388,1,2026-01-18 20:51:20,R_L23NBA73BLGMKHP,,,,,,,anonymous,EN,Extreme weather predictions,p00967,3,2006,4,5,4,2,0,2,37,51,77,86,20,67,66,89,49,76,0,56,18,56,65,3,63,42,66,17,25,57,100,56,58,18,95,63,42,95,22,51,58,80,52,39,52,45,23,24,68,79
2026-01-19 01:41:13,2026-01-19 01:49:36,0,,100,503,1,2026-01-19 01:49:41,R_C8UCUQ0P1U132PW,,,,,,,anonymous,EN,Extreme weather predictions,p00968,1,1976,1,5,1,2,6,2,21,51,59,41,71,48,47,77,30,97,65,30,66,51,45,76,73,72,68,44,89,10,22,73,17,80,53,16,42,32,47,89,71,55,79,23,81,12,60,80,10,66
2026-01-19 01:30:17,2026-01-19 01:45:05,0,,100,888,1,2026-01-19 01:45:10,R_UB8XY3ZPW1LVFME,,,,,,,anonymous,EN,Extreme weather predictions,p00969,2,1961,1,4,5,2,3,1,100,29,57,36,100,15,64,0,47,100,55,2,28,46,87,51,79,51,70,56,0,35,25,47,56,56,25,99,9,59,57,90,24,86,5,42,38,57,41,42,32,14
2026-01-18 14:57:47,2026-01-18 15:07:20,0,,100,573,1,2026-01-18 15:07:25,R_GS15K89Q8B8W76O,,,,,,,anonymous,EN,Extreme weather predictions,p00970,3,1983,3,2,1,4,6,2,42,56,49,70,73,34,37,43,77,63,55,56,77,89,66,50,27,78,17,54,63,63,88,16,81,86,51,62,98,20,40,100,46,38,0,25,52,25,31,52,41,54
2026-01-15 09:44:53,2026-01-15 09:59:02,0,,100,849,1,2026-01-15 09:59:07,R_4GKI7MDKIZ14ESF,,,,,,,anonymous,EN,Extreme weather predictions,p00971,3,1958,1,1,1,3,3,2,67,88,37,68,92,67,80,31,23,0,55,79,68,27,100,23,17,52,46,51,58,50,55,100,55,14,25,47,67,38,63,34,70,58,28,76,51,81,43,23,27,26
2026-01-18 05:53:06,2026-01-18 06:03:01,0,,100,595,1,2026-01-18 06:03:06,R_6JRUBSBWDHDDT2B,,,,,,,anonymous,EN,Extreme weather predictions,p00972,1,1965,1,1,4,3,5,2,26,81,92,61,78,27,29,59,60,68,57,67,49,50,32,68,23,32,1,35,8,30,8,33,88,33,70,66,57,31,44,0,13,9,49,36,0,85,52,61,69,68
2026-01-16 06:49:07,2026-01-16 06:53:30,0,,100,263,1,2026-01-16 06:53:35,R_8CQTS2NAIP4E25J,,,,,,,anonymous,EN,Extreme weather predictions,p00973,3,1949,3,5,3,3,3,2,0,9,0,47,0,28,68,59,97,58,52,48,58,76,45,50,70,89,13,56,77,69,44,43,71,37,70,55,48,34,80,56,73,52,67,68,57,50,71,58,30,81
2026-01-19 02:33:12,2026-01-19 02:39:46,0,,100,394,1,2026-01-19 02:39:51,R_TL4AO2KVX42I1WK,,,,,,,anonymous,EN,Extreme weather predictions,p00974,3,1997,2,3,5,1,9,2,34,49,62,47,31,14,71,61,98,87,0,17,0,85,89,23,15,65,76,21,26,100,23,49,66,22,48,67,42,58,24,7,36,98,46,80,7,70,56,35,97,64
2026-01-16 18:13:29,2026-01-16 18:17:40,0,,100,251,1,2026-01-16 18:17:45,R_GGYJHEV1J7JR8N8,,,,,,,anonymous,EN,Extreme weather predictions,p00975,1,1974,4,1,4,2,8,2,34,26,43,43,62,68,95,61,63,100,32,11,77,66,64,83,49,70,17,79,66,46,13,36,30,78,35,28,52,47,62,48,0,0,46,71,46,77,24,82,100,44
2026-01-19 13:47:55,2026-01-19 13:53:40,0,,100,345,1,2026-01-19 13:53:45,R_42UXM5NEMOA8IXP,,,,,,,anonymous,EN,Extreme weather predictions,p00976,1,1983,2,3,1,1,8,2,44,62,38,52,87,4,48,67,0,78,75,23,68,94,67,67,46,0,100,42,34,100,58,0,42,80,71,100,77,49,91,65,100,39,55,54,36,40,24,11,18,49
2026-01-17 17:48:56,2026-01-17 17:54:15,0,,100,319,1,2026-01-17 17:54:20,R_62D0A3TRBOA5LOO,,,,,,,anonymous,EN,Extreme weather predictions,p00977,3,1997,5,6,2,3,6,2,59,40,80,0,55,62,86,86,0,47,53,10,56,54,38,53,79,76,30,78,50,30,72,38,52,64,69,100,35,39,77,88,81,78,73,61,40,62,43,69,1,100
2026-01-15 12:46:49,2026-01-15 12:58:49,0,,100,720,1,2026-01-15 12:58:54,R_6ZXATPEYET9JNU7,,,,,,,anonymous,EN,Extreme weather predictions,p00978,3,1951,1,2,4,1,4,2,70,66,94,13,3,76,47,35,83,62,47,52,72,23,41,40,30,38,13,62,9,0,73,3,79,20,66,38,46,56,89,64,80,54,88,6,0,94,42,36,51,73
2026-01-21 23:19:34,2026-01-21 23:32:58,0,,100,804,1,2026-01-21 23:33:03,R_NWP5U06NJ3TOM0B,,,,,,,anonymous,EN,Extreme weather predictions,p00979,2,2004,4,5,1,1,1,2,100,15,8,85,47,70,33,71,55,89,19,46,44,54,31,0,60,42,41,29,21,53,42,42,0,51,50,70,9,59,83,52,10,0,12,45,67,46,34,68,83,30
2026-01-16 05:12:06,2026-01-16 05:22:38,0,,100,632,1,2026-01-16 05:22:43,R_LWY2DH4X6M398T9,,,,,,,anonymous,EN,Extreme weather predictions,p00980,1,1949,1,2,4,2,5,2,56,39,44,67,47,17,76,71,0,20,39,55,49,0,89,0,50,33,0,57,51,31,100,36,90,11,64,90,44,100,68,72,82,19,78,41,72,57,81,16,17,37
2026-01-21 11:33:26,2026-01-21 11:42:22,0,,100,536,1,2026-01-21 11:42:27,R_EFH5LVIZXF4GS9O,,,,,,,anonymous,EN,Extreme weather predictions,p00981,2,1977,1,2,1,4,6,2,57,55,61,0,4,0,44,67,44,28,47,2,84,22,47,94,82,49,57,33,38,74,43,82,33,35,0,84,51,44,47,74,9,43,59,40,74,68,54,57,31,77
2026-01-15 09:00:44,2026-01-15 09:08:13,0,,100,449,1,2026-01-15 09:08:18,R_PBUYCE27QVCPVV2,,,,,,,anonymous,EN,Extreme weather predictions,p00982,1,1936,2,5,3,3,8,2,0,39,61,56,17,75,91,38,46,42,30,12,85,38,27,49,74,1,69,44,85,0,45,94,100,75,25,14,91,76,81,36,41,35,53,92,78,70,87,35,18,5
2026-01-18 07:03:25,2026-01-18 07:16:47,0,,100,802,1,2026-01-18 07:16:52,R_R81L344NDZ078RY,,,,,,,anonymous,EN,Extreme weather predictions,p00983,3,1968,3,6,5,1,4,2,61,91,0,0,24,84,81,59,86,41,100,52,28,46,63,75,28,50,35,27,82,73,67,35,23,65,71,80,62,54,55,61,16,26,75,40,29,34,100,0,65,69
2026-01-15 10:12:14,2026-01-15 10:23:42,0,,100,688,1,2026-01-15 10:23:47,R_S6F1ZCK22CG83KZ,,,,,,,anonymous,EN,Extreme weather predictions,p00984,3,1965,3,3,3,4,4,2,24,49,21,60,73,38,71,66,54,32,64,44,26,98,43,78,73,39,70,45,41,81,44,0,17,87,30,19,56,19,0,57,52,15,100,51,26,53,15,53,31,44
2026-01-18 00:38:43,2026-01-18 00:47:38,0,,100,535,1,2026-01-18 00:47:43,R_YJQ1V11WQP1ZVFV,,,,,,,anonymous,EN,Extreme weather predictions,p00985,1,2004,5,6,3,3,7,2,99,63,45,81,57,57,81,49,24,23,27,84,45,75,18,100,66,59,29,43,9,26,69,29,64,22,54,0,21,74,39,48,77,18,57,43,30,2,23,90,51,20
2026-01-17 03:55:52,2026-01-17 04:08:27,0,,100,755,1,2026-01-17 04:08:32,R_FBTB0YA4HKTNLUC,,,,,,,anonymous,EN,Extreme weather predictions,p00986,2,2002,5,1,2,1,1,1,69,32,0,49,84,45,45,6,66,74,49,40,38,54,44,77,26,100,44,46,79,69,65,24,62,47,74,17,8,23,3,76,38,64,24,60,69,5,40,1,46,54
2026-01-17 19:31:54,2026-01-17 19:42:30,0,,100,636,1,2026-01-17 19:42:35,R_ZPNZ1MUJ45URXR4,,,,,,,anonymous,EN,Extreme weather predictions,p00987,3,1947,4,4,1,2,10,2,77,48,62,89,87,58,34,42,9,5,33,27,39,30,0,64,34,55,55,51,60,17,20,81,56,86,36,41,28,19,97,28,79,57,97,78,23,32,26,50,43,49
2026-01-19 07:05:23,2026-01-19 07:09:40,0,,100,257,1,2026-01-19 07:09:45,R_9YUWN3DJQ2E84AY,,,,,,,anonymous,EN,Extreme weather predictions,p00988,1,2005,4,4,5,3,3,2,59,71,77,71,56,68,20,71,95,13,70,91,30,79,85,77,37,65,84,86,15,80,33,0,66,74,60,47,89,51,37,78,48,58,44,59,74,11,42,0,44,0
2026-01-17 16:50:51,2026-01-17 17:00:42,0,,100,591,1,2026-01-17 17:00:47,R_E911C1K19S5NYHG,,,,,,,anonymous,EN,Extreme weather predictions,p00989,3,1990,1,3,2,4,1,1,25,52,31,51,78,15,17,0,60,46,0,55,0,100,73,95,40,27,45,53,49,56,88,46,32,26,50,50,68,69,48,0,80,36,61,0,39,23,54,88,60,20
2026-01-18 12:42:47,2026-01-18 12:47:38,0,,100,291,1,2026-01-18 12:47:43,R_601BN13I5F6J23K,,,,,,,anonymous,EN,Extreme weather predictions,p00990,1,1965,4,4,2,1,9,1,49,55,78,48,44,52,51,0,9,44,18,6,53,44,91,36,36,26,58,51,73,9,60,27,69,24,47,45,56,69,81,40,87,65,45,49,55,41,45,75,24,34
2026-01-16 23:08:41,2026-01-16 23:22:53,0,,100,852,1,2026-01-16 23:22:58,R_WTWEE3KDKLPG2E4,,,,,,,anonymous,EN,Extreme weather predictions,p00991,2,1938,5,6,1,1,8,2,51,52,62,52,38,90,63,100,30,10,65,93,0,12,67,92,35,100,58,57,53,31,42,52,49,37,61,63,50,72,45,32,55,47,73,100,24,10,0,14,3,50
2026-01-16 15:48:25,2026-01-16 16:01:54,0,,100,809,1,2026-01-16 16:01:59,R_7RFFHSSBYF09SDT,,,,,,,anonymous,EN,Extreme weather predictions,p00992,1,1971,1,3,4,1,4,2,15,52,47,0,31,59,77,72,27,91,57,63,68,62,52,48,36,32,23,41,70,73,35,20,53,42,33,62,40,39,18,83,61,41,50,83,72,100,55,59,77,67
2026-01-15 23:24:38,2026-01-15 23:27:44,0,,100,186,1,2026-01-15 23:27:49,R_PE1GOAYTSZ73V8L,,,,,,,anonymous,EN,Extreme weather predictions,p00993,1,1980,1,2,2,3,6,2,51,79,3,65,22,94,51,39,15,53,32,66,79,48,40,31,39,54,69,87,11,24,4,13,20,40,100,7,54,60,25,47,49,60,100,31,0,70,10,68,56,47
2026-01-17 17:12:53,2026-01-17 17:19:27,0,,100,394,1,2026-01-17 17:19:32,R_04WQIB31KRLILNM,,,,,,,anonymous,EN,Extreme weather predictions,p00994,3,1994,1,3,3,4,1,2,46,32,65,8,65,48,67,51,42,52,73,56,81,30,89,72,44,100,63,0,39,90,52,79,18,27,61,58,60,38,22,51,0,14,40,68,96,55,30,76,34,27
2026-01-17 02:12:56,2026-01-17 02:24:12,0,,100,676,1,2026-01-17 02:24:17,R_6BZ6V0SOLOZHU3T,,,,,,,anonymous,EN,Extreme weather predictions,p00995,1,1960,2,2,3,4,5,2,40,56,100,67,56,79,0,20,85,24,22,62,35,52,87,49,48,20,32,100,31,18,95,37,46,36,84,62,59,6,41,54,61,79,29,87,95,59,32,11,86,77
2026-01-15 12:01:05,2026-01-15 12:06:47,0,,100,342,1,2026-01-15 12:06:52,R_D64B8772GALFA1G,,,,,,,anonymous,EN,Extreme weather predictions,p00996,3,1977,5,1,1,2,5,1,52,100,41,51,46,29,67,35,93,38,15,50,36,0,8,49,68,19,39,2,64,33,72,42,75,28,56,46,16,100,25,75,30,60,73,86,0,25,81,26,24,48
2026-01-17 08:20:01,2026-01-17 08:27:02,0,,100,421,1,2026-01-17 08:27:07,R_BUV8OG24MVYOL70,,,,,,,anonymous,EN,Extreme weather predictions,p00997,2,1979,5,4,1,1,10,2,65,97,33,93,100,63,46,44,28,50,36,72,72,63,74,27,32,100,58,13,46,56,41,46,32,69,100,33,37,0,54,19,100,25,44,36,20,84,85,59,45,92
2026-01-18 03:56:51,2026-01-18 04:03:28,0,,100,397,1,2026-01-18 04:03:33,R_O93KSCVHVW75VK8,,,,,,,anonymous,EN,Extreme weather predictions,p00998,3,1958,2,4,5,3,10,2,66,30,72,0,81,33,97,34,58,43,100,0,39,86,96,43,28,72,50,92,34,30,91,62,79,52,67,100,8,62,15,26,77,73,34,46,99,54,46,68,72,47
2026-01-18 17:52:43,2026-01-18 18:01:39,0,,100,536,1,2026-01-18 18:01:44,R_75GVK5IHWXD7LL8,,,,,,,anonymous,EN,Extreme weather predictions,p00999,2,1989,3,4,1,2,1,1,52,55,36,67,73,69,100,100,32,63,82,18,16,11,35,100,57,69,18,49,100,21,77,26,50,56,64,89,60,34,43,48,30,0,44,90,52,81,6,99,50,35
2026-01-21 22:46:56,2026-01-21 22:56:59,0,,100,603,1,2026-01-21 22:57:04,R_6A7I7YDRRAO6FST,,,,,,,anonymous,EN,Extreme weather predictions,p01000,2,1967,5,2,3,3,0,2,53,27,57,63,34,43,42,51,64,64,35,55,29,100,22,29,44,55,86,32,68,69,72,31,51,72,31,16,35,56,42,17,100,100,63,48,14,35,85,52,0,43
2026-01-20 10:44:08,2026-01-20 10:56:28,0,,100,740,1,2026-01-20 10:56:33,R_9WSSI1TT0WC4IYL,,,,,,,anonymous,EN,Extreme weather predictions,p01001,1,1940,2,2,2,2,4,2,50,22,16,65,52,59,64,55,52,55,64,50,23,96,60,61,41,61,81,31,49,54,96,53,85,100,66,0,53,70,51,60,57,58,44,47,59,100,48,36,6,60
2026-01-16 09:43:25,2026-01-16 09:46:39,0,,100,194,1,2026-01-16 09:46:44,R_XZ1PT0X0DCPVZMH,,,,,,,anonymous,EN,Extreme weather predictions,p01002,2,1973,3,6,2,3,9,2,80,40,50,48,91,0,60,13,36,47,57,67,55,49,40,82,90,50,44,23,100,19,37,29,87,22,45,79,32,96,0,25,12,67,0,83,86,63,44,44,29,55
2026-01-19 20:12:25,2026-01-19 20:17:28,0,,100,303,1,2026-01-19 20:17:33,R_W8XVPHD3T3ZRUSJ,,,,,,,anonymous,EN,Extreme weather predictions,p01003,1,1977,3,6,1,2,0,2,0,82,84,0,100,15,0,49,40,43,19,68,50,46,3,14,31,96,89,0,37,68,49,46,96,56,40,67,51,49,55,60,36,29,20,63,77,57,73,20,72,73
2026-01-18 21:51:08,2026-01-18 22:02:21,0,,100,673,1,2026-01-18 22:02:26,R_WGZAFXNADZREAW7,,,,,,,anonymous,EN,Extreme weather predictions,p01004,1,1989,2,1,1,1,7,2,80,53,28,100,46,20,53,57,75,69,41,54,42,100,46,62,0,100,56,48,48,75,100,29,24,54,1,11,33,29,84,82,78,53,49,71,36,62,71,24,68,49
2026-01-21 18:02:31,2026-01-21 18:12:54,0,,100,623,1,2026-01-21 18:12:59,R_CYM3HOW35VF01TH,,,,,,,anonymous,EN,Extreme weather predictions,p01005,3,1968,1,2,3,2,1,1,70,52,66,69,38,39,30,0,53,56,76,0,24,56,38,100,63,68,7,100,25,21,68,100,9,100,65,87,11,28,86,5,36,7,31,74,55,32,31,68,84,32
2026-01-18 04:35:39,2026-01-18 04:49:49,0,,100,850,1,2026-01-18 04:49:54,R_1Q3DCKWKG8ZOE8R,,,,,,,anonymous,EN,Extreme weather predictions,p01006,3,1990,5,5,1,1,7,2,6,94,38,64,55,42,44,43,100,58,0,50,30,33,66,49,11,25,100,46,30,16,61,0,84,83,46,28,65,55,5,53,56,59,47,100,66,34,100,4,83,73
2026-01-20 05:29:13,2026-01-20 05:40:44,0,,100,691,1,2026-01-20 05:40:49,R_AS76TSCWSADQ6QS,,,,,,,anonymous,EN,Extreme weather predictions,p01007,2,1985,4,5,2,4,0,1,64,53,31,24,25,30,29,24,66,43,54,62,73,59,18,72,79,62,100,20,45,13,56,16,64,71,22,33,25,68,50,100,100,0,68,79,73,78,40,80,61,47
2026-01-15 19:34:47,2026-01-15 19:47:44,0,,100,777,1,2026-01-15 19:47:49,R_GQSW0C0QEOP1MQX,,,,,,,anonymous,EN,Extreme weather predictions,p01008,1,1981,3,6,2,4,7,1,86,91,1,59,55,26,52,0,53,51,67,40,62,57,7,58,80,55,64,72,84,35,67,53,100,59,60,61,34,52,61,88,32,65,0,100,34,100,42,77,18,100
2026-01-15 13:48:50,2026-01-15 14:02:41,0,,100,831,1,2026-01-15 14:02:46,R_15F9GPD8RLU1ORV,,,,,,,anonymous,EN,Extreme weather predictions,p01009,2,1978,5,3,4,1,3,2,78,62,55,44,100,66,26,56,37,69,32,31,87,87,63,42,8,10,69,63,46,41,61,59,40,50,66,38,21,52,92,39,58,40,51,41,99,55,66,80,16,29
2026-01-18 02:25:12,2026-01-18 02:30:50,0,,100,338,1,2026-01-18 02:30:55,R_D660EN9DEO7ROEY,,,,,,,anonymous,EN,Extreme weather predictions,p01010,3,1947,4,4,2,4,0,1,56,37,63,12,54,41,100,62,4,45,49,62,62,55,56,63,89,7,80,26,19,47,77,73,100,83,14,100,84,64,85,50,62,74,59,58,17,48,48,22,62,78
2026-01-19 10:49:59,2026-01-19 10:53:50,0,,100,231,1,2026-01-19 10:53:55,R_XSIN00PAT2JUTSC,,,,,,,anonymous,EN,Extreme weather predictions,p01011,2,1934,4,6,5,2,8,2,46,70,33,94,76,74,36,21,64,47,49,100,68,57,35,30,74,40,63,87,78,91,48,80,59,14,40,37,47,7,36,57,57,88,15,64,49,45,59,29,65,23
2026-01-16 05:32:50,2026-01-16 05:43:37,0,,100,647,1,2026-01-16 05:43:42,R_F4L7OV1HGAUWL8N,,,,,,,anonymous,EN,Extreme weather predictions,p01012,3,1940,4,2,1,1,1,2,45,63,45,52,84,51,62,25,70,54,23,49,32,64,11,86,48,20,45,67,48,100,100,100,39,63,34,43,80,5,54,43,45,57,0,9,100,61,84,88,55,66
2026-01-17 11:47:42,2026-01-17 11:56:40,0,,100,538,1,2026-01-17 11:56:45,R_3EQ7WV4EEL2GVUJ,,,,,,,anonymous,EN,Extreme weather predictions,p01013,3,1942,4,3,2,3,9,2,22,33,68,75,63,25,22,59,81,68,62,7,15,56,32,40,31,1,39,59,43,26,66,74,48,15,42,66,26,57,72,0,95,50,73,63,59,33,30,34,57,90
2026-01-19 19:19:31,2026-01-19 19:30:45,0,,100,674,1,2026-01-19 19:30:50,R_VYK1H5CRU2635NS,,,,,,,anonymous,EN,Extreme weather predictions,p01014,3,1940,4,6,1,3,4,2,18,81,98,58,88,40,44,26,55,93,59,77,29,100,35,41,42,66,21,45,7,67,20,76,39,72,46,40,13,48,15,47,67,20,43,43,24,71,48,75,18,0
2026-01-15 16:38:02,2026-01-15 16:45:12,0,,100,430,1,2026-01-15 16:45:17,R_OUZA33379DLMSXT,,,,,,,anonymous,EN,Extreme weather predictions,p01015,2,1968,2,6,5,1,1,2,41,44,57,20,0,13,60,0,54,80,33,45,74,60,42,45,52,79,51,84,65,27,100,36,34,67,61,80,55,46,52,52,90,72,24,3,100,95,47,63,50,36
2026-01-16 09:01:36,2026-01-16 09:14:35,0,,100,779,1,2026-01-16 09:14:40,R_WXWJ8C8D8DBFQRG,,,,,,,anonymous,EN,Extreme weather predictions,p01016,1,2006,2,1,3,2,5,2,74,43,0,88,76,0,72,94,29,38,41,42,71,58,42,59,37,3,77,66,54,99,83,51,16,29,18,65,0,24,26,19,74,21,88,67,79,37,29,80,11,53
2026-01-18 14:07:16,2026-01-18 14:20:34,0,,100,798,1,2026-01-18 14:20:39,R_5EGI7XBC6PLLWUM,,,,,,,anonymous,EN,Extreme weather predictions,p01017,1,1950,5,6,3,2,5,1,57,100,100,14,18,50,59,44,51,79,20,72,0,51,39,8,57,21,74,16,54,0,53,78,14,24,56,28,49,51,74,7,50,92,52,26,70,70,64,69,71,33
2026-01-17 02:53:24,2026-01-17 03:05:15,0,,100,711,1,2026-01-17 03:05:20,R_7LI2AZ41OSVVTQH,,,,,,,anonymous,EN,Extreme weather predictions,p01018,2,1993,2,5,5,2,2,2,44,6,0,13,48,56,83,55,89,72,39,36,62,49,32,69,70,15,65,53,74,48,65,55,53,73,70,39,68,91,51,39,43,49,72,2,0,60,43,27,88,57
2026-01-21 08:22:56,2026-01-21 08:30:21,0,,100,445,1,2026-01-21 08:30:26,R_MKCFDUUVKIZZV4G,,,,,,,anonymous,EN,Extreme weather predictions,p01019,3,1940,3,1,4,4,5,2,80,72,80,31,45,71,54,24,31,65,70,66,0,52,75,49,68,17,54,42,18,23,39,100,39,13,55,69,60,58,80,24,43,0,39,46,5,41,49,15,70,59
2026-01-19 18:31:43,2026-01-19 18:44:48,0,,100,785,1,2026-01-19 18:44:53,R_CUQ0MBH7B34PY4D,,,,,,,anonymous,EN,Extreme weather predictions,p01020,3,1947,4,2,4,2,0,2,71,100,56,100,72,100,66,28,45,11,65,26,64,48,69,23,58,55,72,0,49,48,1,42,35,53,22,63,44,0,64,65,9,73,61,47,29,79,52,74,23,64
