"raw_response_file","sha256"
"raw_responses/c01_o01_t01.json","7ae7175a6ca608e9cc2a470d29bc352958f67754f703e8d1e955ef74649876c7"
"raw_responses/c01_o01_t02.json","dda9fab4b2800a30ccc291f26e92d2341d8a9312e82e0e750e2d3da5129b8d5a"
"raw_responses/c01_o01_t03.json","fbc51a1341fa23cb0b1d08d033e363d1cf9ba4646f93173fc56349b1205547eb"
"raw_responses/c01_o01_t04.json","7e7425658baf7385f50840f4bdde35dec729d6741906c9a964038e99ef616ca8"
"raw_responses/c01_o01_t05.json","22001512d1320a2300b39fb07ee8c32dc4d0465bbe6bcbda57a65d627f7605c2"
"raw_responses/c01_o02_t01.json","94a320f3d525d71095880d6543fe7765ac31a3ebf62651b85f46e2713cf7c174"
"raw_responses/c01_o02_t02.json","ea634873b68f568564a59bf1e68cafdff8de854130863c942341a948d3142c66"
"raw_responses/c01_o02_t03.json","479583fd855abfe66c2be777cc58b0c7d819e3fbe71cb8c18d76c29bbb59c5fc"
"raw_responses/c01_o02_t04.json","3cfad74897cd8cb3b1838e321da3d50b19bf8813cb8e4ea723602c8b39dd3c53"
"raw_responses/c01_o02_t05.json","4b77a67c36d37ee3bca84f725c7aa4516a073d5f3307c963500916618d357ac4"
"raw_responses/c01_o03_t01.json","b4abb0508a0bd9d67b43357c2e7fcd80502dd66c940228d85aef760c1c077bfa"
"raw_responses/c01_o03_t02.json","2b9b9168279bfdfbad179d18f3ce6532681956b3018615ee751e6daabc806e4c"
"raw_responses/c01_o03_t03.json","9b859031b501ec2f86f81d9af692cf7153352918e41114021fb328d8c10f7b60"
"raw_responses/c01_o03_t04.json","ab99e7f17751c57edd93952cce3266445ff9fa33675f5895d42d180bd898ff98"
"raw_responses/c01_o03_t05.json","a05f85341051b3c884fcb27c930caf5db2601deb4bf941faa3eac6a2fddcd949"
"raw_responses/c01_o04_t01.json","11eb4085485299ee036351d00c1b1d25cdf27619228b3dccf67471b44074ccb5"
"raw_responses/c01_o04_t02.json","8bb53c7268ad352ef1c4f0c0a2330ddbebe1fd7c3de908b8146369f2291f38f7"
"raw_responses/c01_o04_t03.json","536879f92ef70682978751a3d163d6201bbc092f9f8490dd048b03c778a582f8"
"raw_responses/c01_o04_t04.json","13cf582383e74b1244e37a0e8732173572e46ca394d4caf1bf210f9a49711a57"
"raw_responses/c01_o04_t05.json","afddc95c5c05147c35664fcd4b6553ecdcf65cdce5b4d9a6bfb5197169a892ed"
"raw_responses/c01_o05_t01.json","de133ea1926d4e37954c2c4712d1257bb4d75fd1ba2dd8d9561b255a46983443"
"raw_responses/c01_o05_t02.json","c5cdb57909fb8bf5f2a05c0dd2b312692cba5c088f14b4eda6416445fcf00be9"
"raw_responses/c01_o05_t03.json","d3ddca11c6b17c385739cd6cfd936a0e56fb0912763608782fa9fba3f8b71d4e"
"raw_responses/c01_o05_t04.json","6629c4df6832828617aa29b9ced2f55db7ccd3223715ac1d4873963f04227c68"
"raw_responses/c01_o05_t05.json","736fe89d1c81ac67358290e3bc9399042e84af4e2157c0c2d78b4aa7da0710db"
"raw_responses/c01_o06_t01.json","001709223bddafff697e903f600e4a6765faa6589848e90261e763c26fa0372e"
"raw_responses/c01_o06_t02.json","7be6f174b87a2806e48b50ea280b1fb409910f4f847e10bbd00a877bc2e57e9f"
"raw_responses/c01_o06_t03.json","2c8628dbb80e49dcdc8d0441e9e571ec2b1d2b68eefc564aa22d8c351709fe56"
"raw_responses/c01_o06_t04.json","7f1f28541dde769195d462dece4e52c139e8812ce00fe0861667e6deedbdf1f5"
"raw_responses/c01_o06_t05.json","7b7863b93ff65391ba45a170eabe9b37de712d2a221fffaa21cfa5f2836763a7"
"raw_responses/c01_o07_t01.json","05a56a03a957cca9b3a559ca5e3974f4a012ef039d4eb763f038f5527d489d36"
"raw_responses/c01_o07_t02.json","95b9f98d1e6a402f0c0cf40f963ea09b0efa5337756821319c73b102c706308f"
"raw_responses/c01_o07_t03.json","056ddc9aca5d259d1c1d67293848936275cb624130225d307b628b6595c82b53"
"raw_responses/c01_o07_t04.json","ff5c5248278107f41ae72435b96cc0914557351663ca95ce6a79e7530840e554"
"raw_responses/c01_o07_t05.json","e5e184d903512665a17ab9dc137f277b187846134d2ce65ef3414d60dd8303eb"
"raw_responses/c01_o08_t01.json","a2aea95e9656a610d0cff4f076b4b036197871aa7e7219bcae69fe5f7202e5d1"
"raw_responses/c01_o08_t02.json","aa0bddfbdc5b331697e48e8a969320bf0e9b10acff8b4b86d1e1650524d4cf86"
"raw_responses/c01_o08_t03.json","7493c8dd437fd0420baf99e3deb71ce22ac98fe0fac0796609596039e18d04e8"
"raw_responses/c01_o08_t04.json","1bee0df5d4fde089e0fcfd44a747f72450a02cecd12b9bcf9acabfa490ff4c8f"
"raw_responses/c01_o08_t05.json","434b1e819882775d3e629cd72ca773ccc99297049d9187dd1b0aad887e0e0544"
"raw_responses/c01_o09_t01.json","74044f1d5174cf5a61e4255fcb70e1ba94944907f72af5711ba7d76f453e316a"
"raw_responses/c01_o09_t02.json","de1d28ea3224064adf8e4e473c03c6eb5183585e9de5e7c00582420772d131dd"
"raw_responses/c01_o09_t03.json","dbf631e680352fbc2503caac13add1e9b7492d5d4de73a3f75f284a7ffb54ad7"
"raw_responses/c01_o09_t04.json","1ad3611a2725de36c994cd31bff7f1c49e5b47b7656bbc3a2b45bad41edf353b"
"raw_responses/c01_o09_t05.json","8c4e663b528c915c3a408b5d247ca56251fe930deae5824de5fed98f322689cf"
"raw_responses/c01_o10_t01.json","10430bab72aa77fb1269fdf4cd9f82cbffb46d7362a565ce0f5fc8147dee2d5d"
"raw_responses/c01_o10_t02.json","85e6a18facba2c6ce16358e769120ef6441b67d7d565860e1fe472811b0f5f29"
"raw_responses/c01_o10_t03.json","b94ee6879be042f01e653fcb75e8b06393233049178789f9f9e26af5d7cd9b28"
"raw_responses/c01_o10_t04.json","33f79ba413073da8ad5dee13ad397b27aacd2749113f40e2188c411d8902042c"
"raw_responses/c01_o10_t05.json","4b1731735105b61a17de925397f40382b58190b4b746afd010b1738dfecd46f9"
"raw_responses/c01_o11_t01.json","44aa5ffb3d34175d3257c299cd41f0554237ff0ad575e1a83f2f6622e0617201"
"raw_responses/c01_o11_t02.json","08e0df2746a44a3f4fac7e9da87322db0b0d10e81bc50d06440106444096816b"
"raw_responses/c01_o11_t03.json","4048fe10c23a55d3598bb305ed42b4dcb747024b2b624c382280fc752b61612b"
"raw_responses/c01_o11_t04.json","b84ce21f13f3694993bb289aa748dd64bce8737c5eb72803c2c625ba26ebdb1e"
"raw_responses/c01_o11_t05.json","0d85e40a1def0100848396e6343975f6813d07aa290aea6d3e3e65753b176d88"
"raw_responses/c01_o12_t01.json","edebe850c527aba30cc69190f8b77c903061b1107d80938feb58edd073bbb2f1"
"raw_responses/c01_o12_t02.json","cd6e6c652cb55cf0b046c93d16b9cd28fef25363b4777c986d75b7c56bb6c12c"
"raw_responses/c01_o12_t03.json","d7a63af480884ea6562af1aa5c9cfaad7b80831fe1d0afc26f33fab65feaf632"
"raw_responses/c01_o12_t04.json","95677490c8738e716aeb92b49185f694bf606477b056171dbae149c2d338cb70"
"raw_responses/c01_o12_t05.json","a816a6e111e0ca3a548ef220d847d241fe78b6822155cace097c41d5d7bdb5fd"
"raw_responses/c01_o13_t01.json","61d92f07203e6eabd7c10e4a1088310c8f3d9a8ebf614e5bc5a1c97df93fd37b"
"raw_responses/c01_o13_t02.json","dfc1bacbafc3548da14d210fb44474d33257759d2b9cbfdf27fdbb14c43eaef8"
"raw_responses/c01_o13_t03.json","2405c4eedbca3db9bc80ddf1b78c3e499580fcb3b3fcf429d065acf9e3eaf398"
"raw_responses/c01_o13_t04.json","7a1606119c2ab838f866f212db6ba7c9a2be2d3294d0abca4c09068627d9395a"
"raw_responses/c01_o13_t05.json","8b0f3d33afc7dbe78316b9dc483370ece868b5f8595877f5c51108f75ff1c9bc"
"raw_responses/c02_o01_t01.json","0a8caeb6467ad9c7e3582a835a3ed9ba9be87ccea834f9544078d83c7e9920b3"
"raw_responses/c02_o01_t02.json","959174ba9f21ea2ffbb8e139b1b54fb4584db89aa45f0f89bf3fc1332f60dba5"
"raw_responses/c02_o01_t03.json","b66c5e4feecd9ec1046843748723c80eb812f8ad351dc19dc3f428dd991cacf6"
"raw_responses/c02_o01_t04.json","54165137f1d879cffc7e6ea38e358ec17815c6f8b4acc7b4ee25a3ccb97d28b1"
"raw_responses/c02_o01_t05.json","aea48d4753fe71c831e0d62e70393f77007e8c7680a6cfc23cc728dd9ab29f3d"
"raw_responses/c02_o02_t01.json","3cd543fa127dcdfe33c168de1cdf20a3ffaeed149b806c38cfdcd396048a9fdb"
"raw_responses/c02_o02_t02.json","3216f19dc2211fe685a62b634fe056339f84af687822172ae19a7a5ee9ef62ef"
"raw_responses/c02_o02_t03.json","dbe1fe974a3eea17e807fc7045401c33fbe7b0c3c7558b0a8a8c370960c78412"
"raw_responses/c02_o02_t04.json","15bb4a12bf61c46871b0f3b74051d3d03009567ee3e6420b10bc49f2f33225b4"
"raw_responses/c02_o02_t05.json","60f74d1a6bfc7309d628a155348caf23d2273dac4de7f3567b0ec2a17b686d15"
"raw_responses/c02_o03_t01.json","fc69c66f1907b94800e1a7fa4156b7d866697975fb35151336ab1fc8ea5427aa"
"raw_responses/c02_o03_t02.json","c80ca4e4825cd89671633dcf0814d5ad8e253184ec51e0ed266a5b6b2ea312c6"
"raw_responses/c02_o03_t03.json","e937fe1cd4a1ff67877b1d0289647c554f95d06faed70cf0be79c8632c26a3ff"
"raw_responses/c02_o03_t04.json","d9aaec95fbd8e6f2b46df93cf32ab64c751edaead461fee9dfbfd977e1ef857e"
"raw_responses/c02_o03_t05.json","4ae0592ddd20f8a892351cdd744fc965656cd22198cdb966651f97eec27fd27d"
"raw_responses/c02_o04_t01.json","0e9546757efc9870e2a0d6dd2336c98a2c0d03279ef94e445beff863f138d55b"
"raw_responses/c02_o04_t02.json","ad5cbecc8ca31d84e1637ed8ac725940bd39e30c04abcfb76a84c7f44b1a6216"
"raw_responses/c02_o04_t03.json","23ed6dd6eb5b991624ea38818540da2aefc27c8b53088b14cb146d1e3db7bcdc"
"raw_responses/c02_o04_t04.json","31e29b08794fa03b7fd71232f048535ce5ef9cb0635b139c2d47b19698f0b74a"
"raw_responses/c02_o04_t05.json","277bffffdbeb8f45a6e9d8b2a6ac4435ea74eef7dd3f7f561350e21715712f27"
"raw_responses/c02_o05_t01.json","80eb35b49363c94bda72bb90ab9e225987301fe9c59bb168c30086d1ae769aff"
"raw_responses/c02_o05_t02.json","e99e9f0b6e3b1dd9170ed5ed11a7902288e4b802e36f4e799a9cbb069ac17203"
"raw_responses/c02_o05_t03.json","0d4a9fd839ed1ae69f9ed3befb625c2abcba5d4227f36f7a95825ae5b88da808"
"raw_responses/c02_o05_t04.json","0c6cda7a5f6e84fbec68d13eecd96cefa2965896db4489e1409f11873f71cdd0"
"raw_responses/c02_o05_t05.json","1089aba655c96eae26616a62cb44b36751e1dbeb8f655fa76c5c10e4249e28b0"
"raw_responses/c02_o06_t01.json","ba42930b2a186c85748abbcbc527064afe3618ceea013cbcf8480e8a396e3e52"
"raw_responses/c02_o06_t02.json","ea2f59e07236805e63fac53f4bbcc01348a37c9d8efd2c0ac6f10610585f989d"
"raw_responses/c02_o06_t03.json","ba9a597bac92eddc51a434b17fdb1668c4e6d3fd72b3bfcaafefc3f123d0ac09"
"raw_responses/c02_o06_t04.json","f4f73fc87cd379b715ecc1183c9018186cbb96d7e0f2e51235c0081c8192fb8e"
"raw_responses/c02_o06_t05.json","08a84b53a97998c90cac7a33d6ed31a18452a2a0d136ed471eadaeadf19e4937"
"raw_responses/c02_o07_t01.json","f24268b89f8b099c2a7cf970e19f4f05b05c0606b72fe830492ef67fcdb15a8b"
"raw_responses/c02_o07_t02.json","04fadce761558562e56ac4eb75262b90a75ffee79b5cd13a6ffb6daa7d8a14b0"
"raw_responses/c02_o07_t03.json","9a4489d1c0be416f319e435f36e41750028152d9e23018dd309bc755b5604d12"
"raw_responses/c02_o07_t04.json","25ba22fa4b71669148f5a1ed99db10e485281b9be89f0720546020d05983fd51"
"raw_responses/c02_o07_t05.json","4732eef9af9db1630f6ce667e6793c6dcabdebfb6e420f30f4b2c23838087680"
"raw_responses/c02_o08_t01.json","a9742309eedff4a259ae87aa9efba7d22ef06a9bf9393e8783d07b161aced909"
"raw_responses/c02_o08_t02.json","cf478be3129eebf6df7e636379a76354b0d218e8f8d3ff5ad01f95331f70ed94"
"raw_responses/c02_o08_t03.json","18029b5d735a2ddbc8c3c5a83a7f989dd8b8b8082762f6ab73da31625284f978"
"raw_responses/c02_o08_t04.json","b991975b6cac9b01a2dbfc36826570f00ed137cb84cf0bf8e948c0cbf2203cd7"
"raw_responses/c02_o08_t05.json","dc1648204115f12454c7859445a7f51252b44f109609ea106830e7bf03f82174"
"raw_responses/c02_o09_t01.json","0fe38e996b8bdc617b43787e33a91a9a0478a2600ad65e30c23b08290b996b27"
"raw_responses/c02_o09_t02.json","5de74932902de6592dbadb39c2b63fa24d76069cbe5c8c90ab65a4039cc8fcc2"
"raw_responses/c02_o09_t03.json","a77d08eb2e906c708497ca269fc169f12c7cb7d17fd5b63f15485ab1ef8ba722"
"raw_responses/c02_o09_t04.json","1ea94b6475067308fc54aa01f61d5c7e4f8a46e2f06ca35b4b6a6845602c0eda"
"raw_responses/c02_o09_t05.json","6a6063533b9e8e7c2a735cec4bb3d8030ae5e61794ba261582c9212be9b5dab3"
"raw_responses/c02_o10_t01.json","2f4aff8b684cb7cdf2f76a85df7adfc8e56af2cd35e33072b0f63f3b469bb5e9"
"raw_responses/c02_o10_t02.json","0dfd4a12ef72bf8b59d76db65df177c7e84d40cc79d0de6a76bf4eac6248f86d"
"raw_responses/c02_o10_t03.json","8fe7a5f2c8c6276803a772f7eb96db40cadd3b7145aee4a22c6115fb1869b8e4"
"raw_responses/c02_o10_t04.json","f9d09142810c34ab03a9e9308d390562a93c26eb87d83f7076a28bb05c0adcf9"
"raw_responses/c02_o10_t05.json","2bf85d9f4b77fb2d177a4715349c5245f0c63eeb6d78c252f0d53a14365fa943"
"raw_responses/c02_o11_t01.json","f918ac79ded46ec27779436da55ffb766cf6223d8d24db8574478af8600cd469"
"raw_responses/c02_o11_t02.json","d78247dbe91615cba93f3453ca28901163b7e58b806bac996c5299ec6ae84920"
"raw_responses/c02_o11_t03.json","6105054e57a27a8b66bb00f294b93b01a720ec0cb8371c92b6afb04e6a5c2e7c"
"raw_responses/c02_o11_t04.json","64c6a18976b37eb89a20f8b71a30985108c4970d5a2fdbdd118a686f3427a58b"
"raw_responses/c02_o11_t05.json","09046d85177be9146265c2f98f6fd6471d85b8d6e5f9317396f464de543b6353"
"raw_responses/c02_o12_t01.json","a113dc3c68e8c9cae1a7efb88445e29543b9caa4de609c8fd9de36e0cf8d7c58"
"raw_responses/c02_o12_t02.json","d6a4953d6683527593a139ac86d0449792fefc24033dbada6814ddf4482017a7"
"raw_responses/c02_o12_t03.json","836a422a0f48bcfc90a4e077524afd22ab5ba46dd5c26e82f90c4936f7e0e042"
"raw_responses/c02_o12_t04.json","2f255e56001f3590b93c91632cdada79e866053b5cc8dcf3e0b5bf0519555568"
"raw_responses/c02_o12_t05.json","3046ced90357293a284e099a69505af1522f073f1bebececb61d85622f83ed56"
"raw_responses/c02_o13_t01.json","e6bf5859ec98eac86b164339220f1d4cdc8ecd0cd0bb17c08a3fa911cbbc8f34"
"raw_responses/c02_o13_t02.json","39eecba6c3927c71f26f43944fa13fdcfd9d878f5de5f26ca6fbf4f2f0741b84"
"raw_responses/c02_o13_t03.json","0e7df08b7fa47d511097dec8bb00d711aa00299c8d21a49c41d38b5926318f3c"
"raw_responses/c02_o13_t04.json","9d83a870de26e62eea504b6cfbac57850b9a4254db0cc64c26f5e4ba6aca0e00"
"raw_responses/c02_o13_t05.json","81b4337775cb59074f7b1d56586b247b41b6fb4b27f033774efa399dfaec7e00"
"raw_responses/c03_o01_t01.json","05ee2e3c6ce2ba826daed765285f8abbe7549720e3aa172ccbc68ad2851f80d7"
"raw_responses/c03_o01_t02.json","f5c9c3454a7f28852fce56c7fdb459a13bfb3d274725848c12bd279fb9363699"
"raw_responses/c03_o01_t03.json","a0db15d7f228dbc523fe7e47654b14c526534deb054c1c6c4280bbf87515313d"
"raw_responses/c03_o01_t04.json","a4b05d3afccbf532fb8ceab6cccf90d0c69885d7a4f649424a09275335648b8a"
"raw_responses/c03_o01_t05.json","4e3408c34f87c864ebfd69c50b6e7528dc410bd5528c9c46254756f031f5f762"
"raw_responses/c03_o02_t01.json","96d97a629e2bb44b8187d66306fb1b45d7b87ca404671ff686795fedb6cb062b"
"raw_responses/c03_o02_t02.json","6991365af03d9a6d213f68a90968f9512a73ebff888722e251b9cadb77bc8cba"
"raw_responses/c03_o02_t03.json","aafe4f3d4215f66b29d7b4fcad54967874d2992c5223a92426aa6f71582aa5cc"
"raw_responses/c03_o02_t04.json","ab5f38ebf598f8d15b6a9df57d096e903e74f55f4be9ad85272a7ed8bc9a76de"
"raw_responses/c03_o02_t05.json","4f40dd1eb83f646aa11ac02f3a93dd7dfdb9763c03e5dd4ca0a7f6b56791d40a"
"raw_responses/c03_o03_t01.json","310aea9747ed21ccc6c5de7b6c5c48b1f73b74e821c82cbfcf650f74d56029b5"
"raw_responses/c03_o03_t02.json","64dc05c4277aa377ec7209126be08c99b4840da502347e65ced78f6aa7941ac0"
"raw_responses/c03_o03_t03.json","eceb2d91de1649ec4c9843adaa0b97bc0dff0a79cf0bb7be61e8044d045cc9d9"
"raw_responses/c03_o03_t04.json","dda02fef5ce1d3fa103cff93830405a5ce590bdac1b470fd96afc0d4f55159a7"
"raw_responses/c03_o03_t05.json","88c80872b693ac380fd3627717ed08d7642bc8e5a2c04383fae5bb6bcf467a23"
"raw_responses/c03_o04_t01.json","5c9fb06c5f2a8072ecf09b6531f3dd273daf09ff6066d26940e6a54952d2ffe4"
"raw_responses/c03_o04_t02.json","187dc77efc5ee92dacc25e12456f23c56575a6a31095a579c6d9887aba65a982"
"raw_responses/c03_o04_t03.json","05bca1521b28a53deda3c485c2d7b805f90b844a1c0150a1348d97a1ff045365"
"raw_responses/c03_o04_t04.json","57d2ded8862ef1b29a6a2492aee121328a15a8bfa4037eae7c08d9054b639c01"
"raw_responses/c03_o04_t05.json","fe1b95ef4a618e5e47596ace88046c5091bfa5bbb806a720aab92856e1744cb8"
"raw_responses/c03_o05_t01.json","91925da5068912f6665f9f923cc49ad48d7102045852299b342f8e7a2af11d4e"
"raw_responses/c03_o05_t02.json","0e923c8346f18422c848e916924009e2cf71a4c62b86b8d01f8963c38a8935ce"
"raw_responses/c03_o05_t03.json","146fbd90059893aafd245813e24abc13c79bdce88d78d0490de63fe6b3e3fc9b"
"raw_responses/c03_o05_t04.json","32e60cd1af7b7162ea90dbc2ccc31b2877fd2d169f0c880d30a746eb45e5abf4"
"raw_responses/c03_o05_t05.json","8cfb3ef139524f2021c85615ac4ea4bdb1e41f40efd30fe414130be608f2e784"
"raw_responses/c03_o06_t01.json","1769238011fa4cadc1ce48f638cd0c33c6013ec5315f9f4b6996b89c0b9e8b04"
"raw_responses/c03_o06_t02.json","8de7e10a7e8f041ceb8d764a4fcd1b1f522225bcd331f78ee93c3d23620b2f72"
"raw_responses/c03_o06_t03.json","5512cb5a46fe2636b9311046bbed2c94f0a60aff9d68a1db20f20ad07dc2fa2d"
"raw_responses/c03_o06_t04.json","c96c2ba7d9614bb31f98285a11c23f692bfaad2fe10a968037599b1bb93eb6fa"
"raw_responses/c03_o06_t05.json","55c537b9ef58f1f085e51083c9eb1dc0e79ebae9d181356599581f4dc68192a6"
"raw_responses/c03_o07_t01.json","848abfcbc897906db33858c16b8666206ffc2f73b2db09ad8ccc777b79f688bb"
"raw_responses/c03_o07_t02.json","8c5140afadf39313f4e168fe4084713d014815935b7a524c1bc50ced5408b30f"
"raw_responses/c03_o07_t03.json","864d8b769216954a874342a440025e48a242989a6bcb55ee0fef452f42ec7a82"
"raw_responses/c03_o07_t04.json","7971f978ac4501575f3ca60feaa96cd5c0913ac994b5b2bf50db94b8549e8686"
"raw_responses/c03_o07_t05.json","a801328ac763cef2324badcef8fdec5c457f0e0beab73b7c9ab35ea5604768d2"
"raw_responses/c03_o08_t01.json","57bad4f8fd876ae53320030537767bc01fcd4abe0f4b5468c77bf8d55071811b"
"raw_responses/c03_o08_t02.json","13341ac35d76851d1e2e0120f85eb80c6e5c953efd1dfb4ce56bb65c8de5f2e3"
"raw_responses/c03_o08_t03.json","3ff32dd39ab8e39db76e5480528e718796bf6d02dae6e33203246ee68234d787"
"raw_responses/c03_o08_t04.json","0f615aa017e4dc10b29d179a4b3919229881ec99799b5f57904d4e8790f81a7c"
"raw_responses/c03_o08_t05.json","535834c05c680fdf2def913f45bf1d22e0250bf87b90a4f68d75586395e1dba0"
"raw_responses/c03_o09_t01.json","b81583c4fe7ef67c1d949c5f9bd529a36a54b9eb58474ca6dc0e57e9c42db616"
"raw_responses/c03_o09_t02.json","2d3d1897d8ea40078ff34a479ed36c92d43dc8aff4897e12aad9ff9f57582740"
"raw_responses/c03_o09_t03.json","b3340095c87b28ed4716a6123adf14eab1129aa5ee039a2d672610e0ac525171"
"raw_responses/c03_o09_t04.json","cdc293691e2af858ea2999dcf885279b6effb49bf3652a23e1603594f7bc61bc"
"raw_responses/c03_o09_t05.json","774b08452cbec3b830b9877f693a699786d68e33e118ddc13398ce9a03011804"
"raw_responses/c03_o10_t01.json","d4f2e981d88a56c14101bcf5467ce7b3fe30e5c07898e1cec223d3e6a508ac83"
"raw_responses/c03_o10_t02.json","5ea927f6f32bbb6368bc73e53c38cd191940ede1efd9bce5340aff0568eeb45e"
"raw_responses/c03_o10_t03.json","63e1f91e7a2612c66e54d25786d47d3c7b332ba5c265c811901b421ee9a78f9e"
"raw_responses/c03_o10_t04.json","40669f7e2199fd15b8dbe49359f2dd36f0478e0e9d0f760d98110c1a746b5daf"
"raw_responses/c03_o10_t05.json","014a48a94736523f2e3379a1a8ac254c597deff9674290df84da57f336621555"
"raw_responses/c03_o11_t01.json","da588067e1e455c9dc7c855366945297019b0a4a1420bb98799b4fc8f8e47fb5"
"raw_responses/c03_o11_t02.json","4b461eaa32c99482ae27622b4fb3d5b34d019c3a28fdafeb28d7f0c3025c32d7"
"raw_responses/c03_o11_t03.json","bc49a679d6109bdc3e5317df1235d286ff35250709d89a0117ab07cc9e4e2fc4"
"raw_responses/c03_o11_t04.json","eeae1fee427c41b24e5095db25e737dd1a2536a1783b0e7142c9db497223cb49"
"raw_responses/c03_o11_t05.json","c13bf82e1e796563cae3c4dee71266f799ddd26f4904ef99df5135b23329235a"
"raw_responses/c03_o12_t01.json","61e1cd8798a3b156082aaed5aa81a8e79d4522de095db9ff223ec352fc9ff557"
"raw_responses/c03_o12_t02.json","2cfc0337b3f134ba33f07d49ac4f9e990eb1df32e013d4742cb793e831af8888"
"raw_responses/c03_o12_t03.json","98ca81e9851d4601c670fe2178cca9cf10d518caca7a5197695d3d6343a7541c"
"raw_responses/c03_o12_t04.json","fe95eafbc85689a7ff65cd3092f677c0500694ccb741da05964fee97f7a1c7c6"
"raw_responses/c03_o12_t05.json","9eadf82e9de88ad82532267da8cedd7dd3c6cc6e33433a8f248e97a553467c69"
"raw_responses/c03_o13_t01.json","e2ca6169043134e38daf3cf2c01fcfd9e53b38f4211efeb72afcb28b09bc3cef"
"raw_responses/c03_o13_t02.json","7b83a5c3b0bc1568eac5124a708016834b85b0f384e7066e46b8e6baebc08fb5"
"raw_responses/c03_o13_t03.json","53b37c14171c4c43ece5a8f89f67ca97cae18798944b5ecf3cf8507e9ce5cc47"
"raw_responses/c03_o13_t04.json","a0e849587a17bca657711673d4ab63522a79631d708f90e4cbb10d76cb2059c3"
"raw_responses/c03_o13_t05.json","5f5e5e2093317518afd0c93024e3125221320c082e241bf33c8e5c8fd86b3dbb"
"raw_responses/c04_o01_t01.json","db6ef35fa7bf765844480c86393ea3e931ec87efa0f37336c757db265e3f6362"
"raw_responses/c04_o01_t02.json","e1efcbf6260ce3ccc3ce262901de747d2a957a0b2a4f71989e44b23a9426ff14"
"raw_responses/c04_o01_t03.json","a841e23d79639a12f54ad0e02d11ab1509f725721173f4a9aea69abfcf6cc5f7"
"raw_responses/c04_o01_t04.json","fa5f0ee74342701c99dd1c9c1a61d0f20d6bfbcb0623559a55749546902bbc71"
"raw_responses/c04_o01_t05.json","aabcb65ab112a8718dda53deb7e1677d2409cd4c7f88a15672e632eec61cbdaa"
"raw_responses/c04_o02_t01.json","56ab6bed4cbe715b7033761a51d0b88338266db45aaa2084360f2e525ec6a289"
"raw_responses/c04_o02_t02.json","9d2a5e9b5de355b3984f1757f767aed29acec45f047aa5433fd2b4f7db5ba59e"
"raw_responses/c04_o02_t03.json","5386455cefd36db0048347767c6d676adf5ccd9c1d4ccd252663b9e74b3e0f18"
"raw_responses/c04_o02_t04.json","8190ad146fd101fe64f068f96133358f3b0cb6ee791d9ffc296f3281b2d03565"
"raw_responses/c04_o02_t05.json","a97d525d81e7bb8dfcea6b7a1b459896cdb63c10cc3b903f575a8eed456c1e84"
"raw_responses/c04_o03_t01.json","0fce6b7f366df20ae137b34a139b727e4087d2cb802bf0b4e367c00c360a50d9"
"raw_responses/c04_o03_t02.json","9eb978bfb1f18c0268548cdb2599d0083fc310c1d9f4c23bd849d4e65520d064"
"raw_responses/c04_o03_t03.json","66021cd04b2aa043cc762cb7a9d5e5fba07e72a191ea0b6e69545118a3728acf"
"raw_responses/c04_o03_t04.json","ded85c3ab8c69170f85e1bf5759873e3b5691ba75c12f1474139b4c81ae0a604"
"raw_responses/c04_o03_t05.json","37a00817c7840920a0d1f2fd7659b75ad7b55cba34ccd5c0528fbf5e04ed838f"
"raw_responses/c04_o04_t01.json","c97154293a0045eb6eec110f6549c22c253ca2892d36625b04d7d2bc1ef38626"
"raw_responses/c04_o04_t02.json","87a85920acde826b50f80dff1c8f4e0746d99e942d6185c76053e30b91cde2cc"
"raw_responses/c04_o04_t03.json","01bccd9deae6ea33dbe746dfc5892f48d79f706019c4528dd3bb0752027d218a"
"raw_responses/c04_o04_t04.json","83a3b4df4e28cd7951c86659f62eb69d9976fd26d7ec1420daab53e958c907c1"
"raw_responses/c04_o04_t05.json","4b6250abc4d326bc8705ff963edcfe5b54462c24c01769982b7fd5bf60968076"
"raw_responses/c04_o05_t01.json","41a171945e55c2dc991d04a23b90c4b10a0dff5d8ec35cf6552cd4214c083730"
"raw_responses/c04_o05_t02.json","f57848161b7a24a8ecd54238e935bced4e3c760308189115fe77a93e95044802"
"raw_responses/c04_o05_t03.json","a08e05c60bc890a3aca3e9046b14cc9c80609eb118ec31f2906e53e85cc71428"
"raw_responses/c04_o05_t04.json","1d1157d533fc2a842826ab46dc92d7a69014e756796a6bd40dc33611c008c050"
"raw_responses/c04_o05_t05.json","0c0d4bae4459ebcfc67f16f26057d8ea80b052ff8bbddcba42052ed59c6abd0a"
"raw_responses/c04_o06_t01.json","c34f90d928cfe3add8aad8b718fc4b53b88950d3156a39970b66b6889adf58dc"
"raw_responses/c04_o06_t02.json","cd2f79aefc7471e1457141d8c965f3153152c076f2a41215ab2832392f510e5f"
"raw_responses/c04_o06_t03.json","52e922163ccd510f6e4d745193fcc0ccf735391adca44db28b7b5b437c2c9aee"
"raw_responses/c04_o06_t04.json","038e3369e39240a88ec55de3c92352299ec5cd30a97d659d14429a344f8fa1cb"
"raw_responses/c04_o06_t05.json","e39920aa0b9fcf54158d8462237746ca7d9b88b658de1f6f7f4465c905f8e64b"
"raw_responses/c04_o07_t01.json","05f743a2b40c04e02ced135a3db7075ec24e55fc11deb277d777d74ccd082814"
"raw_responses/c04_o07_t02.json","754b1eab8fc03afe015436b943432348b5a339ae946e1149cc1c5b01c9bafd1e"
"raw_responses/c04_o07_t03.json","e370675499bb9266d2005096735a71250e07f8f62f50a457f45faf0feee48cf6"
"raw_responses/c04_o07_t04.json","dc23c426df027e9be12bb0fd93f1d2cc396cd29a79aaa22bcb793d3a2f676220"
"raw_responses/c04_o07_t05.json","0dee5b5a8b280f0b546f04d93148f15ef9a458f87611a9d4a77effb5c48f91ba"
"raw_responses/c04_o08_t01.json","aa7bacd1fd4b4092ed4642a9dbeddca3bf1b3849522447e0d1c2b008273a97a1"
"raw_responses/c04_o08_t02.json","8131086344d5b22114138664ee1ab1b363adb9a1caabb00cd8aeb1d0365a2b7c"
"raw_responses/c04_o08_t03.json","8a7c8746476a75ec3c5d72dbafdd69a01ce60fae935759e2bf21831a72390436"
"raw_responses/c04_o08_t04.json","92cd6e080a0aeefb8e80e2f69929708b89e5bca59a793b89ff5690fc97475c61"
"raw_responses/c04_o08_t05.json","96553e0081263ec9210bd1ac2e55f74abafa38941f5fe0a6dc9832b453c6185f"
"raw_responses/c04_o09_t01.json","7549f989da4d2e3c719a667450f5ed4c68cc75db8bedf3808da1a5cbbaa4c06e"
"raw_responses/c04_o09_t02.json","04e44967d793e9defcd73e5e94330665246effcc6903ea09fd4e4864cafd5732"
"raw_responses/c04_o09_t03.json","d980b6fa8ac5bd9ed6c361232c8cf4e3d83b3b5a04c75dfc8b3c7d35fbf474e5"
"raw_responses/c04_o09_t04.json","8b2f5d7b9f440bd35d1c4cded6d7d2237c922df8fa187e6d7b15fbc87fe98b33"
"raw_responses/c04_o09_t05.json","85a36775e9b6a8e29bfc076caea4121b94c7544c49d9588d4ce2f5854e803b8a"
"raw_responses/c04_o10_t01.json","6b89b2514384fc6afd2ed25eaba0a1ca5bfb3a6fc6fa434305a09b14aa2a3f04"
"raw_responses/c04_o10_t02.json","1252804be41afc0b68c2e4d6422e1ef71b4b61e36db6d8064a3f5f6844f77073"
"raw_responses/c04_o10_t03.json","188e65af952fb5e53ec028875149999b8c4ff942ecce9845511ca65abd539973"
"raw_responses/c04_o10_t04.json","e73b2118071902b158ee4a3c6579cdff2b46f999adefe59949b749f6829614ec"
"raw_responses/c04_o10_t05.json","5f188d896845b73aed19ba246e5104e900ab393d227545940402982f15d89581"
"raw_responses/c04_o11_t01.json","7ad7eeb1bcae37a0ed6835967f60c1a201b86a31de7563be250c2c796fff095b"
"raw_responses/c04_o11_t02.json","5d5eb82093995f2b6de95016d757e9db0d55c0ab4e8300a55a21ba575992af92"
"raw_responses/c04_o11_t03.json","6e269508208974e1e697b37bd4e8a743f5db8a703ab22eea02007b541a6757a2"
"raw_responses/c04_o11_t04.json","3c6712fdaf928073be1f7cfa1e41070093d194c535f2b716c0c9800548a4c378"
"raw_responses/c04_o11_t05.json","22e701390c9841f74dad72b93f724c43f90c02d1d028ce33fba5ef7010699873"
"raw_responses/c04_o12_t01.json","a3dff01264e7d330996dbb1b94e90ec663c2ee619a637b019c2473304b77c6f1"
"raw_responses/c04_o12_t02.json","f639f0f2e7f05068972466e42f2785b1430ab4e0b2026bda7ac2b11354043523"
"raw_responses/c04_o12_t03.json","a32f70aca8121830ecbcd2a6e6fa8e6173f3541b1551cd493d86c4ca82b397af"
"raw_responses/c04_o12_t04.json","d03b221e9fc3451651674150757cb61180dd9f50645a736a085c14023d1b9229"
"raw_responses/c04_o12_t05.json","7d302ffa64c65b41ca7b67f7f48578d7d6e51a087d62436959bdf62094fa5744"
"raw_responses/c04_o13_t01.json","7d64d4e823c6c725cb62941ef1bac76aaf3d6f7523f52acb1ec502ceaeee32a2"
"raw_responses/c04_o13_t02.json","5aeb72f177afbd2e8fc66ce1cdb14192ab1be77ce02f5716fec019b406b46b7f"
"raw_responses/c04_o13_t03.json","dfb20f776ad855ba3c9f15b24521c52171db866c2b07ffab7dabc9f02a824926"
"raw_responses/c04_o13_t04.json","6b099de737aae4afd320b950c1fc3af2d81a03cf89afcfc259bf7049379e9275"
"raw_responses/c04_o13_t05.json","b0da8c45b34c6b29fb1fde06af24155ddd68bff2e34131260df3d36117b71be0"
"raw_responses/c05_o01_t01.json","31ccbfcff84bd603aae17f639aa08b1ac7cfee8b7ca662af2575c851c030006a"
"raw_responses/c05_o01_t02.json","5720c9938ea53c3537e0fc380c8b3d0cd65bfd82cf6cef2443ccf6e185e05432"
"raw_responses/c05_o01_t03.json","4cde78fd7311bc56962d41af217a426b94ad91d49858bd2cc905855ae275ea5d"
"raw_responses/c05_o01_t04.json","3dd4e1d0a6fa9824b431b46e97e1176071dd701fa5c0790f594b651fc7bc3a05"
"raw_responses/c05_o01_t05.json","e89d71eead0038eff94b4ea945c845ba01585bbc7b8c9b36a362fb3d88355ff5"
"raw_responses/c05_o02_t01.json","4a3c1d6a51a354ae706e7ca37d02f515b30043bfceaa521ff5e2447ae80a7237"
"raw_responses/c05_o02_t02.json","24344bac25effd1f219de60ca3b6e9a66aaaa784355f33b3ae5688131215a191"
"raw_responses/c05_o02_t03.json","31ef69a6a9fc08a5ab27a004faddc73bc4ec5fa1e45120f0bfae9ab5fa52b658"
"raw_responses/c05_o02_t04.json","04867ea288c3eca859cf02f4ba56e70c5758e5ccba2004fa94fbf088dc6d5b83"
"raw_responses/c05_o02_t05.json","0c14a21c62c16a2a2a17e54143f10e703f7bfa7f65bdd7b2910eb79d5a9ac408"
"raw_responses/c05_o03_t01.json","0a3e0b5d94c4be0b3d82c39aa80e06ecbf19f01e352733b0a3472789f0fa4f4b"
"raw_responses/c05_o03_t02.json","87608353953c16a7ec0425baab7ed948c1945538d599836eb5bc05554262f569"
"raw_responses/c05_o03_t03.json","cd3fff3bd3660533569a846827650f8c21a8455adac1bc9d4657af89a5c35c4b"
"raw_responses/c05_o03_t04.json","36c1e260a4d9aad753146561773ecb58d95f96da4579904b6d5079f161b77767"
"raw_responses/c05_o03_t05.json","e1ae94384204a5b76e5dbfd9659b04b8d437997d8b1ad6e29040f4db0eba8c1e"
"raw_responses/c05_o04_t01.json","548d1874e4c6db849fb030ac08e0c391fc9edccefc9ea7b39d486f92e851a2cf"
"raw_responses/c05_o04_t02.json","fca092f5f26ed066aa8b73434422976435fcff16e7091b592a5dadf66baddf7c"
"raw_responses/c05_o04_t03.json","e5c1ba2296641cc3a8874f5827a153d369b9ca95a8af724e134e155f4714c137"
"raw_responses/c05_o04_t04.json","3e4aa082598819303ca085a27a2dfa0893f45bc37f8b055ac4892ceb812d3a6d"
"raw_responses/c05_o04_t05.json","b693f4b28e8e6f06910a8c6dba493134c28ef1aac3cacedcc861170ebf3e0a19"
"raw_responses/c05_o05_t01.json","0f0dd8e2b685a7e6501b75e1af34d895e929736fd58c94db70b70ee85a5f1582"
"raw_responses/c05_o05_t02.json","117d4444426125820d4ccda71420853e5d830b673608ebca9edc0583fce25425"
"raw_responses/c05_o05_t03.json","4c6bfc59de709d1542539aaebec2d914a52dba995f6afe21b28261a95d68120d"
"raw_responses/c05_o05_t04.json","9db2d7f0c12da13c0466e2def3768e8f7a0e737355c77b70ed2cdf9bd9d9a8fe"
"raw_responses/c05_o05_t05.json","446e5189c7a4083c30f100b6ae3722a1295452f87577fa329942b8d8a505b862"
"raw_responses/c05_o06_t01.json","69e35872437e0f2ba949c9299726b686f19b61a383f9049790950d48d660ce06"
"raw_responses/c05_o06_t02.json","467025b0dcd1c7506645cd98fe892475bfce93d81e5de87a52c279fac243d3f1"
"raw_responses/c05_o06_t03.json","eb0499786300ec9c14ecd32bd19894537d1d096ebd60fd649481c248104c4d6c"
"raw_responses/c05_o06_t04.json","38fe40e21b8433f1199fe44fb452793be56f593c69b11e665149d3605fc7c1af"
"raw_responses/c05_o06_t05.json","9697a27c14ba64d3d7fa1789953adca889f2156dd371963ebefeba8f7523635f"
"raw_responses/c05_o07_t01.json","c950876a63bb6d40db6b598e1e1bd304cd647204ea969c10d930bd9018bed56f"
"raw_responses/c05_o07_t02.json","6a0336264608e21e1e1356b257ee394195d23741811fdb256be98ff8649dcdb7"
"raw_responses/c05_o07_t03.json","88d14a7bdf4376d2a63d2d24abfc48c0e4ab4aa1d9a07cd2f02eaaf337e8c4e7"
"raw_responses/c05_o07_t04.json","fafa54937b4f8c9c1b7cc0adec95a15fddf788b8c4d5303f4b5ab36dfa87cfb9"
"raw_responses/c05_o07_t05.json","f0905675fddde6431f31ef10861b158b652752db4776f0a09c03f05adef73f2c"
"raw_responses/c05_o08_t01.json","90bb74fb58c0aef4c76d1fe2f835e8545e816eba759c02cc203cab83c8b83180"
"raw_responses/c05_o08_t02.json","dbff9398142812af6806f47b641f00b1c27df1fdd370df417559b837135c47fe"
"raw_responses/c05_o08_t03.json","44ac5d0b19535f9b5303f86d54e6b4a89675cee35aaf7133459ca57d56a2a2c8"
"raw_responses/c05_o08_t04.json","800d049b85e7837c039a07d5203558f79330ba4f35173d38e8c07d73a9049741"
"raw_responses/c05_o08_t05.json","1fd77aab0e8dbf1dd8a59715b321f36b0f7645a24eb5ceddd3e0f63eea1143aa"
"raw_responses/c05_o09_t01.json","0ac913616e19dc48275908eb50b525f143506c3a2ce23ca4a32f06d33bc632d3"
"raw_responses/c05_o09_t02.json","0cec6860c2b31b83f05c0b69b9b6853f88d83f286400ba24030aad88c07b2993"
"raw_responses/c05_o09_t03.json","ea9e10baa42cdaaeb118d324ea15d823f3658836388841388629f12ee4936269"
"raw_responses/c05_o09_t04.json","e93d1b1b07e2a71d65df758f95a87e410b3b851723a6227a189c6700a3216705"
"raw_responses/c05_o09_t05.json","e03370c738fc9767a54c233b606d2c23cae614ee70bc4186b0bdc2d442ec7dd5"
"raw_responses/c05_o10_t01.json","d37e35ca2bc04d25bd2b6f574a7ea4ec14806372247d330ce44a067334f39427"
"raw_responses/c05_o10_t02.json","8f94cdf815890a4ab1a82c3a5826a55944714d57fcdaa1267a69d1d42c9d1ca7"
"raw_responses/c05_o10_t03.json","647a7db7599fc0ce22b4e87071c28a26868ea5b71051e9ca7261a5561873a2cf"
"raw_responses/c05_o10_t04.json","8fbe22d6cf9e210d627b0d00ecb167e6ba462cde75aeb8fcd40f2ed2201ec341"
"raw_responses/c05_o10_t05.json","c59c58763a5f7f51d981f2c391c1ef55df22e9e729fc4fa66505a686fabebdb5"
"raw_responses/c05_o11_t01.json","d3c948cea625dfea43381ca347e43363f946cc91f604b263974a3a69a9734d57"
"raw_responses/c05_o11_t02.json","e134ca23df0b28a2b042385027ba115c87013de76d84c2a212d53aef686467e6"
"raw_responses/c05_o11_t03.json","163678fc657161b85c770d019db44879fa358d01b2138f79778a1a4331a0e377"
"raw_responses/c05_o11_t04.json","72f3405a2d3f3414bddd793071886de1cd98f243a6406622f96734ebb7f5f7c0"
"raw_responses/c05_o11_t05.json","a7a0ff437f1d9abcad73f76d0bf2d4c12bbfd74acdbc8942261b6f7886a4c5a4"
"raw_responses/c05_o12_t01.json","0a8da3706d31b3fd5c147eaa74d39f5478aa2ea831656c1e1bef5c49a9558494"
"raw_responses/c05_o12_t02.json","0c60ed33e394ee899cbdc8da8bd39a139c80b59dfe2acd9f6fccb8837cc6df49"
"raw_responses/c05_o12_t03.json","757065992d945ac1a6223356295b6329dd4370849bb144a8fb946f4b06f14c53"
"raw_responses/c05_o12_t04.json","6a71cf831b43a3c7e3a062558ef3c67e14f49889ad2e5fc13173b3c64edc6afb"
"raw_responses/c05_o12_t05.json","215b81b704152c6d0fa7179b480bcddf46c9cd49f1fa55c605afbeef2ff005d7"
"raw_responses/c05_o13_t01.json","215bbdfbd887206a316df45054d04dd4329f69b02eb739273a8c5c555a481de2"
"raw_responses/c05_o13_t02.json","12d4a39e7d89f1b0e954da722e5a2d2d4fc9facc67809b9e28160570906a4e0a"
"raw_responses/c05_o13_t03.json","73330db433ce0b41298c4d74177ad46c0e8378b1e770012a7afb665d891e80a8"
"raw_responses/c05_o13_t04.json","20f1be722ff183696278897264ed839267cdc852a4e052429287d672c716940d"
"raw_responses/c05_o13_t05.json","22227b2103632b4aea3c913be82f2a7446f8552e6b8c9f91903d3a3775e693ac"
"raw_responses/c06_o01_t01.json","dc6ca39ea2264cfbf6dd12e361529498bbb3754ac96528dcbf485d4183e5ec69"
"raw_responses/c06_o01_t02.json","5d97cca189eef288e60e14b938aba6c35d3941f03caf9451f67c903c5fc9110d"
"raw_responses/c06_o01_t03.json","3d48a2bb9a18be0982f15272dc44cf20eabad7b3662f41ff318039855b5d3269"
"raw_responses/c06_o01_t04.json","efb97e437d591a0789130b879604a9025fac92d5eed2cebcf0dd8b4d29ccfbcb"
"raw_responses/c06_o01_t05.json","fbd74cb7ab48f1f8d3f82de9726564e43ef8ffa9ce38260f3c3edf3d602d957f"
"raw_responses/c06_o02_t01.json","5f75e5936364bb238d5d1aa7424d0fafb1e0a431d23422e68e6e0e57ec8ad348"
"raw_responses/c06_o02_t02.json","da63e11c8281687c06adcd860c20e64f983bb16902e9e275a6de2afa29fee2b9"
"raw_responses/c06_o02_t03.json","b4b9b9e889d8be08f4687bfb23314a28678c9c2caa64c26bd8b3bf05ec816101"
"raw_responses/c06_o02_t04.json","81cc708fd1caccae70bc4e7edd7a62f284f31e54a9a35135fc8caf3e018bf305"
"raw_responses/c06_o02_t05.json","644b15b4e717de66bd6a5f2868acf15b7c49752aebbe056ada5a110a3aaf6de9"
"raw_responses/c06_o03_t01.json","0fa292d03ab690a278bdc6cfa249b6671702dfd68012034aab0e66710b1316b4"
"raw_responses/c06_o03_t02.json","a471e04971960a96ce73ed7151de90b18bb8e575207c738f039bcf29de8947d6"
"raw_responses/c06_o03_t03.json","caa3c7d345aa085866c06c55045d3b7f6f4595c88bbfc88b63a8fb99ba2cc2fc"
"raw_responses/c06_o03_t04.json","d36af938ba288acb2b0432193045fa1fed6a85882590f31030142110099649a3"
"raw_responses/c06_o03_t05.json","2f0fed4000ad2598e0839e9be80d60c3c4addeb83384cae1b05a0a6e396e39a8"
"raw_responses/c06_o04_t01.json","1050ec9006f29b1557aa2d6772d4ab79d428af300571efab6b2aa138dac41812"
"raw_responses/c06_o04_t02.json","2f363c06a18e3ef8d4361b0d398099e051fd2fb922e81e5325dec7dca00b6f94"
"raw_responses/c06_o04_t03.json","e2bf82a8112d065fc5a76e99b5057cf492b1280304c5c8c365df0f7399d321cc"
"raw_responses/c06_o04_t04.json","f0641cdd90aca0f2325982a0d3ba742eaad3d14f53510fce68844ee3230e438e"
"raw_responses/c06_o04_t05.json","85a402f824293399c465a9655f1269518a44cc0ac399e989c76e7861806c3575"
"raw_responses/c06_o05_t01.json","760b4c8ac322632a6b931918d04782a05d1accccf02c4f76257ac14b56bc5f51"
"raw_responses/c06_o05_t02.json","1d2f991c1fee8c8e51330234edd4063feb7ae5ed9520cd3d271573f017753efb"
"raw_responses/c06_o05_t03.json","93259055ed0b60d0c36344855a5c58d9e140a73a7900c625c43437ea7f162ab1"
"raw_responses/c06_o05_t04.json","5b7e11ac1ba90741792ee23c8aa374e7f30c1b87db3f58dff6bfe23c456e9a91"
"raw_responses/c06_o05_t05.json","87ca1654d9ea2d4a23a597eb514239d95d6e01ea097a9246b2119e7288e573bb"
"raw_responses/c06_o06_t01.json","4e7acc405fd38eda6d074dd333dca9825354f4ee3d8dbf93dd30215f66b5923c"
"raw_responses/c06_o06_t02.json","d5943d59c4aad0fa14b5b21c4d8afa118baa5427416d6e355b3e5efc8dd3c3f5"
"raw_responses/c06_o06_t03.json","08555f365f26b1bdc8a17f326618f1de905ead76831ec4bc57979249f6acca8d"
"raw_responses/c06_o06_t04.json","e9abfea3b135778a620909c2626223d012c129de6405f05ad011b8e2813b0c54"
"raw_responses/c06_o06_t05.json","432f5732b31469867c6550504deb6817517a8417f6ddd1376043a82e671861c8"
"raw_responses/c06_o07_t01.json","0895f2d54c03ef9f190828e73b49528705975d468d39ddcc76b09b568963afd3"
"raw_responses/c06_o07_t02.json","e35dad9d7b982b81ae3d01f4133f051ca6e797a1fc11438492beff059f217bb9"
"raw_responses/c06_o07_t03.json","054cec9c85ad7a84ea89346442da1b1a5b0ffc8e8132404cd630aec6e90316e2"
"raw_responses/c06_o07_t04.json","9e2c1f4207f57172a3351c11731c959e4b6ac8c12bede10a6914e753e69ae4f8"
"raw_responses/c06_o07_t05.json","6fae884f3dce04f3c865786b090d3de3352503b5dedc81f8c5fb7bdb72983d7f"
"raw_responses/c06_o08_t01.json","a27771f9291e57cc8ab37e8f85aea1b7d9e2630eda5b68ad30cb390fa375ae01"
"raw_responses/c06_o08_t02.json","9eda9f755388a33dcfb198c31e8d8c72f0902c9a862e7b4a5b81b6eb90195580"
"raw_responses/c06_o08_t03.json","7dc6e5f5e23915c6bdcb8b13c14fb5aab0eaa1ba0cbe53e4adfe1f25576c7164"
"raw_responses/c06_o08_t04.json","1ac6e949caf9a81aca4ffff57857dcc8860f1672f4f4cc4d882c84611233e9be"
"raw_responses/c06_o08_t05.json","e7bbc07eab51ed5b230b86d50aca3dd28d53210c57e6a79c10fdd18b73c546c4"
"raw_responses/c06_o09_t01.json","c2a1d2f937ec0d2fefff2390b3f307416628a9aee54c50678b87cec1b08f73ec"
"raw_responses/c06_o09_t02.json","38a78c1fe4373bc1973f21891d6b449a9ed18d6e9105c389858cf96201438c9d"
"raw_responses/c06_o09_t03.json","ca3eb5251abaa586dd1c7a8cec657be4e3b8b66540a1fd68dbb158071bc9c48c"
"raw_responses/c06_o09_t04.json","ebc8d530692b87fe9d57241c794cb6b0b6e7dfdbc76abc37338038cd0ffa1e91"
"raw_responses/c06_o09_t05.json","435dec86ccefebe48448ed8a25c084561f85716793af32ca3aa58405a6300993"
"raw_responses/c06_o10_t01.json","eb323cde9565f3ddf4306dc1e15b523d1d1728e2ef43687d1c0d43deadb6da6f"
"raw_responses/c06_o10_t02.json","b43697406717454be7c23757017c27a982e29f398ff8b0b244ae6846d232015d"
"raw_responses/c06_o10_t03.json","ab63634ed80409b41abce17b556f0d320165416fe32eabeb3e669b93338839d1"
"raw_responses/c06_o10_t04.json","64b48cc5f088adeef3fa37a813b3e56b28b2c0e1ba97f970b65629cc34b0413e"
"raw_responses/c06_o10_t05.json","fdeb60920ffd934b84dca9f1cbe30ae58d264fa961b90ad494f3d53353ba09be"
"raw_responses/c06_o11_t01.json","6149226f02701c3f774361c36f030ba7467b0383cb0e29c91268ef864367a5b4"
"raw_responses/c06_o11_t02.json","0a91df4415de4c44c7fe5933c0202ebb329a092e1dc386adde59bbc0f093e301"
"raw_responses/c06_o11_t03.json","08a5ebbbbb704f7fbe9e5050595cf22f6c67c5cbc360d0d78a471fb4bff3fc0b"
"raw_responses/c06_o11_t04.json","82be029c109edc365434aed1b08c06b0c30b6d1e88929f1bc8c1bd1a431d9758"
"raw_responses/c06_o11_t05.json","8547823c328b24728344aca426842d560b4b10069fba39e529d4d02cc7d72cc9"
"raw_responses/c06_o12_t01.json","ffb5847f6775727a092eb1a1687b46357e58b65967a4821aec7d2c5d22e84efe"
"raw_responses/c06_o12_t02.json","e9a67e0b3790ce572ae30878d138c17ab79ac9b203322e000860fb13e13a3694"
"raw_responses/c06_o12_t03.json","e5e46c2893d467e68dd22b44ad71e9081afbea3d5cad246d37e099d622311fb0"
"raw_responses/c06_o12_t04.json","f4a479cdb1018cb4637f6c90db2a85f863151921f55e7f47584ba42d4667d7a1"
"raw_responses/c06_o12_t05.json","904f14ccde417b5c4608d40255b772c5beb607209a91886dd01244e456bac6a5"
"raw_responses/c06_o13_t01.json","cb775a876b0eafb1a78586fae5821a2d31b5241a54e007afcd6b01c91b08eacb"
"raw_responses/c06_o13_t02.json","c69f038ae7f5b3c74c61a4ca116f287e0d434656df1ff551adf6341fa6cc8006"
"raw_responses/c06_o13_t03.json","68a762102241dfd7e8270f1235e28fedf0c353309eb222642fca363e631b492f"
"raw_responses/c06_o13_t04.json","3e409c76b257ff97515fff8374d27820b70f8ad6876de1849e124f30f1a9e533"
"raw_responses/c06_o13_t05.json","31b0f2128a58e00f21a6fa179ad9559aaa60975e37983c6a8f86da1196d8e154"
"raw_responses/c07_o01_t01.json","9b0160229e4542e9d0caa01100331de896fca526b35bbf00c646fee05c9ec3bf"
"raw_responses/c07_o01_t02.json","623b2d4ba25b996256bb7e6ae82d264846d03d4dfba883e2e6e020823fccf2b9"
"raw_responses/c07_o01_t03.json","73f372b1e75116e49847bb6a43eca8425263f094b0caf6a3fd1b416428fa5ac4"
"raw_responses/c07_o01_t04.json","ee56e28fbae0902fd391b6df89485aa80592bd7145a5549d9385cb51edc624b2"
"raw_responses/c07_o01_t05.json","1a700eef71808fa947d90914b75fa539f90811d6ea57bab563c704a850c1e081"
"raw_responses/c07_o02_t01.json","5c892e64c6e5c04f32fafebbe7a2dd73f5f18936c2d61c41e40f146aebeaf5b6"
"raw_responses/c07_o02_t02.json","c709fd394a74ff3120a18a05d634f33714e06cefb6578e8954647f3d693b314a"
"raw_responses/c07_o02_t03.json","473aad066c5269934eebf090ed1ebd5cde6e3ee2d9fa00fec2cef467097bcc6b"
"raw_responses/c07_o02_t04.json","ce9efa8b199e2a32f9984297d5c47675d0025e34b6998d74a97a21a0bf7a2fb1"
"raw_responses/c07_o02_t05.json","31a4290998c2c9ac7616281e8056b585200e35cfb872d974666a58de6cb523e0"
"raw_responses/c07_o03_t01.json","9cef88f998b67dbb85b318d4fbcf9659982f4ad2bf19b4f9960986282af5c717"
"raw_responses/c07_o03_t02.json","cb211de84ef70d0d9157be483741e5cb5539765ba8dd27e2074f86350a2d2924"
"raw_responses/c07_o03_t03.json","886c74b796ccf14a0ef4bda3eca83f7b98581d7c7f1aa220318f6bba92530102"
"raw_responses/c07_o03_t04.json","d0d1f0922e73ca7efb000907ae6f1344e554ac671fdb977bdd74e14f8ee8fdc4"
"raw_responses/c07_o03_t05.json","6f5b46fbc753d54268df4cc7168be667afe810b50d425540544c40df8aaaa0c0"
"raw_responses/c07_o04_t01.json","9fcd508e326b558e51ab3db79b455f2604260d68489fcc1b4882b7ba4d1d6bf3"
"raw_responses/c07_o04_t02.json","e382139bc0b6774418a5ca0c51d21b7b238d07bcb4ae9c81c56bdfc3c5059d96"
"raw_responses/c07_o04_t03.json","7e8c9a07dc3d7f839c601141445f2d8d402828246fc5290ae8481fcbf5e2fe42"
"raw_responses/c07_o04_t04.json","fbd0def162ed4ffe2ef6b674ea969c0040ea2f3dddbbfac49f3e43d6237b967a"
"raw_responses/c07_o04_t05.json","aa4530a6e8736e6a75b2e287cba0d72dee619ab85a84e30fb6cc69ee720947e4"
"raw_responses/c07_o05_t01.json","373bb1aee59c75ed9252c6fce1e09bbbeb5b86a3226bf790029f76baeac0c9b8"
"raw_responses/c07_o05_t02.json","b45786b4577ad590e3d833389de93b563a51ad6c218d1a91330406996e7585d2"
"raw_responses/c07_o05_t03.json","e6729bb4f35c3aca5571866b6217a43c8d7d5b2021c88977ed1ad3ef669cb0d7"
"raw_responses/c07_o05_t04.json","dfcb6f6ef2808177bd2bb32a2143d47b9fa545493844ca6e1911196a5a732e12"
"raw_responses/c07_o05_t05.json","40a22497517547265cb2bad704cda652edd415e8a26b6f1619c0498941c4c181"
"raw_responses/c07_o06_t01.json","e5515218f2a4e5ff83e1ee35c06c45d889b4099ae386fa42e26138e6bb1cdc9d"
"raw_responses/c07_o06_t02.json","6acd2284097ba7cfb32733367c2e06388b35094dd5e41d865ff4299b61b142d2"
"raw_responses/c07_o06_t03.json","48ea83c052a4e0fd10fd2be95bfae5044e9c4fbc02f7296fce51f9df908fdaf0"
"raw_responses/c07_o06_t04.json","80966f06d938af158dc1a87c76a02d4b6047c220a9aafd3259762c47a90e2f3e"
"raw_responses/c07_o06_t05.json","038d9c11d0bc4d3bebd9badef3d8865d16cf8ba2789500087941ccf092c2547d"
"raw_responses/c07_o07_t01.json","70d4bc78017e09aa47282f8373d50adc381d4ada530ee13a0873867ffe91d873"
"raw_responses/c07_o07_t02.json","43ac8018be8fa23195a4bb4f3dd24a92ed457a4110b6e3b48e190c2d46093e0e"
"raw_responses/c07_o07_t03.json","988d9f04bd75cedccf5aaa5745fbb750c0d42b47ba5bd6dec01735069ee63ee8"
"raw_responses/c07_o07_t04.json","c7fc18750e65a431b4fd39b71c30d5b3f3bdbe3b6566d3213cf1fa2585e3e162"
"raw_responses/c07_o07_t05.json","69a8572bef28eef60dd411bb448bf4683410ae060d2e6d2f35fe82b5ed3f8fd1"
"raw_responses/c07_o08_t01.json","c42a69b73fb0b3051d1f21b5cb73be99659c092492f6f00e8aea9c0f1cb53f34"
"raw_responses/c07_o08_t02.json","fa351867ae48a77058fe789e60438857b61ec3f4b43bf0fcaa58226eb8b8a84f"
"raw_responses/c07_o08_t03.json","c18fe6d7c3716ab4627d969cff30551919df48eb2513f41fcd6d912280ea6042"
"raw_responses/c07_o08_t04.json","22cd5b9e9c046f7b8f15386cc78ebe387b735cc3d9f5e16f1455123df97dbf3f"
"raw_responses/c07_o08_t05.json","bfeed5b2c99a703bd7af5cb05f15ee4ce772ddc970f599ba491427efb8ae2e12"
"raw_responses/c07_o09_t01.json","722b4ce4dfa39055086958e6ee70a5e8fc9398b89d034ed54fd69a4d9d36a199"
"raw_responses/c07_o09_t02.json","a33819a2744623b6cb3a1d53659e90c17069d4a79d14b3c528cca7ec8e9a7b63"
"raw_responses/c07_o09_t03.json","1ec6ad921f2115e1a9389aecea6dec7563d638534b493d95f56f4540afe4870c"
"raw_responses/c07_o09_t04.json","a43d2ea228c488bb8c8c6752310fca9ce610c97922100e1e919d26bcf7c08296"
"raw_responses/c07_o09_t05.json","c7f9ba55a4d234b3ad19a8cfc6791e5fc2b0431e39f869d4219050798e15a2b5"
"raw_responses/c07_o10_t01.json","2966e12489a7cc8dae1b26793c87f348e0738a999efbf029a510639cfe5b1f88"
"raw_responses/c07_o10_t02.json","72276336e25f71f827a5e73a391fbea7f9922bc4548f42eed00c278269d8dce8"
"raw_responses/c07_o10_t03.json","b0a33aa20563b87f0dc6f0238122793fda6027fc2e0ee6ff90cff58805a8db2d"
"raw_responses/c07_o10_t04.json","955ddcef73843c41df10cf6d45c38235712bee4e9a7feb1b935e16442cf4a51a"
"raw_responses/c07_o10_t05.json","319be0acfcd1c5b5cef7cd2562d81aed6dfa8bf1e22db72ec3f12714da0f798a"
"raw_responses/c07_o11_t01.json","cd96c88cf7e5cb444bf667cd79f5c4d10ec937116da2de86f741fba51501dd77"
"raw_responses/c07_o11_t02.json","4113990ea56c6c5b595c8037cdf5fc60831cd4aa79677b42bb4c6f7ac68bf627"
"raw_responses/c07_o11_t03.json","30c41d6fb67d5eaa117944fac8494f87046d3177986f72e391b4e6958942ef32"
"raw_responses/c07_o11_t04.json","37471ff9fc3849d8690f7c7d0a2d06c0522ea03588c4f8f154da5644544c800e"
"raw_responses/c07_o11_t05.json","bfce3b12a038900f81f97d65fc97bc23269cbfc06e5ad00a1516a307ae264eb7"
"raw_responses/c07_o12_t01.json","804038806d28745b89cfe7e60be6a63f39ecffadbdf2fdcfa1d2478350f3ef67"
"raw_responses/c07_o12_t02.json","b0b0db0773b2f1c09aebab0323030c9c9f902aaffb9f308a63d2453f1cd3c3d0"
"raw_responses/c07_o12_t03.json","030ad083b8b93f6fce4eccf9f089a6a13c746a46d5e14b57b653ba5b90b4fb93"
"raw_responses/c07_o12_t04.json","4b71a603d3474ee54f2143121f73565358e6e2c1703f10e486c0f61af4b0951d"
"raw_responses/c07_o12_t05.json","22fac19215f14c9e874ecdb1bcfc7d4689cbafdc6e28efb34cfece2680e072a0"
"raw_responses/c07_o13_t01.json","a0c17ea86e15213929f8920d9708c7161b7cf5077392b3fcd47bdf4202accf93"
"raw_responses/c07_o13_t02.json","d1af83e71ebe5a0cf263ccbc5cc86e14c3d66936c5002f00409f2034c60f9222"
"raw_responses/c07_o13_t03.json","4728c2e3e7d02c03ba4274cbc50d2b7aee12c6e76fd5e457f2ff08c69ff16c19"
"raw_responses/c07_o13_t04.json","8fde416577e09a760bc7c402eb2b4d957f9494101c4f8f1a3caaca52e60aa0b5"
"raw_responses/c07_o13_t05.json","dddcc789ce44ad2365853bd976f090d3851f28bd229d7a63c0dac3d946b13400"
"raw_responses/c08_o01_t01.json","1bc855391d038551623e29cc6bddbad865510b0123edf4ef8b3a2c4c70a9fe37"
"raw_responses/c08_o01_t02.json","fa939d116c018cfca83bffca0e67ec8309a9f93d302c242d0fa981a42175f2b8"
"raw_responses/c08_o01_t03.json","46c2ceea5a63b90c07adb1167a9e21b5c74ed71e6246dae23a837ae2c02dbf42"
"raw_responses/c08_o01_t04.json","c190a536630f444de1b871f85e5fe682e678ed938720b6341920695ff2ba5720"
"raw_responses/c08_o01_t05.json","81c63150c8ac4738360dff7bb8b89abe5b2050af245bb73559ea4015dde672f7"
"raw_responses/c08_o02_t01.json","de76aabb7b9a69a09f477ec253ee8dabee118e856ef5aef5af2c10d0d4c6f399"
"raw_responses/c08_o02_t02.json","5e636554321514775e6fc5142c8592fae1b4b79bd84ebc4ba552bf1217b83e9a"
"raw_responses/c08_o02_t03.json","ba3f88f4a2fb9447e9df18d99d8399bb94ccc51106af61c950302fff9e7bf2e8"
"raw_responses/c08_o02_t04.json","076e22df694f525384a85978fa63342caaf710f27f92c82263a09b11d665278b"
"raw_responses/c08_o02_t05.json","b475713bcc6018a2726926d4187796b09f99aa93fcd8214f0e985f83d9764536"
"raw_responses/c08_o03_t01.json","620102beaa24c7179ab6af41bb744512af1b4e53e9fd44b61defa8b63c7510ea"
"raw_responses/c08_o03_t02.json","c5928eb4b162a59a29ee1ebdfc7f6fa5b74c32cafedf80998585c4af80303542"
"raw_responses/c08_o03_t03.json","915f1d294f8be89e258d8842dd2e81c29df7b0d3e6a4c7389a3dab0d83860082"
"raw_responses/c08_o03_t04.json","fe873949d77f084b113435f4873174a655ff31703ef30430d51fdb2c813e3b49"
"raw_responses/c08_o03_t05.json","f59ad43c8a9b477efb4ee7f1ca33dce1db8c9f2439a4240559fb9319648ede98"
"raw_responses/c08_o04_t01.json","d8f3aaa00d12a687eec46acf079807c7f90bf5859e44416262dfca6381cb75e4"
"raw_responses/c08_o04_t02.json","0a00c9b90393c30b66b0c8c9c7612e7e0b1d2b9b9b64be3975652553fafc5352"
"raw_responses/c08_o04_t03.json","49955fd1ef1a22d020bb87f597b1cf9e5538404e4b37c0f00d454bd3e8fce94e"
"raw_responses/c08_o04_t04.json","79e717e895e02937966d49f9733af5ead426c26da546cf709c10370856adcca6"
"raw_responses/c08_o04_t05.json","525a7588596086e950be3f62d22fdacbfa36ad6453f2c766e08111dccf0fb640"
"raw_responses/c08_o05_t01.json","61eb605a9bfcc2c926b7441c50890b45471a67a61b14087934e88ef79e9ea102"
"raw_responses/c08_o05_t02.json","36d46d41b2be3487f262fbb948f0ea7ad58716fc547fd536722a0fb503c3d74e"
"raw_responses/c08_o05_t03.json","e73b7f751c8a4382635a10911e9d8da0180a20fa7d4a2136f7085b6bd9e58464"
"raw_responses/c08_o05_t04.json","61ac3886afacce2a2bc51ae481d8aee38bfde5d09dc7c225865a7fd7c4404091"
"raw_responses/c08_o05_t05.json","855909a8aa7991ed427e2026880cdb7830bc114c9647c1f3bbcee57056975b1d"
"raw_responses/c08_o06_t01.json","fa94405f568d1e668910cb8beb60ecb474391d927728163f40122986b9ff9a12"
"raw_responses/c08_o06_t02.json","d3b636fae68696ac5f4b71e86b8d58327cb9d6d63ac2d5bc556dbb23c66646d0"
"raw_responses/c08_o06_t03.json","f55659c5bc413910bc5fccec266c297c8cd85bae73aaa1e7c14e5c5db4861e67"
"raw_responses/c08_o06_t04.json","2e691a821a310240ea404e343bfd0186f9877c06735c3685a7873ac43f3d1b26"
"raw_responses/c08_o06_t05.json","a0b0bbcc9cdc229536d9ff84beaa27ec0dbc6b5f8d489d4a82ec1b274d335a67"
"raw_responses/c08_o07_t01.json","73908d2f9d48a0cd9f6be322cf2dc2270138cb649128063c7895983790420f43"
"raw_responses/c08_o07_t02.json","687076e3cd8194efb6805f3bbe97ce82835dbfd05b4ff08db2ce3c8ab913ce13"
"raw_responses/c08_o07_t03.json","006ece4b24b6ad9efabf4c8a3bb7caf7e66e4f9f2b24cc30857e2290b4c45271"
"raw_responses/c08_o07_t04.json","98fb4735abe77557a960981ebb9e4c6798641b940cf44d0db2b3a7d78a7cf9d3"
"raw_responses/c08_o07_t05.json","49e5d4275fbd44e5dcabec7619c4368ca0827fda2c1311de8150dc0471060ea0"
"raw_responses/c08_o08_t01.json","1e2f61bb2df9c76c9d61eb935ba3eabe6504d9fa1cd02b32db3557a90f589368"
"raw_responses/c08_o08_t02.json","1b1951d85d90c39e796e54fc1590efe830bf397542657bf98c1fef97d62e9363"
"raw_responses/c08_o08_t03.json","79f71c2953bcea5928fc2f5551a787cee0fc8fcd186ab3373e56818dbb214867"
"raw_responses/c08_o08_t04.json","4dcc4a3c2b6cfdbb8fcba9ef9f619aee543d4a67919b41560cafb2f48e0bb7eb"
"raw_responses/c08_o08_t05.json","ca30c2e3d53d1ecf2b95e3c8cebfc3b005894074710aab70a8faca9e595e7e4b"
"raw_responses/c08_o09_t01.json","b12b3ba48ea022e9e3feaf4c7619f9fec675761113d1c9eb57647b70e40198f5"
"raw_responses/c08_o09_t02.json","66a7c7c7c4ac13db299112c8b209fdfc78022e9fa19c4910f91d2cf3528773a4"
"raw_responses/c08_o09_t03.json","414d6571bf2b80d8abf1fad8d5b82604ca59d417e335b53b69c7b58ecfa3b67b"
"raw_responses/c08_o09_t04.json","6d44fef5054725c0044a88edf9b79bd985d6008aa9d9ecb6acdfe1d0c9f01a09"
"raw_responses/c08_o09_t05.json","4a8dc2f827b34f4545534d8fb12edd5b7b1ad39b9714fbe0798460a15eb069d1"
"raw_responses/c08_o10_t01.json","6b5e727b691e74cef06e60a4d4c46cd2a777bf30ef5793b44473814d236f5f44"
"raw_responses/c08_o10_t02.json","f3f4f819a4e8b2dbb4c7b80f9cf0e3cef08ac4b285cc68c97b4d08e0a3dfc664"
"raw_responses/c08_o10_t03.json","4c5242d139777f4615e708cb736b9ff6a9a6556f16e7ec9a62f1cdf85e82b81a"
"raw_responses/c08_o10_t04.json","81d678395ab37e0c43c1374d409afacbdb124777902177f2e379cfeb65ed3432"
"raw_responses/c08_o10_t05.json","5744e266ad152ef1003b6bad3453b9b0288518755fefdad20b66aed306895d8e"
"raw_responses/c08_o11_t01.json","d670eeb50f66acce4a84b9ea24ef634f8c14160f66df823ff0d2e5c152108bf9"
"raw_responses/c08_o11_t02.json","fffdf5e18388d894fcc7c985134d0407c84d890b17ae13bd4dffc0a79b9fd906"
"raw_responses/c08_o11_t03.json","63eb580ff31166701244e5e6803535ed97d839ac0bff0e5f01ef953e9320ba3d"
"raw_responses/c08_o11_t04.json","33e27be15a84e37f741604c0eb609906d835cab319b7647289769e4ae70bc1cd"
"raw_responses/c08_o11_t05.json","ea911aa0dcac8700dbf234ba26e66ebb454a995754f2682082916fb16cfc96a3"
"raw_responses/c08_o12_t01.json","03680d48680481ba54ad6dc798021bc015def6f1daa437844594bbb80e8d0faf"
"raw_responses/c08_o12_t02.json","04f5727591693e2dc515a8ac39ef4e294bf49d77c533d9b8032a8e9d18a1790d"
"raw_responses/c08_o12_t03.json","71f7716ee2cb9e98cc0ae9848e39ac11b6c480bfedd7eed18f28a0b9eb333da0"
"raw_responses/c08_o12_t04.json","3580bdedec1361ed9483543dc29944980f418b8a2f4729d71232ce35b75d9b2c"
"raw_responses/c08_o12_t05.json","320734ef92f7f5953b58de5374a56029e10abed023a2e4764502d19e535cdf89"
"raw_responses/c08_o13_t01.json","41c230265d255387ae1fabb90f70a68e2dce614d8158eff5cb7fb10d63b882dd"
"raw_responses/c08_o13_t02.json","e9a950655f8ab1f1c522be2e8cb27d00636c748c1c60bb6e599d1264b599bdef"
"raw_responses/c08_o13_t03.json","ac024beb49836dca1f941a7b1e29c4eb06f223bc2a857e09eb9d57f964d435d7"
"raw_responses/c08_o13_t04.json","8186beb5986eeae507e8227bac1e7ba957bbdddd3547846337e12366b4296146"
"raw_responses/c08_o13_t05.json","c5b4a656371b5535729d252432079dfa5eaba228abe05c489b6e4ddd65b8df9c"
"raw_responses/c09_o01_t01.json","1d009cd0c9de2f2cfc3073405938033f5ac82c4744d72b9e22c44038777d6c78"
"raw_responses/c09_o01_t02.json","1a6fbe38b0c8bd65e630d75925bf6f9fd34088ecfcbc75e3855e900722a23c59"
"raw_responses/c09_o01_t03.json","329dd88b8ec135f2f661bdc5590f745807b27bf5fdd3900873c1e82ff0064b70"
"raw_responses/c09_o01_t04.json","3067627c6970b280a8a5eb485e023d60b2992ed74fbd30a225093ed3241a4e6c"
"raw_responses/c09_o01_t05.json","e6955a72e15c1c30f3aeb62f25a3f90b362512607315c365216aec86b46d9879"
"raw_responses/c09_o02_t01.json","189ed81aaaeb31a132cf5873328f3ebf4b5366809f239df760b346988a1723a4"
"raw_responses/c09_o02_t02.json","a390afd66779ff281dd5bbd07198d25127b708ab6f160b61830d809c723075d8"
"raw_responses/c09_o02_t03.json","9909d9b1e3f34d50aaa2acc7c93d687fbd21da98f2ed993eb0753097ccd446de"
"raw_responses/c09_o02_t04.json","209ad324a4cf67523f9afb6747708928ecced715948fccbf25247c0e57043908"
"raw_responses/c09_o02_t05.json","6c56c638ec900d83edf8e24341a1f5c66aa97282052e04b815bd315ecfb379e9"
"raw_responses/c09_o03_t01.json","e39f17754d910085f4cccc6939a03b298bb9af20003080f3d20b45b9d5786a74"
"raw_responses/c09_o03_t02.json","8141722e6a7628a9c19d479a0ce80848d5aa47f9ee7aacaa3c9d4a57852abe9e"
"raw_responses/c09_o03_t03.json","fe5b506fd368d638bbe3ea8d6638441add83468e50683ee52af40e87d98776fe"
"raw_responses/c09_o03_t04.json","395c8adff2e006de3d14ec8bf3fd7bb18202ddcf6c05294cf0b751a165d274e0"
"raw_responses/c09_o03_t05.json","4d8cefef85d79181331cb8b3ad28236573d7946e767dce0e171d0ca78d2eba06"
"raw_responses/c09_o04_t01.json","367e5339d2ed804ce8bf90d62b213cb5bbd4cd796dddd926ba2d098c612c8a09"
"raw_responses/c09_o04_t02.json","5f73d054d3ec622e005216ebcb1956bb8fd43cc1cd1625d055989c7a44e7262d"
"raw_responses/c09_o04_t03.json","3a69cf466cc0afa49f4fdef73e2c2c2fa19dc8b312b2df801ad340413a91c11c"
"raw_responses/c09_o04_t04.json","ad1f9c7dc703ae952b0104a84536c6bb02a927aca2b9ef00cd2d53fe12489079"
"raw_responses/c09_o04_t05.json","94a9ed09ca769c0d7879465cf6f5f5bddc2682f90debfa7bde7940534567aff6"
"raw_responses/c09_o05_t01.json","1ee6db461c023da1a48809a7ea2ace5639357bef2990b3cfedf36914cf32559e"
"raw_responses/c09_o05_t02.json","230bd1fa446d3536a998c0f64fd2339b7d795af3946e73f89e4da31aa1d31aeb"
"raw_responses/c09_o05_t03.json","2a666108f9f5b5d0ebe2e9de9bd406ea6a848de13355d33531b02866966674d4"
"raw_responses/c09_o05_t04.json","b28c78b14b2b68ccab2f422f4195465d972e91f44f9bb02ed4c45ccb47c8c08b"
"raw_responses/c09_o05_t05.json","a840ecbbf965c5d87999c304df190147749f4849385dfb91680f394d3ba8c250"
"raw_responses/c09_o06_t01.json","74617922db514e05921be9d1440318bcb39e903e9ab2df3c4cae471500098173"
"raw_responses/c09_o06_t02.json","c204e2d26afa03361520ebf29ae90f631b875d2711472a1a0e8d09a4b5ccb0a0"
"raw_responses/c09_o06_t03.json","dfd7a7c3dd90d29adb3a2303c27d91c732ce1d48188d91110455fa0457944b4b"
"raw_responses/c09_o06_t04.json","6ec0b5d1f1219690d0ca532e4a41a03aedad1c9f19888783f26921201fb64bdb"
"raw_responses/c09_o06_t05.json","268169f139dc75682dc594e10bd1b26e615d689ade897cce686fc0efa183732e"
"raw_responses/c09_o07_t01.json","d59841811c877f935850786d5a029c401634c61bbeead9c2ae463aebdbc34196"
"raw_responses/c09_o07_t02.json","ff772e680a34527c584bd690fd6916e079934f02f4d31e858f7ce72adc0de3fc"
"raw_responses/c09_o07_t03.json","bff8613aaa3501cf339244f541b7708c24e03d4b98c0b3ac85598c728d8fda9e"
"raw_responses/c09_o07_t04.json","64fba794ccdbab2edfff32fc4521134fab9c34f5071cb13612bbb9b6e86e4137"
"raw_responses/c09_o07_t05.json","a9a95e88aa4cb6d915c264fc930b3c528be6a28aec42723083ba2e652d0863aa"
"raw_responses/c09_o08_t01.json","52c7307665584ecc94f5d3c66b4acd3f5399c8a38643709742702cb6919584de"
"raw_responses/c09_o08_t02.json","20ab5cafb649cc93b1625b781cb13fdf8041352f9786075c62e899a0c27339ea"
"raw_responses/c09_o08_t03.json","a481af5005d04009456c363ab39b704571e4727712a401f1b873033aae4573c7"
"raw_responses/c09_o08_t04.json","9be1b789386645060f5e1723132a231cb0e065726a327835c6be542062e1d937"
"raw_responses/c09_o08_t05.json","b435f24e59ec298c49ea698b137adf83e3f79b2eb243bfc53299222cabca1482"
"raw_responses/c09_o09_t01.json","bad4d7035c6a41d63e1d07575c133ee4f3fb4e8de73dbfe08dad9d252313b5fa"
"raw_responses/c09_o09_t02.json","f94a376906ce24534524067438fa0af712296d2fcd629a80800c3ad70bd9ff3d"
"raw_responses/c09_o09_t03.json","148784a65b6662091ef14b9793777d87a300a2e7edcb2bfb4c55e28515ba2b07"
"raw_responses/c09_o09_t04.json","6d98e8c7c94f8461dbb81ca75fccf7e56968e3d14aa97b3cf4668111dc81beb0"
"raw_responses/c09_o09_t05.json","7dbbd62835d9cdc0d19f2705bf2b7b2fa433348896ec1f928a1d03c515e2fc44"
"raw_responses/c09_o10_t01.json","44a0d033c433c322ca4d74ab455813ec904f090a354e7905ce45d365621856e9"
"raw_responses/c09_o10_t02.json","70d94c0ae0671f89016b8610914af9af00bbff1d842fd68a1f8c8ec75a1834e8"
"raw_responses/c09_o10_t03.json","be91779d08b8ba905d372c900b8c645e76c0ee3883311b1cadf0c9f4f9741e73"
"raw_responses/c09_o10_t04.json","9448aa490bd31fe1dd418fd3216ab73225dd3cc6c79c9e90886628dfd94adf7a"
"raw_responses/c09_o10_t05.json","5279222dc6da6bb0ee078a4fc5fcdb03437b7f0ce3f893b6a0f16cb04add3d73"
"raw_responses/c09_o11_t01.json","078152ab98c6d706376d89f700f716c136a86c682a1e0b991c3a4547305edf34"
"raw_responses/c09_o11_t02.json","430d54215fc81897164e2bb98aab3fea9c32e142df2d1f758026e398654df88a"
"raw_responses/c09_o11_t03.json","ef0d1725486340ead5e0d12946085403f7ef664187fff3eacd062e4052a05e2b"
"raw_responses/c09_o11_t04.json","ac125c03435d91019e759adec47ee49833d3c5742ad1161367526db54af22a26"
"raw_responses/c09_o11_t05.json","a9c7bbfeff7a7074d79214dc75717b693f00856501fbc8e2ea159a7d9c374666"
"raw_responses/c09_o12_t01.json","f37b5fe3919c08a6b046d421d0bf776e9ff1894d5768ee78b2287e033f9d0d74"
"raw_responses/c09_o12_t02.json","0ebdd1b6df1b88b5573201464057440413653c3d094849ec18dd7bdb1b95770b"
"raw_responses/c09_o12_t03.json","b4e8c580ad5cc98b0b331e2521a1282b1ae49edc1e392f6233e155fb3bff3ee3"
"raw_responses/c09_o12_t04.json","4ffd62642454f50f8fd0d1f43fdab435b3c0dbdc9b0d546d1ec513edf74aea52"
"raw_responses/c09_o12_t05.json","c8b0c20c5c21ab7261bd9992b00273cd302a8733b892b5ed31637e31d76ef6af"
"raw_responses/c09_o13_t01.json","03f7f3346fca9b28761f120786eae939fb18e933e55ca0dde4e28543d66ab926"
"raw_responses/c09_o13_t02.json","b40edf7b24418a55ca34e2f4651d93bf35f1a04a16140d664b9f979399a8e528"
"raw_responses/c09_o13_t03.json","8ed2806a3fae1459c866a274c67b6a3275f98d9120ff665e512d4d6e4b5999b5"
"raw_responses/c09_o13_t04.json","222cdeef6ca1be161abfb863bc6d3424163cf33b74e6b9d3e95751d14cb209fe"
"raw_responses/c09_o13_t05.json","3d84e36cd81687eb2ec77f469aeaf90f27c5d60725829ef079f45b9d3af51ab3"
"raw_responses/c10_o01_t01.json","766c1857fd6cfcefb16c561f28ee4efefb33b911df07eebf776ab922bbbcd816"
"raw_responses/c10_o01_t02.json","5c2421a1162e43d5487841545c1b57c0bf9cd80a1beb9cb8d2bf884f3316bbad"
"raw_responses/c10_o01_t03.json","3183349a95145276b09f1c35328e37e54543b1933f979c5135843e681320e968"
"raw_responses/c10_o01_t04.json","0ece799667119c49ede2ec04c563b7ea75593661ba8b8a7908bb3522b28c14ed"
"raw_responses/c10_o01_t05.json","45b336d7fbadb5e971a76b153180cf8be7739278df93d43ca5e3551424177d90"
"raw_responses/c10_o02_t01.json","128f4eef856d4419e87197bfb83a5f9c518f2bb3b2e8b8dae5ea1930e01ce55c"
"raw_responses/c10_o02_t02.json","843985b8938d34457d5c2d3629fbc2a1e18e3953b4a010229b82928537f51a87"
"raw_responses/c10_o02_t03.json","73df0c31b9e598a36e09ac8931235de417803dba971633f7a0d6d02286178994"
"raw_responses/c10_o02_t04.json","9c82ce6a9c41398e5bbe5fe3031e81a2ee13fbe20602e5846f1c824041439e5b"
"raw_responses/c10_o02_t05.json","ce6284f383e76385fa7032e98662988bd1c4decb8b1843c9ab4b5891ae875111"
"raw_responses/c10_o03_t01.json","bda1816551e3251d4d63d1ad94626693c793c5f614789d63b161828fee6462a2"
"raw_responses/c10_o03_t02.json","6182e8e4d649b97c770e74e8de1a4ae7e63667f61c047854208e9cf0e90e21de"
"raw_responses/c10_o03_t03.json","da9a007d659c798076bc219866ebb954bff5b5c40224a6833ac76baa98f0e79d"
"raw_responses/c10_o03_t04.json","4d62c762c215b1ad06ff641238a1727c2a787b4f6cb8585da99dcf8dba18d464"
"raw_responses/c10_o03_t05.json","180610477889823fb5b58ff89714d0d757ae524ebea5955d0b0d3509fe898f54"
"raw_responses/c10_o04_t01.json","b9e69de02c5551d0d977d99019e0b6889d319e8062ada4c227acf7e2a10a82c7"
"raw_responses/c10_o04_t02.json","03556c7e28eac9bdedd10c9a0c54e6b451c7a68e78d873cd233d543ae136a98a"
"raw_responses/c10_o04_t03.json","435bbfb265a15ccee1d6b6c08363459c896543d0389dcd541192e51c3fdb8ce7"
"raw_responses/c10_o04_t04.json","535a78a47057c5632df444dde12b62ac6f0ef949c0c719598822761b74965e74"
"raw_responses/c10_o04_t05.json","945e0afdcc2b529ae7d4c8b4f72086070923971aefd3a8afebc1d893b4015603"
"raw_responses/c10_o05_t01.json","51d257dcaed831edaa61afc9e4be861002d73ed37a8004cfde2a48a52a1e270f"
"raw_responses/c10_o05_t02.json","9cfd9866afae237fc1a0e596fd7685452862222b7a3fe6e0708be758643ea31f"
"raw_responses/c10_o05_t03.json","ed8ab783b9ad338056d4c1e41aabacdb27aaafe8bb1d1964172a15e7478777e8"
"raw_responses/c10_o05_t04.json","6ea63a728c2aa9f5d3f1422fa3d58c03b5ff3941431c108a0b038ca2c04dffab"
"raw_responses/c10_o05_t05.json","da939861fc19a6d9dca947e15fdf72196bba29146f0991e3e1802fb694c0dcc9"
"raw_responses/c10_o06_t01.json","0a579a2bfe9f85fef54d9f5a7f2bc206014327d2d8bbb5bf3a0ada565c7c5d6a"
"raw_responses/c10_o06_t02.json","2651954bdff81a0ab58e94e207d6555bea04da658140106c5866b946a8f80257"
"raw_responses/c10_o06_t03.json","bd423ef7da7fc7cbbf183b4c7116a1d9d2af45669d88a55957d442f8e294adf0"
"raw_responses/c10_o06_t04.json","940501b24279dcb74a9a27f4f5933c246277719988d9061999757e3c5e27af6e"
"raw_responses/c10_o06_t05.json","e9a6b7893f5440cad6e246f46a69615e82a4d4e99adad2ad0b6d7c519ff1f5a0"
"raw_responses/c10_o07_t01.json","5300221caf9b3cdba8a75fd214fbdf92bc296b4d7e3e4923ebdc3f1a62f8c4ee"
"raw_responses/c10_o07_t02.json","a72a93030a935e417b4e75dbde96c615eec1c3c1a22303b346d9a6d864bf0f3f"
"raw_responses/c10_o07_t03.json","c3417d7232e20e76a61fbd8529e999114e8ae78d3690efdeb3d74d52aef441b3"
"raw_responses/c10_o07_t04.json","4ef740aac8d0eaea0e28699134ce80428efdb554ec6f6ebc2b52f0f0cd3a8067"
"raw_responses/c10_o07_t05.json","abb17d239a8e96d6a35d9cd8cd5aef89494f966c80fda0c675b90ce8a6c64ae8"
"raw_responses/c10_o08_t01.json","0af5b3cf3dd02b3850e77900fcc238080d5218d84ab484c8459f065c56a17304"
"raw_responses/c10_o08_t02.json","3111122411ac7a4dd07c40014306a0f5242a8aba6fb49fe47e387c0945dd4558"
"raw_responses/c10_o08_t03.json","20ad641cd78d7f9d0ec77e68b0d85d5c0e13e7a0e3f7e6cdefd22ceb6b760901"
"raw_responses/c10_o08_t04.json","e2d70f897331090dcd4e318d0e494833549bf19a1525a631b0cf792ab2e488e9"
"raw_responses/c10_o08_t05.json","8cd98bf65915b56aa5026881d166173df447ac351fed1971340a4854dbdca618"
"raw_responses/c10_o09_t01.json","b0f4bc8405cc7b4e3b8dbe093adeabb24f50e496b93c055bc5c7672660982540"
"raw_responses/c10_o09_t02.json","c5d8beb3c1b38d1e6d6ca8ad809c061a288b28c50b8cae54e9d214d9e81f1c94"
"raw_responses/c10_o09_t03.json","e1604d06ed5d5dc1b7ca276a1e1f70e357f41d294bca8b305b83d7fc969c23fa"
"raw_responses/c10_o09_t04.json","03ef4ac1a79372585b3d6b541f437df5ea09281d3cd37ff78ed0932b1df9a027"
"raw_responses/c10_o09_t05.json","7066539f9a29f84801e34d18862648e4b117804f849f71895a7c455aa309ae5a"
"raw_responses/c10_o10_t01.json","89bef1d0f388ef1c9160580465ff281af8826512752377587050fb6d65da87b5"
"raw_responses/c10_o10_t02.json","607e28cd36a5ad3e9e5556379f2b682266d6cd198552fd3c8958cb5ce36584df"
"raw_responses/c10_o10_t03.json","d634ede5048954934ad96e3144bb0898e1d5fd5cec29c116a1e8694d8f35f979"
"raw_responses/c10_o10_t04.json","ebadedf80ec86737b7b4d3adde6a1434b586a05e5b58aa885e232f68b819ef0b"
"raw_responses/c10_o10_t05.json","6b6a6fb1975e0d7e102874e481fa51741ae53dbf5cd55f0193e9b542ebc8cc79"
"raw_responses/c10_o11_t01.json","2f708d9262808937c903b6754f4ab74748a9ce38faebab44a7ffc38caf376540"
"raw_responses/c10_o11_t02.json","59ecf70f58d36050c31e76ba5282f6635f70cf66e4c8b1d1662168cfac9303e4"
"raw_responses/c10_o11_t03.json","9bcab073907f55e7895943717821ca07b0a388f0cf4442ae3b0fe587bd34715b"
"raw_responses/c10_o11_t04.json","1973df2efbde08d5dbb936417b36886ac490d126b18f0a30a22b76717619059d"
"raw_responses/c10_o11_t05.json","969e491da0b4e92402c8821150345fc758d330e5600f1a476fb5413c832371da"
"raw_responses/c10_o12_t01.json","67ea45c13c64115049b1a330a251848cd81996cbbd85eebff5d603262fa5c504"
"raw_responses/c10_o12_t02.json","6624cca55c35a32b1a2cec209565ec720812564402f2184b7878312b485a36a0"
"raw_responses/c10_o12_t03.json","bb293e7e2f4c6c1f543e569c4654506810153e70c57166a2fbdc9f6c88049e17"
"raw_responses/c10_o12_t04.json","0a56d5719ef82958b8afea3dc8bdb03ed46951abbcdc728b335e2b04e340fe1a"
"raw_responses/c10_o12_t05.json","66361ddcad2ecb4c6d484cb212fc9fbc3752d8f0ceaab940d2e937ae61a798ad"
"raw_responses/c10_o13_t01.json","6aa3c6121c18cfcd08b1b02fe22c34944f5909c389477612d441358ca35945aa"
"raw_responses/c10_o13_t02.json","6e7484e0d63a7dbd248dce59a44196ffe01bd6aec3c3d5a284d769bbd715a8f5"
"raw_responses/c10_o13_t03.json","e72de0edf87a277b5bf2a76e97c507ee5041ddff6061c9e475bc8237da1dd5fb"
"raw_responses/c10_o13_t04.json","dff8186c769f303d85b4b0c227086fc55fc3b010a5470b156fe1e0abf292623f"
"raw_responses/c10_o13_t05.json","61e28d70b1ebd35329c8078e08d23e1019273c3bb86c9db6fa8405977bc65c64"
"raw_responses/c11_o01_t01.json","89e71e278289bebf49958231ecf14d6350776569e4fb0b0b314ff4acfd2f1596"
"raw_responses/c11_o01_t02.json","f30549b5c8e41044cfc709e0ed008462a32c124ffb4502beabf7e9015d083fa7"
"raw_responses/c11_o01_t03.json","4852051cf8c4f2f244f823f0f7cd6a1b917b046724b05a6c38d07e520eb904be"
"raw_responses/c11_o01_t04.json","8a5f84aedac9301d715836677d808d7f9910a6036132900fd501337061035116"
"raw_responses/c11_o01_t05.json","9738a8599d4fefced71adb17d92e78045fc8f658b9dbac1c67a38f9397e8be2d"
"raw_responses/c11_o02_t01.json","b955df763e4e2b7cf404c522b783b84c47d5154af3854bde09c70170629ea07d"
"raw_responses/c11_o02_t02.json","28d80e183382bcd409ac0cd63f307f3375525b5572157eecc240b97d76e2d815"
"raw_responses/c11_o02_t03.json","3d77bbfc422729d3ddd156b5ce3e384e63fe7f678e19eef9b222f41784eef674"
"raw_responses/c11_o02_t04.json","4af21d7a1a5d1f9908085d65bf3a2892cd6781f408faa1efe8ea694b1fd08ac8"
"raw_responses/c11_o02_t05.json","1f6a0840deb3fb412bb4b82618b2e5ac6185b14231cf2c39bd0b81f7665b3957"
"raw_responses/c11_o03_t01.json","713994c5adc7bf3ea9c28494978704a254de289387b08053d1023b5896f162cf"
"raw_responses/c11_o03_t02.json","e0ae06ae93f75e473bb955c934a7b587a4fbe43c18edb859b35ce073e869597b"
"raw_responses/c11_o03_t03.json","72cbb64d7fff1138024c66843c01dc0593c875399dd519a3a323aa3aba7793f8"
"raw_responses/c11_o03_t04.json","1aa368259c94b99429a8bad1bebf3eb75f6a2a2119850a105abbf9ee4e827bb5"
"raw_responses/c11_o03_t05.json","4cfc13f384317ef54c84224eb02b81caa68fc9753a1a04a5d80295b01baad4f0"
"raw_responses/c11_o04_t01.json","fc63f4fbc855103f646b78c29f323553edf49b6f0ba479ebb4832ba679bc3b73"
"raw_responses/c11_o04_t02.json","26edcd54f906af1115118b6e6d5fc7ee22a05afa39998909dbd3501b444b7f75"
"raw_responses/c11_o04_t03.json","3d7d63b971cc547d1b06a04e9b155c8b468d74bcfdc008e0716254ecec5134c1"
"raw_responses/c11_o04_t04.json","1fe91dcb6f70082eb94c3078052b5a65a3bbf12845e03f4dd203bc8bf597bb35"
"raw_responses/c11_o04_t05.json","b3082c16c17add1038c8ad6fbb404d06711c34741406407e6de3cd47cc70c74f"
"raw_responses/c11_o05_t01.json","28cdff0a7f3a8089feebaa9b791fe3d3c68fdacf9a0d90804bd7ed4de648b223"
"raw_responses/c11_o05_t02.json","d7a975f3b2719f124a2f9a6a30fef5c45973f7e1fa2f7d27df7e17ae9c1e8ceb"
"raw_responses/c11_o05_t03.json","17f7bab7a1f6a164899f8386284568d020f707e7b0ade64b2c8945f99b58b91c"
"raw_responses/c11_o05_t04.json","e2fcb0e4219ecb08bf5a1873d3de6a25eb241666fc1128850b2dbd4345c09ace"
"raw_responses/c11_o05_t05.json","dc0b4b4b5890b3fa28f5f1388727826e94ed5fd7b7764e15485d9aaf1b16fc40"
"raw_responses/c11_o06_t01.json","8826b770a7bd720a5c5a7ee435da2d0d262238094927efe8a4904186db4f3040"
"raw_responses/c11_o06_t02.json","de39d8ca18dbacced913f0a018d97b9027c69fda26b9f1f19db621fe4400dba3"
"raw_responses/c11_o06_t03.json","87f93ffa196b95bcd389a7873bf1eb4caad7e38a50fd41c1bb7889d3c827ef3d"
"raw_responses/c11_o06_t04.json","957b247ef2b30070e06e424eaaf97574bcd8960f256be03c1bd292c54ed552d8"
"raw_responses/c11_o06_t05.json","e61c2cba28bb9b06dab3b36f34740dd29fa354e97700ef9a322c5ed706b2ae7e"
"raw_responses/c11_o07_t01.json","c50ae7a07814868510a386f42e4c12b36659c30f7e0766af6a9bcdc5a1d800ea"
"raw_responses/c11_o07_t02.json","c5d0fbb7036cedcbe83aef381ca8ab22ac72b6c2db1a120dabb2079b1bf2bef9"
"raw_responses/c11_o07_t03.json","8e71935945e25aa078516814404884d0021786065e306540c000bcfddfc123f2"
"raw_responses/c11_o07_t04.json","8b4f49940554feeef4a7cb86cc2a7f98622cab1d379064c52e3c924f525fb91f"
"raw_responses/c11_o07_t05.json","6b43565049feae147534a38fb9026790a9f31f5bd88b7a077953cc1692e3649a"
"raw_responses/c11_o08_t01.json","b1bb5bb769d7277f5eceb879e36d09a061ce7e3dd09d67faedcd464f719ea555"
"raw_responses/c11_o08_t02.json","bd84dace332d309966b5a35091055eae56b2be470d150895b71a5ca3fc6824ad"
"raw_responses/c11_o08_t03.json","559397710c04b10bfd51b878d7a08e19f72633365318b4a0776390ead95db94e"
"raw_responses/c11_o08_t04.json","b975b7c0dad9006dee98dc17f11c7d79b57b112ee61553d3e2bef1e41ad6df1d"
"raw_responses/c11_o08_t05.json","ea6d873dc8181859f0497d5ef85186b7cc2af51b0c61f81b68b2903b34ab644d"
"raw_responses/c11_o09_t01.json","b28ff503699679c6cde69bcf4652259104380bd5136bbde29bb64357073bb4f7"
"raw_responses/c11_o09_t02.json","7e40f7948939ebb7652f25fe80521cdeef614abdc85ddda6ce3beb02826115e2"
"raw_responses/c11_o09_t03.json","947e4f870a6e98226f82237e0b006b098fc9143ca072e0d65818dd9d68eb2622"
"raw_responses/c11_o09_t04.json","6677a5949ae1c838dc0872669d5c5e7c275e8db981466e8dfa079b4031f6d29b"
"raw_responses/c11_o09_t05.json","c2f673bc3d241d58175362711e5bd34d44972464d98a017e7355be32017be2cc"
"raw_responses/c11_o10_t01.json","5adf7e05d1a6adfca935743eee0498278785f33f0293e4eea69a662b567065e2"
"raw_responses/c11_o10_t02.json","90841ad208187d3b9a7c38984a028ae8908d0742573a4bd80440e448e092b2ae"
"raw_responses/c11_o10_t03.json","e217e70309e2c7b51f3740f1d3d2f7503d3198270f5cbd74c44c17077fa7cab3"
"raw_responses/c11_o10_t04.json","e6ef8da911062d5917a30e4725c5c46f3ec46ee6e47ffdb50655ddbdaf4e9f64"
"raw_responses/c11_o10_t05.json","d5cde788ce3e0c17409b242a74a7dc8bbddf1bae5ca035376d10d349dbd0453b"
"raw_responses/c11_o11_t01.json","2b19dee951e77e965b55d55864ce9e86816d3249eba53a2a4ab56e6c480186c0"
"raw_responses/c11_o11_t02.json","b010f157de0033664d01b09152bc21cfddd3d369362f5bc21475c5e687f75f15"
"raw_responses/c11_o11_t03.json","2c02c754a376e14ad7531cc488090a27d47e2fb471303ead9430a18ae9c96e78"
"raw_responses/c11_o11_t04.json","760c01db965f84f430c6523673fd81bfcae5e39e74ec4b02a6991428c0c05025"
"raw_responses/c11_o11_t05.json","f0767264dfa1a720fe0a43ca6245c77cc08f5b7ee650a9e64678504d68d4a045"
"raw_responses/c11_o12_t01.json","f6632d7203e84f808d58f057471cefee77e8fdaeba23ac9844e5e5d611dd1aff"
"raw_responses/c11_o12_t02.json","a5ba0a3cf8a41ca3b7b3730b5844644e45d560a30ad8dfd5a211c7586eceaae0"
"raw_responses/c11_o12_t03.json","a0deaf5827c228baa52a21925761a2b3ddc57cba471235cf073994491496d372"
"raw_responses/c11_o12_t04.json","359756231f6934754dbc4d905f9286497eae9e3fad7d5eaf01115db988889682"
"raw_responses/c11_o12_t05.json","3e3e2fd8260b3db99f634eb71fe9a257e1950fdc56eb76077e9956c300ed93a1"
"raw_responses/c11_o13_t01.json","f1e468941f4d330eb6b16cb2b7a04df0da94ea80af07ce27711c0ca4329b121c"
"raw_responses/c11_o13_t02.json","7d6eef7bdbe7914aadf02317d3df08bb0a5bc9c0bd712edff2da2163fc7bdb98"
"raw_responses/c11_o13_t03.json","be9a4b2ff3fecaf1694ee4726e34fcf8ebc3b32741eb0fbe86569ba3af3ec4a3"
"raw_responses/c11_o13_t04.json","21b547312ce627de221657d1b5cfa6bb75cace12ffdc76cf587ce9eb007b5784"
"raw_responses/c11_o13_t05.json","0e6d3d80341b5b3bc7976ba5e20e9ecb80b5550f4b75670b004bf5ef0ce5f0bb"
"raw_responses/c12_o01_t01.json","63618293d11accda4f9d149e8eb19eabc3b40bb62001c36250cd26c7c0021bf2"
"raw_responses/c12_o01_t02.json","82cf2c191a9e0ea7fca55b692d3d9c353e53bd96ba8d62a231f5415f087bc07b"
"raw_responses/c12_o01_t03.json","7cb4cb4b57d4b060f23fa019cc2efb0bdcb55c9d9429df0ada8b328970315f95"
"raw_responses/c12_o01_t04.json","3af4355e77dfc415ac384240324a80850c806bb71e192b5b636d5b46075c41c2"
"raw_responses/c12_o01_t05.json","8412cd441f3cc05ec65de45539644cea6b1f2722f22fef7277909d9d8b72f069"
"raw_responses/c12_o02_t01.json","522e38400b4bac7dc2b29da476e05d2419cde14e3437753fd5315ee938339fc0"
"raw_responses/c12_o02_t02.json","12ca60642c1afaab16265347d9a875ecc9250449ee8584084eb45236d83ee5ff"
"raw_responses/c12_o02_t03.json","350d998507b167e144f68a1f517b874aef8e1c64b77e0187c8bc2a0f3de93744"
"raw_responses/c12_o02_t04.json","77d8486fb36c8129fa35b21a3aa90d4e7b13609f32213de5ceddfb5084e051d1"
"raw_responses/c12_o02_t05.json","b7fb3de7cfb107d147219e9fc1e25a9264469bb11f90d406b435d35d84eaf92e"
"raw_responses/c12_o03_t01.json","1ee8fac1bff2c73b211f9aff3cde4bd109c9c4d2981aaeb200c6465b667b0ab2"
"raw_responses/c12_o03_t02.json","933711f6c803a47793908f3fa652c639cc1f49f326cb1d9cc1c86c9e69f969e3"
"raw_responses/c12_o03_t03.json","e7368e6ca3744283dc36f7575bb9c3783ef515fb8a4c2d53a8e06641b1b7051d"
"raw_responses/c12_o03_t04.json","c6f8a915a582c0a98a5f3214c3953483889e50289ca89d86f358723849ecbb31"
"raw_responses/c12_o03_t05.json","b1900af4acd0cde5b7b292e81ceea1ec0c228cd46a70b6c55e96b2bcebcf7664"
"raw_responses/c12_o04_t01.json","8ebfae37573386008af764eafe0f057b3d08e618de0a4708a6ec4b6c18d79bdb"
"raw_responses/c12_o04_t02.json","dd559c922761191fedea651e4ebafcba3524484b5df06dc6316c602918ab25f5"
"raw_responses/c12_o04_t03.json","3512f1c8884522233c21dc1bb647f56c5d69636c5dfa741a2a7c7bdce5b446d4"
"raw_responses/c12_o04_t04.json","d52b0e6e7bb5d4c3193dc04fee2fb267d85e7506752f1258aed04bf6cf0000b1"
"raw_responses/c12_o04_t05.json","235f2ca7a50a8bb9af062db2041787ce602183a6c4c22decc1db85f44e97ea74"
"raw_responses/c12_o05_t01.json","8ee1172f62abd0b9f2fa62bd7c61c601f0236fd701ec9a64f77b77c14fa40dec"
"raw_responses/c12_o05_t02.json","69f8b08d4173034281162dba3b5561a896dab6366015f6d76107c5e84de0b395"
"raw_responses/c12_o05_t03.json","e549563ed99a2d4e1a005ffa5c7746e48f20b3f04a67ce27073634fc3bcd8901"
"raw_responses/c12_o05_t04.json","ff756fcef9fec512da475e5fe766b64b98f630099ba33ede4b0415eafeff173c"
"raw_responses/c12_o05_t05.json","0c5a87a83d5be7eb60ff10751615993573aa367b6d1fa3a50c8eb7feeefe8f65"
"raw_responses/c12_o06_t01.json","879f84bc536670cc5796eef8ee956ef94074d687a65fef4324193eec98f8facd"
"raw_responses/c12_o06_t02.json","b399bac90678314568abca69fb0b5f8d167deebc793355f334bf3a319e836ada"
"raw_responses/c12_o06_t03.json","e85613afd80f6bf9dc9ab047b7e0f0c8cac7aaa2d2c2fb3ba49feac2fa522401"
"raw_responses/c12_o06_t04.json","6e7b94922e7dc4147e817e81c8898a57469720d66794297e8196bf83ffc3d464"
"raw_responses/c12_o06_t05.json","254ff88dc5318b241339ca5998450936afbeaab09e07a70dd5972d19433fe87a"
"raw_responses/c12_o07_t01.json","5d5ce60c175d9888f1eec3d8d7c8d298b9d5dfcdfdeeceb6d29768aa01f6ce06"
"raw_responses/c12_o07_t02.json","e2104d5868b9e3171e3a276fa81698b693cab46c38c41baf54ecf6b5ba7a29df"
"raw_responses/c12_o07_t03.json","c47478b1db27f34e9f7267a9c15f950aff95d693a33c3a64f5279fd8f039db65"
"raw_responses/c12_o07_t04.json","918d03913f47b014750ac7454e0f3a37016121767e5b8b503d95721899c773fc"
"raw_responses/c12_o07_t05.json","ceac31d15c40cbfad4931c9423391bf1ed59123d6b3eca9326a433a972878532"
"raw_responses/c12_o08_t01.json","de577abe8dfbaa983f2e9a446983192446b0fd2cb44d3ea905341a5a1d878022"
"raw_responses/c12_o08_t02.json","469eae4a7e0ee47b8077a7fb8b458009a072afa5db975478006623e32025ef89"
"raw_responses/c12_o08_t03.json","b9eef15c5d4151fd0fcc49a0f1feea2d962842c16ce1fa67e594e1d5278d37e5"
"raw_responses/c12_o08_t04.json","d26fb4f1c5c7f45d20a91026b83f4c4922961dc0549b89751f7d64bbf784d048"
"raw_responses/c12_o08_t05.json","84e4e952134406e75b41ea49830029b5b118f191313f9b55a4571fe12364874a"
"raw_responses/c12_o09_t01.json","cb6fcf6927e340a838b299ecb923c09d6c24b321bf740f22525e4a51c4da1117"
"raw_responses/c12_o09_t02.json","57c7c31f42b2c499807b4e27bcc8a68ed1f9fd3eec90338795bdeaf794f38cf8"
"raw_responses/c12_o09_t03.json","7a9de3c2d4f9379602ec380f3e68c0658e6825fa3a57718815dd89b969ba3461"
"raw_responses/c12_o09_t04.json","31b47cf7e1569c41f9c8cb50a58efd5276caffa3d1148698b6be14b2595ce001"
"raw_responses/c12_o09_t05.json","af8657b3cad3547d38823fd94e10c517183bb2cc86be5d2bc95d4b6adf2a5785"
"raw_responses/c12_o10_t01.json","dfef96d50900444be57176c3528864a1fc8365e4421c89ebce6f98af08a0558b"
"raw_responses/c12_o10_t02.json","bbbe2b8dd71456dd1d85725c192f0e34b8799510fc9fa315aa0521bb23cf1b60"
"raw_responses/c12_o10_t03.json","56070676607a13c5dd8bc4dd5b31c6b8a092702c08583a0376605e677ea2d1da"
"raw_responses/c12_o10_t04.json","74f8f1afc13bd719f317dd5a4d5a6ebf19dc752ba3662aced682f42e966cdde1"
"raw_responses/c12_o10_t05.json","eb548c68309952c078e68e3f9241c905956ddf6677a7673c24a827ef54beb60f"
"raw_responses/c12_o11_t01.json","1792d54016332df926ca6de52f3a66f97a7fa8496c41361265dbf3c2cd46518b"
"raw_responses/c12_o11_t02.json","9ae06f4ea01b795fe7861d427afb25e32e5679d05377a70a3e57551b5ff59622"
"raw_responses/c12_o11_t03.json","59f7612258574b63bafc391528f249018aa9c25389ec3abb2dc53919c43df9de"
"raw_responses/c12_o11_t04.json","0bf55e925ca390172b7eeb63658b9c52e2dd4597ae4c2a963a11d192d4c041b8"
"raw_responses/c12_o11_t05.json","605fdf1cc0ec6098a672615da3d2e6f2d2742a51040180f422d36f06afecc861"
"raw_responses/c12_o12_t01.json","7cfa80c185068251e44f562a3f63f49ef205876ade322de58cdeed5f26f05dea"
"raw_responses/c12_o12_t02.json","b9aec08dc96d62dff92ea813ee278cdbda77d52caf4b339fc73505e4268bcfab"
"raw_responses/c12_o12_t03.json","678e03053a22aed8ba08a9680ed1b71eb1b0e6e97e74fb2a8ce03a18ae2e7198"
"raw_responses/c12_o12_t04.json","e92ea38c06fbdc92d769c26fb92f036c1c904874aa7ced1bfb7fe798716a9c52"
"raw_responses/c12_o12_t05.json","3ebf18631067c31cfa19430a578f023ccbb00c4ed7271c4591ea6fae7926eb6c"
"raw_responses/c12_o13_t01.json","bbf9469d2867eb115ca1f478002a351f6bc4c376a5fdbcd26c6fa1003153233e"
"raw_responses/c12_o13_t02.json","b4f23996232db9ecab86a978b6a56e8c9f274a060d300c493d02be8f3e1b77d5"
"raw_responses/c12_o13_t03.json","2a0f650b7fee0525e8556c3ba5eca173cd38fd9c3d1f85ad234b21ef74128037"
"raw_responses/c12_o13_t04.json","b06f59a6f7514c6d74558ee49e4317e90320c9d725e677432eea583cc2d669f3"
"raw_responses/c12_o13_t05.json","5bf433a708d49eab90b286057a8771e080dc5a3a467e0496e9b7535e7f7ca59b"
"raw_responses/c13_o01_t01.json","0e57e22979ebfc74fe82a4dde549ebc1dfbf76c34ca229c4c547e15bd115fe0c"
"raw_responses/c13_o01_t02.json","792ade631089ea8c44b2789f31f373177b341de58383c4f3f1646ed8010228c0"
"raw_responses/c13_o01_t03.json","ebddc74e33f35b10c5320bb44f010c5d341c4dd31e08f8a1206853edd66890a0"
"raw_responses/c13_o01_t04.json","f54f4415510f5edbc7ef4b6f256cb4300c06188e7919ab0e37dbfb56c512ba9a"
"raw_responses/c13_o01_t05.json","d86e023846455a8af7f198888d4117d97ef5dfcf5bb723480936792c7c1eff72"
"raw_responses/c13_o02_t01.json","a7e52fee629762251391bc559d073fcf9c7d4c6bc8cce5eb207c3d9d806f0a56"
"raw_responses/c13_o02_t02.json","116787280b2669167c811e4752332eeed494c96b418cb957f10776a376757586"
"raw_responses/c13_o02_t03.json","d7e0297d63764897281ceaf7b422eb63c5659ecf9f2afb5c07a3bb40f4e2e360"
"raw_responses/c13_o02_t04.json","aae8d02cc6348f0d76c4517316ee47279d58298a03cf52db3c789b3183aed7c1"
"raw_responses/c13_o02_t05.json","4844656832146031ad99cc222732c5843b490f82948616322ef2cfec32856230"
"raw_responses/c13_o03_t01.json","c8ac2ead4af244ace99fa5c18743896c63ae084e18bd537666826f20b941ffcc"
"raw_responses/c13_o03_t02.json","72e6e18275184262379ac6c1b4d80503cc89ec075973342641216e31e0b49ad4"
"raw_responses/c13_o03_t03.json","adccaf4cc144f1f474b59644fa7762e2c9fee82ee61a815169512fbee513501e"
"raw_responses/c13_o03_t04.json","d0e67dc20f89d67acb4c2be4aabf9363459714206ba07ac40db3a8cba44a83aa"
"raw_responses/c13_o03_t05.json","add5a16f3a90c734cb334f18270a5591339d2b541aa5b373a4ecb4616bd2a1f9"
"raw_responses/c13_o04_t01.json","c0cecda591acf573129b1de1c46c9b06f1d4c1ad0bb93678ea7664f32ad3ba38"
"raw_responses/c13_o04_t02.json","ebccfad31569df6dc8bf1fbc566e62fdc0799fddcc1a3edd93a162d0f59209fb"
"raw_responses/c13_o04_t03.json","8c31241d302464c512d96832d8b4eb94bf8545ffd46aa49cb15c2c756ebe9e0c"
"raw_responses/c13_o04_t04.json","ec730b7c4b719cf54f4d584de759be3f7b5946e93206fd6ba5d014a795a422e4"
"raw_responses/c13_o04_t05.json","4b5c882d57dfdf44c6f5ed28c813d94c457972a727bd0ba9654a548c572dfde8"
"raw_responses/c13_o05_t01.json","89731aef542e53bdb4df91be53f8d00d24f8c01e9f7e6abc24923b50ff679ca0"
"raw_responses/c13_o05_t02.json","fe99619fbfccd50c333a10889aa645c86a309fed26c1f6c06330a14a5f1723f1"
"raw_responses/c13_o05_t03.json","a0817007fe263809b8ce56d703d9c9ef9fdba414bcbcbde691c1ec68b6a04140"
"raw_responses/c13_o05_t04.json","ae8cc8f4f27f2493189dd62d4e61f77a0c57e83adf3edeab6bc609403f626015"
"raw_responses/c13_o05_t05.json","4b821d9595c8cbade5dd05468e1a5052ed6efc31f2437cf51678718e7e09793d"
"raw_responses/c13_o06_t01.json","9e71d2efa8f46966b65ddc38a7783243fee89aad226f0e08594f57a1d88dfe5d"
"raw_responses/c13_o06_t02.json","b125306d9e6fffde2bc4b820f62c7a8ebad2656b2a86fc8fcf0c94b3bf416690"
"raw_responses/c13_o06_t03.json","c0ffd77007132e1bd185d6a3a80291d9694a46ad5fa1ae77b457e6dbc3acaba1"
"raw_responses/c13_o06_t04.json","d52f46dfd4e0e1857b64d13c8b796b1633878256546bf257b1450754a321c5a9"
"raw_responses/c13_o06_t05.json","a1ba48f7fb4dc494e8361373933ca2d930a959c8fd457520e6f2f154fb53baea"
"raw_responses/c13_o07_t01.json","afb6ff4b34ea1ab7148bc8681f442c6fa4002b5a719336194e8ee23fda8bd8df"
"raw_responses/c13_o07_t02.json","977a7d927d0bbf3e0808071767832a10706a5927e075ea50cdf79e6ab3725689"
"raw_responses/c13_o07_t03.json","ec3e1fe690adaa827026abf3f12043757073122d273e0c1263e4c755f201058c"
"raw_responses/c13_o07_t04.json","1ff915e78481fd0b197872155210c76be93efae6b521c0c6260c16897c470505"
"raw_responses/c13_o07_t05.json","c4f5b3c555c1dd25dd89afee6ee9c6bfaab98fa2515b4ef8029270b42030bf85"
"raw_responses/c13_o08_t01.json","a15fa4204999582f773e3f803051764ec374514651cfba73c02488b74104f906"
"raw_responses/c13_o08_t02.json","3c28ee03bc07a584016e90029fba6832ee57c1076e517af2677d35217e7b7a45"
"raw_responses/c13_o08_t03.json","2d1abf87a1342637e49394e7865a6f695af5e19cb363c515bda16ed959e09676"
"raw_responses/c13_o08_t04.json","0b0e7d7a36c4856a7bef40ecb7fc9bd0074edcb9af9ab01c982aee09fd3af9cc"
"raw_responses/c13_o08_t05.json","6af3459cfcf4325b82663a2d88d006cb08c08a16ae15c399113b08d7279beffb"
"raw_responses/c13_o09_t01.json","ac4e65727e0e2ff298cf9ab3cf907d1fe7245de1c52363ba0edaba6891e93616"
"raw_responses/c13_o09_t02.json","37de69036d2658a54d0b4368067106e7c8db7a6c47d2a4399630b406dc0425dd"
"raw_responses/c13_o09_t03.json","92b37919e6c1d6b4cbc78a9c8c1fda89498dbab5bc7ddb513e27f759758d8382"
"raw_responses/c13_o09_t04.json","7c668dfcbbcc1c002704cdb0144233c47a66efca9f4de9a4e0931f38f09c77d2"
"raw_responses/c13_o09_t05.json","573b28cb73c751c908812a5c1755e25a07ca2d091a087c5fb944430b7885841e"
"raw_responses/c13_o10_t01.json","a48a3ed453eeb51a201eea26baa15d3063210a329d7e19d8b09d8f908ed1c1b6"
"raw_responses/c13_o10_t02.json","02b0b8c7033e6b75fa67522b0534f1376ace73f3d90855bd0153d74d3a4bcb62"
"raw_responses/c13_o10_t03.json","27334defefdbaf6cda32371cbcc957c550f288c920dbea88d016a6652253931e"
"raw_responses/c13_o10_t04.json","fa667a219c14a8f250e2f3e3f2e564b97f151406539944e562410d63f1f47336"
"raw_responses/c13_o10_t05.json","4647907ea8d32e0344ecf29bc1d53ebf0c219987dea0085b8d72b552a5914dd9"
"raw_responses/c13_o11_t01.json","ac41d2c0bf033395c4dc7c59c6c0f56665ee90bbff0f4b5ffec9d687a10a8352"
"raw_responses/c13_o11_t02.json","e91d6ed17a51d6235f7f3015592a6ea6becc14bf100c50a17a71c80730a1ca1a"
"raw_responses/c13_o11_t03.json","1d9bbdabdce95f62c7cea8cde2b1111631547ebb62e8a53d105f1b0a6063e58b"
"raw_responses/c13_o11_t04.json","5989d22b7f6091f73e4a80603460b250cf592dfdbca893d895b825f4d81cfae0"
"raw_responses/c13_o11_t05.json","4852165062a8b28d07f109468a379055dac58f95ae50330dfa2ea79b6b0ae624"
"raw_responses/c13_o12_t01.json","5193b1ba3ead6c7dc8f0fe4a462a933497b0b3f74c506f59bb56a1ca4702cd07"
"raw_responses/c13_o12_t02.json","cc4c4ca37cd868c547091598c52837feb3c01acc68b3bcb7a1bf6d60f5e76ed3"
"raw_responses/c13_o12_t03.json","e37b0101c027def7fc8314b0f42c7e1278d2588bc1fd66b220ed5ac57770b222"
"raw_responses/c13_o12_t04.json","5faca4167fd980dec41d3919d0576780f4625b3339d38f49c423f6f67f04d364"
"raw_responses/c13_o12_t05.json","24da30dd2feeabbbb61e5cfec24f7bbcd0e35a09c1f0af73f4d95910f5b90adb"
"raw_responses/c13_o13_t01.json","56d9ff61ff1b7db8112347430c4395a5902fbe7e498288c7b016562e6628bc8c"
"raw_responses/c13_o13_t02.json","171f46f66900d1875d18da7d17feed2bd63193bbebe4d9a1f6984649bb935e78"
"raw_responses/c13_o13_t03.json","dc51d6bd1cd01c1ec58e79953ee673be49093441e4d39d076593be0fe9280920"
"raw_responses/c13_o13_t04.json","64f113132ea364c13f93da677541ca535ebccfe48f9ebd4ee9964c6e19232d14"
"raw_responses/c13_o13_t05.json","949806051a3d4d25526c68dfadc21f2b3660399449bb8117703676810def59c4"
"raw_responses/c14_o01_t01.json","501af90f2dd4a39c7de7134c21cc17eb97ba71b4b882fa567d3f528438c423dc"
"raw_responses/c14_o01_t02.json","b7bb672d0eed2e56346f26bdcfd7e564282b940da1f3ddfe1f159be672805f35"
"raw_responses/c14_o01_t03.json","77aba9654a4f6856ebad59783ab0b52db077950ef810d88c7168bc18a2e9670d"
"raw_responses/c14_o01_t04.json","3ca3014fdf6907062901a7b588b9b9c92b439359b6d780b87da3f30731db37da"
"raw_responses/c14_o01_t05.json","d063f1610b7afd3e673c44576be4c0ea89ff685c220264ecd96c86b5f3b1fb13"
"raw_responses/c14_o02_t01.json","2310a1c7c8c4c764955733d6698b32fc1e750fc9cbda4a6fb915a2c535c4c73f"
"raw_responses/c14_o02_t02.json","eb93195040c3594bb64c7b4b14a42c18a95cf0f4bedfe427ecdf2247cb82a858"
"raw_responses/c14_o02_t03.json","bdff7fd6bca39c798739d1656d204589a23c16f86c136577bcef801173679110"
"raw_responses/c14_o02_t04.json","65b1be66afedd8dde7f89451b0d8a96c39330c483c283f1ad1e8e2d1096dc7c8"
"raw_responses/c14_o02_t05.json","3f987fc240ff3c75012ad6ad5561a693513b405f553b7db56ac99091f16c581e"
"raw_responses/c14_o03_t01.json","5c79e5a3073ccf599fb2bd731a698e2ebe1d02f8180d266a095ae7eea374976b"
"raw_responses/c14_o03_t02.json","c7f0cb3cd335338233aad8548f5575e5926d4c029128a003b79711e35538af97"
"raw_responses/c14_o03_t03.json","4a30398e35379c5fd1bc1f60c3cba66bb932ab68f7f2e433246f876b6066fd86"
"raw_responses/c14_o03_t04.json","3264f8155c62db4e1ca31261dc81a001eea6c7112a60fbde191fa6c5e396ff88"
"raw_responses/c14_o03_t05.json","453ac8d3f224fe6a9d26ddb599d15e85c6b7bc555af6d81ea5e39a284878d6d4"
"raw_responses/c14_o04_t01.json","2588db985fe3c30f894a3f054a87608895d89863af2f19b740fc782a970c6ed8"
"raw_responses/c14_o04_t02.json","fbed0a270a066cf667bb2dfe88a5ee97604860322018362025d5391e6f56f0d1"
"raw_responses/c14_o04_t03.json","f2744401e03d989f3fa8feb2c8903a414c7956d2c583e04792f36494dde2c63d"
"raw_responses/c14_o04_t04.json","c1fca731f0b4f940ace826457e2a933a3c670dbf465fd108db984781c0237ddb"
"raw_responses/c14_o04_t05.json","99c3ab0915579d77cfb8c38cee38b18397e97d72280d0f247910853bd4674592"
"raw_responses/c14_o05_t01.json","306f0e1a944d1b19606d1af2b9d479d353d66a35fc96769cf7339a70ad699971"
"raw_responses/c14_o05_t02.json","3ef8cd34ac2854f9ad32eb249367b7beca339a2a4aa38b02bf67f82d04dc99a6"
"raw_responses/c14_o05_t03.json","27c51829725ec686d7bdb03e96fef8e699db38fc3d1ef4223b7ba446586859e1"
"raw_responses/c14_o05_t04.json","776112c97bfb00d3a27ca633e94ef8b3a5ca4f6ce61dfe6b394ce6ae637764e5"
"raw_responses/c14_o05_t05.json","33379b15d474285bf65028c5526e2f90417febd96567745491aa86345c35a7cd"
"raw_responses/c14_o06_t01.json","5abf8027e3938be00a8fe868cbbce0ada50a3cbedff1b626777c8530f041f5e0"
"raw_responses/c14_o06_t02.json","2cbb83066d773aa6b0679a2bde7ca2829248129de7f16fa32db7da1b592f608f"
"raw_responses/c14_o06_t03.json","bce87d611c29154f8096c2f7bedb2c99f3f09056e511a698719b51e49c4ba6c2"
"raw_responses/c14_o06_t04.json","555f913d7a53e0bf1341a2ee891f7ae41d14438ff1e9e6765bce91336c7028da"
"raw_responses/c14_o06_t05.json","8a58b34a35222c9ca59aae2a054dffe50afd73dadbfc6035907d0188de4a8634"
"raw_responses/c14_o07_t01.json","7ae7302d3fc067f5014fe11e84ec697e652b1c8174390a908bd85ba40c301e32"
"raw_responses/c14_o07_t02.json","775993185be69cf77965c5663a3957fd611871ea630f5e318eed34f32a6c68a4"
"raw_responses/c14_o07_t03.json","517a45ae3acd951bf0150bf6776a95549d33e186eda089fd49ccb61b7b1bada2"
"raw_responses/c14_o07_t04.json","e7280fc24fbff41ae1e9d288e3b2cdca5112827c1e876993bc54534ee9eae369"
"raw_responses/c14_o07_t05.json","59245b6929335daf060890956679552e5b155420fe2a4b1a939b15a38d31dd8b"
"raw_responses/c14_o08_t01.json","1a60f4949d053b8bec99f114f6f41019a5437843fd31cb89a97bda6950dc7111"
"raw_responses/c14_o08_t02.json","77b81c5710aaec49b2b8f8e0c6b78cecacd0c9742f4eda62bd7848794efd9c97"
"raw_responses/c14_o08_t03.json","279d8c008c6d13182017a2e5ac917f4db4e80cbf52b96bcc9b114959f3dc2b5b"
"raw_responses/c14_o08_t04.json","e012899a59fe7619d123b1ebb5b1993e0b8196a41b26457c787f10edc5f5d05f"
"raw_responses/c14_o08_t05.json","31f5f6828d80839a3728154d8be283ad867a14def38a6f4604df812e6f99fec6"
"raw_responses/c14_o09_t01.json","1e820e82de8347402a7d38c343775c436d25b358de972db85d3090849c15bf2a"
"raw_responses/c14_o09_t02.json","2990fa477890814096d05bd2e77f83d934cc3f753bdc69bda3410a1bd0656d7f"
"raw_responses/c14_o09_t03.json","e9d70a7dd436458f3f1abe169d1f4131b5ee1ca3dc6889b7bbd17b0124eedcbd"
"raw_responses/c14_o09_t04.json","6919ee9ac913aad1e05741ace7d0cbdca54f4a64a374193cf525c819366b17dd"
"raw_responses/c14_o09_t05.json","56c4b04344560aabf683e314ce679a25fbf5f62e59722ec2dca4c5b5292410c8"
"raw_responses/c14_o10_t01.json","dbfdf95e63c2a445de9856b8838aaf3bf724f5c6622252847fba3677f8ea1047"
"raw_responses/c14_o10_t02.json","d8f09232289e1fdaf41045fca9e1eb0dbdce1cfa3b1ca27504832fe837ac03fe"
"raw_responses/c14_o10_t03.json","d96118672255001a6e5ebb956c098731848616cc9b8094e707d529bdeb61f6a8"
"raw_responses/c14_o10_t04.json","39e2cc2e408a96a6cd50a640afea162f9caa8c334e05a23c015ad09ddc493e2d"
"raw_responses/c14_o10_t05.json","13b173acdf934dfd84c9987a138af473f717aeb9582ba06274f643cd4303dca2"
"raw_responses/c14_o11_t01.json","a74d585569bc4df394b0932fc5d4dfbae5aca19e3e1f1434f89f4afc91910452"
"raw_responses/c14_o11_t02.json","9c24041121eead07b2592ff09b296397e77689e253e328cb0d3a0721abbf30b2"
"raw_responses/c14_o11_t03.json","9ccb95698aaa46a4e8e690a9cef913e0563903a168752f1d4d31ded589ae7c86"
"raw_responses/c14_o11_t04.json","b9cafc981c42447edcafdfdbd39e2c2c3884250cb5e7135e4a4ce66e57abbe16"
"raw_responses/c14_o11_t05.json","67a7f17987ae480aae7c5c3e36aae5d34f669c3d632509e01ef49ea83dc5f462"
"raw_responses/c14_o12_t01.json","58f7a23fc396a7dbca4524a77a71b0909bd663d948e0b47a2826275a7be33f39"
"raw_responses/c14_o12_t02.json","23d2989a1072f78718b4c6017617dc5f5d3f2e34d06489ce24aeb5ba1ac01485"
"raw_responses/c14_o12_t03.json","a79e243d7e1df5ff918bb0082390bf19acdf98dccb0ca5322cb1463bf58f7c04"
"raw_responses/c14_o12_t04.json","f6796e7dc5c066e6fb35dfe23c4d1878a62a1673b6cc8a06e0be0d76bdfbc28d"
"raw_responses/c14_o12_t05.json","9a72d569dd4d8ba640d5fd4768520863521d57cc3c87c7ae89b0ff4d413c386e"
"raw_responses/c14_o13_t01.json","761af53aca150af7f82f405e02dac9433ae8a9e3886efd14e59df02074e59974"
"raw_responses/c14_o13_t02.json","86d9904df3352dcc67f80d2d9db914d16e4d969ae2d16c55a2c6018797f68289"
"raw_responses/c14_o13_t03.json","d4aa0e4a58e61519b446f4899f4c6344e276c6c2f55c6248d3824132af5855bd"
"raw_responses/c14_o13_t04.json","60f9c035e0e1ec94cd82a064a311797a5848f646e9c179852288161de097b867"
"raw_responses/c14_o13_t05.json","d069dfca41b0f8000482bbee4d60817db5203066237ff8016fbdb195ac843f62"
"raw_responses/c15_o01_t01.json","c7161832dec4400421096246fd4690ab9b26b89412f442fbb351b4bb02f44f57"
"raw_responses/c15_o01_t02.json","39ace03531db79790c71f586fb4f7b663a0f9addb88915036eac3b97261a12b7"
"raw_responses/c15_o01_t03.json","a0e37eb473b3147021edb362865585e4481b8fa3c00e9bc34ce1d1eae5e6504c"
"raw_responses/c15_o01_t04.json","c8c7cb3ffd3578703b0152aa384dd448bb8daed27c25aef0d889d3d2e9574b85"
"raw_responses/c15_o01_t05.json","e58410d67956a86fd4526e13da3b350e5de37cad437796cff4e900aa4eef73a4"
"raw_responses/c15_o02_t01.json","e2bbf97c6803a17fac60ba962ccf5735aae26d5cc14ccaf7a0e45940183cba4e"
"raw_responses/c15_o02_t02.json","89e5dc994372901b16e406ad9ce1497a75074f790edaaec99baa476201b41eff"
"raw_responses/c15_o02_t03.json","94e9cbf12285add459f1fc71ab8953684216768c6ef02ea38f4d477856082f47"
"raw_responses/c15_o02_t04.json","4937ad948be38d54a7ad4ad406b721b10f2b5357918f301789c0ce40f5860ad8"
"raw_responses/c15_o02_t05.json","8b810decc7142c91e9babc675df3b039a21ebe42bd93af7e354278b70e3b9134"
"raw_responses/c15_o03_t01.json","1a44ccf64a80a1ea3f074eb4cb8166e08af52bc5e718c9582444d0138422fcb1"
"raw_responses/c15_o03_t02.json","53f6d316cce83853264e8ebd5e33721e53a18d51175fe2ac6032397fe4ac2238"
"raw_responses/c15_o03_t03.json","26215ff8cbc9e82c0e96a6dfa73852ff3da3fd9559b4e13bbcea21858cac6e09"
"raw_responses/c15_o03_t04.json","f46b57b8f8619b9098e913817c2de0657e14fde3ba496a03e8c433372d36d13f"
"raw_responses/c15_o03_t05.json","1a222d0be1d53744c86551052bfad2d3701e716a11bbaf2b3415ba8f322fa165"
"raw_responses/c15_o04_t01.json","d523b52c8880af81b4bd5f9b95d7d3818e06920284a3b11f20309529897b6ff1"
"raw_responses/c15_o04_t02.json","b65a7ddfd093ded4a41ed2f027cf8abe2ccf0fd8ab956cc0eff7ba2c9ce595fb"
"raw_responses/c15_o04_t03.json","7739054b6bf884084090069caae1c0c2438a7bdcb3c220320a42ccde39760bbe"
"raw_responses/c15_o04_t04.json","e7e782c3acae8a6193d3b235c69cbc4b6fc642cf2e486cbf99152212c7cf3be1"
"raw_responses/c15_o04_t05.json","5cd4bc842f500684f7aecbc7624c1cc266b663e39a854113a7a700c778b1aa63"
"raw_responses/c15_o05_t01.json","803c9ba7565c34efcdf02fa345e690bb8ea0440d87cbf5faaa0fd4afc9b4fd82"
"raw_responses/c15_o05_t02.json","d20a00bf2e35ee7da6479037a3619d03b851fc42297d00a77385e9753a9f8004"
"raw_responses/c15_o05_t03.json","45a4b5353ad3fbd7c4ab0ee8149ddaa1f43276f221ad15cf99d59b95be4a78f4"
"raw_responses/c15_o05_t04.json","0798b4b7b3d0733dc82ed56d1ed41cc0a9739744d18f44b9f9b19e933a18a982"
"raw_responses/c15_o05_t05.json","dfad3dba7c023e20ac2363071aea1484278efeef6f8509a0ea308ff78ca7b6af"
"raw_responses/c15_o06_t01.json","3473921ce6646e1d8e7b82646ab0a750bc7d9d1c7d5ae5a3a453173209f0a2cb"
"raw_responses/c15_o06_t02.json","16f11b8413bf4089941313c958f17e3f23a40182e11a408f7e109b91cdb208b9"
"raw_responses/c15_o06_t03.json","f7a41a46fc52cf846f47be6563f16c9d6168e64d1ed54eff05963a0d9381a94a"
"raw_responses/c15_o06_t04.json","c747d753b56c351d45ef497d5553f088af6690c96f9c3bf44f07178eda675426"
"raw_responses/c15_o06_t05.json","8d1f8c42c4826d53edd2baadd48c2c30622195542a875caf0473909f9d6d92ae"
"raw_responses/c15_o07_t01.json","ec2ee3e7a64f53133490d5f3a4c0061a55f3ad589ed5d83a44f8d2602a8765f5"
"raw_responses/c15_o07_t02.json","fe3fef2ff3191ba985c6bdab3b5fd1e66505167e65303c0e76fc3b2be804c0f2"
"raw_responses/c15_o07_t03.json","a756ccbe10e3bd1ee14602a2c21a16fe27bcc1afa7fe96342c8df0faa23dda85"
"raw_responses/c15_o07_t04.json","2c6658b767d5ac60b630c9dda35d65b864c4f635d06ba4808ae7dea200e51671"
"raw_responses/c15_o07_t05.json","3082f129e569b2f5e33553321b8571e0a86a97330eb83e58d1eefff659239381"
"raw_responses/c15_o08_t01.json","0f6a7da973c45599d6ebcd3cb950d6ab0c40102fd6ad4ade52341a9ac4895327"
"raw_responses/c15_o08_t02.json","4e592cec9b26892e16c8dbe5596a7b2b2921d05960037ce1ed78e5d93b60768a"
"raw_responses/c15_o08_t03.json","967b86f0fb40bc36a88bfef02850749689ab33c78518ab38e57c8c07baffdba0"
"raw_responses/c15_o08_t04.json","1d1820c99cf009b33dc317a414652657af010964f2d24aa9e861d4807b5e2963"
"raw_responses/c15_o08_t05.json","a4502bccc7f4b78ae866c08d96ef2fff6f6e088248af2624ecf6e93ab21b6877"
"raw_responses/c15_o09_t01.json","ab60dc3cf6eda9550d702f7f9cd4b3eaeef9ff8a5b319849ca446adaaa41520d"
"raw_responses/c15_o09_t02.json","4d620d8d3b671d6bac6c260cb4837434492640f61bf18ff17f008bcec265a47d"
"raw_responses/c15_o09_t03.json","5d828d35e1ce1adbd47c30540b0bfebdc6d4a6eb4f2d81e561381857b6c8ff67"
"raw_responses/c15_o09_t04.json","74d1c44f9bddfde51e5f4ee42ac164278c7a9a7205e55aa4705111966e395d3d"
"raw_responses/c15_o09_t05.json","8854f7cbdac2abb1512445edcf5e58e7dbba673e0b5ef158354c011d33636213"
"raw_responses/c15_o10_t01.json","6854fc5b07c17da6105fd29035b3272d06bb2b0d2c2283828b53c77c0bb95aba"
"raw_responses/c15_o10_t02.json","e15ca1fb35761a592e512b94d3e93ef29d4d177193b0b5182446fa1894ee3d56"
"raw_responses/c15_o10_t03.json","611e563f49c5a83e0337630fff08bd38edcbc9e03a3950d2d726b6ea014f6821"
"raw_responses/c15_o10_t04.json","62509afe64622950cf956c065d633aa9b928b4e8a455862f279021e245d7dd5a"
"raw_responses/c15_o10_t05.json","3217ab10f526c25d02f345eae94cea70ab5c370cc11950929e4f975a93b9e0ac"
"raw_responses/c15_o11_t01.json","d5df473001ebd1c45546e0c98fc99d3f671aca5fd0cc3eb5c41ca30f2171631a"
"raw_responses/c15_o11_t02.json","e3392a12a88fe12bef3e476715b473b4a8fe6e36fa26b824f1a0150770c966f7"
"raw_responses/c15_o11_t03.json","4bafd0e881c7442f001527db24088d675701aed310841b39e7a4d8c5004013de"
"raw_responses/c15_o11_t04.json","65dc591ccb4125f04ed0f76af4244e0d587b5d34c667961944029dbe3ee62c31"
"raw_responses/c15_o11_t05.json","a066fc94039d96c9ec85845607224f0c80bd6da9d42bb1f4bc0901b2fc1d067e"
"raw_responses/c15_o12_t01.json","003bef4817136b9080b4030040e2f54d746587b86458350175f053367d486b66"
"raw_responses/c15_o12_t02.json","fd4f4b241a58783e796c1e29d23ca2346ed753b4adf08ff2e915330a6a12865b"
"raw_responses/c15_o12_t03.json","60e8e5120013c7312c4d0f2889cb065140bbf8e839818000f98022555bb360b4"
"raw_responses/c15_o12_t04.json","01bc731fe358f9b6485f46f02b02331a97a3dc5840ebb9f2bee5bafdf2b22405"
"raw_responses/c15_o12_t05.json","b53493959f6af686517c7595a2784bddad089d41c641d762f2755a06216cd456"
"raw_responses/c15_o13_t01.json","345370523422eb4c0308d7e541f551a65f0232bad0c8a7fc75f4ca6c35d60a8c"
"raw_responses/c15_o13_t02.json","18a23b4984d6cba16f871c8a5aa9efdb0404b3593c827ebd7ac13ac2b96b6e08"
"raw_responses/c15_o13_t03.json","78deaf8930476fbd3af36e1f8250f8cca4e8ab41dbd912024008d587f5bd97a1"
"raw_responses/c15_o13_t04.json","9e73fff75dbabfe7bde96c4151487456cd3cd710badff8ec1fcf0fa0cb607641"
"raw_responses/c15_o13_t05.json","3e8a035726984b87c018ff90161803b89bd13139e0cd6508df85b457ba55ed20"
"raw_responses/c16_o01_t01.json","19aacc273ec31cc975263815928b99be73624a72fd6644a9afa336ca92e5f279"
"raw_responses/c16_o01_t02.json","977247d55292aa8c4908e0c6a52c3de6b37ae881e298efb406b5c9447bb29858"
"raw_responses/c16_o01_t03.json","59401fae0a39477b3ddbbeeb8b41a25d5720dd33c0fd4fabb0791befbcbf161d"
"raw_responses/c16_o01_t04.json","04700cf4d59374f907982fe68238b4ec75e9fb0272fcc379cf53433a63dcdac2"
"raw_responses/c16_o01_t05.json","0f7f3e273d9fca16ae1e38bee3080411ebb33a3513903f90fd72bd83ee9d5eb3"
"raw_responses/c16_o02_t01.json","e37cf3324ec67d8aca05071413a9c84b51975e7f9bc9fa4a17ff5eabfea6924a"
"raw_responses/c16_o02_t02.json","a72d18ae71ebccbd50c34b12e87c7e756eac2109185ea25b922b2911734a5c21"
"raw_responses/c16_o02_t03.json","910ad7dfcbc522aeaa989c33ee3af754f3c6d27863b5cc54dfddb06361b2d22b"
"raw_responses/c16_o02_t04.json","1268c88083becf6912716be6064ea7beb9c8d00f4b5da565ed70693d8a54d17a"
"raw_responses/c16_o02_t05.json","4fb14d3c5f92287b423a3dcc3123e6240f5a22172105c3345481a5449402c388"
"raw_responses/c16_o03_t01.json","7c17cc509e81c94165386f2fab2b6d68151fba9a6054725994ca572f91d5408c"
"raw_responses/c16_o03_t02.json","f24a4e6c18b4ba9fb23aa5410f9a2b1d068ec2c3b8925c6249087b2cc954224b"
"raw_responses/c16_o03_t03.json","1146e4d84a531282d0d9759a7709374b1273edd93c3b3d9e91a7d9d6eb08dcd7"
"raw_responses/c16_o03_t04.json","338b3cd25b6309bd6ab99887fd9d41dac15cb233c4ab4c9039f750924206ba9c"
"raw_responses/c16_o03_t05.json","3d67fddffe30973cb74679b611befd6fdf68f3ff21d178a040fc4e41efeda8f9"
"raw_responses/c16_o04_t01.json","c16a61d48e16728e3a42c42bfb461bf0994abd2a4c9a2611a58904442df199b0"
"raw_responses/c16_o04_t02.json","bb1f4dd77cb404559ff631386ae61e7e3faf0ba3a03a328758938350799fb7e1"
"raw_responses/c16_o04_t03.json","9b4077e0dcadd7e7ffc644d1ac4048cc2950e579d3840a2f026693d1cc9da025"
"raw_responses/c16_o04_t04.json","261c269f14dfc928d15854698d564a60934cfa8e51a2e3ae66761d797e4d2b59"
"raw_responses/c16_o04_t05.json","3c56e4bbf030ba17edb3b77e5dc651482278443e17983ea6c386ba7f5beb5038"
"raw_responses/c16_o05_t01.json","d25e90d0ec57838837e7514d2f603763e6421230f99a2eaf3931bdbc892c9913"
"raw_responses/c16_o05_t02.json","3aa248aed9580d63bcf235d6a8823aa60613edd5d2f118ba43fc4d18233a69e4"
"raw_responses/c16_o05_t03.json","8cac49366be8b8d25a679b4731cff3d0606dfa03b955e3a97675d92131a938f6"
"raw_responses/c16_o05_t04.json","b9c30f4442a34a65c057bef54a4bc850288dc9738e45de7288e3aa3c5e7d2db3"
"raw_responses/c16_o05_t05.json","cda1e99dd4328d82c6c4190eb5ea69f99bf6ae760f113e649ca711498371cf12"
"raw_responses/c16_o06_t01.json","1275738be560c4172ae6fd1086d2890696cb27d7c6c8b549b7832bd9e3d69ba1"
"raw_responses/c16_o06_t02.json","4672322b3cb6314f780aa93804cf4d5ec10e762c261041745651c5ccd08e79bd"
"raw_responses/c16_o06_t03.json","b60d18aefddc03fb03f275940e2877f32a35cbb932593e4109d2383f582ee6ad"
"raw_responses/c16_o06_t04.json","ee9f923ead247644c8dba92194b86307fb8f2cb351c2e49f96e0d09c2986c008"
"raw_responses/c16_o06_t05.json","f8aa9a32d23a0a1b03a78d5c814c41c5dd65f9e9a1175dce6871ffbc0f830542"
"raw_responses/c16_o07_t01.json","5ca969a99919d8cce2e32a77114f36348b6b11ee957f81882e43c2c1b47c1392"
"raw_responses/c16_o07_t02.json","3df80ec376201cc6c971d45af1ccbb3ed89ab0e5aa410746e4e06acadf52413e"
"raw_responses/c16_o07_t03.json","d4e367b411b8eb66c33d471ad5bf2931aafae838e156d4c000e6a391b4c7c6b9"
"raw_responses/c16_o07_t04.json","4b236d852955adffddc95ba802b3d4c191257cc134d2390ed53bea5c85175123"
"raw_responses/c16_o07_t05.json","687a441a14d6008fdb318dbe5777e12036848de578e0442ca892db001504ea38"
"raw_responses/c16_o08_t01.json","96b77bbe5c481a8a979624552b59ba249be0f02794fda01e60d3496dc725c87d"
"raw_responses/c16_o08_t02.json","4662b7c27b868a5e50c698bc7a40358fb851029a3b43ff2d26c3e51975d06d49"
"raw_responses/c16_o08_t03.json","6aa2196376948b270733b9d5572baa035b277c5cc5036b2d8e524f8f19c1094b"
"raw_responses/c16_o08_t04.json","a3c99bfbb8d3be2122a58178758964d7e044d655bea8d65bace64624af48851c"
"raw_responses/c16_o08_t05.json","31f28538210abcb3435e8f37bbc894671295072600883f4e01307e3b23e37839"
"raw_responses/c16_o09_t01.json","5503592b60ae072230df5f788d529c81819c5180edeac13cf95832e3ff0b36f1"
"raw_responses/c16_o09_t02.json","533869f965b97bf6f61bd1cca18e87541766983bc076a6acfe62c8990f0b0ad1"
"raw_responses/c16_o09_t03.json","60497672a40b8c0f0f902bb5c4fb2ecd40a85033743135fd280799dc25beff05"
"raw_responses/c16_o09_t04.json","dff692a0fe8d4563b89ead4030e718d9b9cd937a7e432510220c0f50cc211d86"
"raw_responses/c16_o09_t05.json","28f7ffc917c2a025458cc196425cbb30b5fe9fb552a607d19246d419ada8b916"
"raw_responses/c16_o10_t01.json","5dfd0980e8baf206e7bf7492fca3cf36e0cf32a3a869a7d5e9623fca8997da2c"
"raw_responses/c16_o10_t02.json","c000beff5fb29551ba9fe319f2121c714ae54bc484d087c53c13e7ec35354083"
"raw_responses/c16_o10_t03.json","57c6b48c9f68a44977e88d5e62918f46383f81b2df1b56fdfa3e02a2ff49890b"
"raw_responses/c16_o10_t04.json","cd75dbee6de36eca061e63c21b1ce43250980b935307d24752028a550b8b4eeb"
"raw_responses/c16_o10_t05.json","ec9f7ae07745ab23ad70b7409c511cba7144e34144b3e3a8be48801ad2bfde5f"
"raw_responses/c16_o11_t01.json","da94f3a8abb52af657a6e0335db5b572f785aec2b4fb266cfa680e0ece147a95"
"raw_responses/c16_o11_t02.json","1269cf29d19982c9895ddf42ecaa5e1662fcc3c7b55d5ed145bdbca8c1e0eea5"
"raw_responses/c16_o11_t03.json","f664d22bde44850d2d7cebbf7fd2959600308e0381827f2072d43d2394919c47"
"raw_responses/c16_o11_t04.json","eb8e82cc8093a885a67af409a63f2a75098c09167c3b4a6326a500c8487f7a45"
"raw_responses/c16_o11_t05.json","d8ea5b4baf924c2c8c17bad0c283133e0a9204bde08b27a14b05fdf565819467"
"raw_responses/c16_o12_t01.json","6261814cce4bf577fc5aa79a97b5c1b0b51b6ceeea6987936faedccad35fedef"
"raw_responses/c16_o12_t02.json","8663993247d20fb878af34225352edb4c213832d7c61ae2e358d123188da9778"
"raw_responses/c16_o12_t03.json","bf8801abea0d64dd00d56ca3b8f43be725e65536b9a0abc3e7464a7da222ce9f"
"raw_responses/c16_o12_t04.json","9eceb5373a7fb0cfb76de6b3365c9e6ecac4c568333aabf58adbbf25de673f85"
"raw_responses/c16_o12_t05.json","96eb2fe179384e9f13524edf445b97e0c215c779cdedbbbb8171009695d12b1d"
"raw_responses/c16_o13_t01.json","db8dea8719663c428c3f53617912498d2a7948f05aebe41c8bfdbaea4875e313"
"raw_responses/c16_o13_t02.json","c05a2af6d9cac42a8048484de54849131b9e7d314bd0daa3a9e5611cbeb9dee1"
"raw_responses/c16_o13_t03.json","86ca63122b3b594227868d24ae1bd954252c0867e0ddf2488a20cd47c3a032d4"
"raw_responses/c16_o13_t04.json","4d760c3d4ac4648de74d00e645bbd203e576094c5870fa45f9b4ed91fc62a11d"
"raw_responses/c16_o13_t05.json","60500c17e95e902a420ca72d715f126d7952b03b5313336a258dd7b0dce2a58b"
