profile_id,condition,gender,age_band,race,education,income,party,trust_multidimensional,trust_competence_1,trust_competence_2,trust_competence_3,trust_integrity_1,trust_integrity_2,trust_integrity_3,trust_benevolence_1,trust_benevolence_2,trust_benevolence_3,trust_openness_1,trust_openness_2,trust_openness_3,trust_post,distrust_post,funding_perceptions,policy_role_mean,inst_trust_mean,belief_post,concern_mean,policy_general,policy_specific_mean,behavior_mean,donation_ams,newsletter_signup
p00001,control,Male,18-29,Other,Less than high school,"$56,000 to $99,999",Democrat,49.833333333333336,20,17,39,74,100,17,73,61,87,10,47,53,78,100,50,39.75,62.4,65,54.333333333333336,33,52,41.333333333333336,1,0
p00002,control,Female,30-44,Hispanic / Latino,Master's degree / Professional degree,"$100,000 to $167,999",Other,53.58333333333333,27,81,27,48,85,71,76,86,14,0,66,62,73,14,60,34.75,43.2,17,42,32,47,46.333333333333336,0,0
p00003,control,Male,18-29,Asian / Asian American,High school diploma / GED,"Less than $30,000",Independent,47.75,41,40,68,51,79,0,0,53,60,94,20,67,46,36,77,41,72.8,63,50.666666666666664,66,59.714285714285715,50.666666666666664,5,0
p00004,control,Female,60+,Other,Doctorate degree / Ph.D.,"$56,000 to $99,999",Democrat,40.75,26,38,38,51,28,5,78,24,76,13,89,23,47,56,53,27.5,16.2,54,76.66666666666667,0,42.57142857142857,60.166666666666664,3,0
p00005,control,Other,60+,Asian / Asian American,High school diploma / GED,"$168,000 or more",Other,46.75000000000001,37,28,44,40,100,76,30,45,82,45,28,6,78,53,56,62.25,60.4,51,56.333333333333336,42,46.857142857142854,51.833333333333336,4,0
p00006,control,Female,18-29,Asian / Asian American,Some college or Associate's degree,"$100,000 to $167,999",Other,52.08333333333334,62,0,74,57,14,16,39,58,69,95,100,41,37,6,26,56.5,54.8,10,43,41,67.85714285714286,18,0,1
p00007,control,Female,30-44,Other,Master's degree / Professional degree,"$30,000 to $55,999",Democrat,47.583333333333336,78,73,75,4,57,38,54,51,29,26,21,65,78,52,58,63.75,58,38,54.666666666666664,53,43,59.166666666666664,2,0
p00008,control,Female,30-44,Hispanic / Latino,High school diploma / GED,"$168,000 or more",Democrat,56.83333333333333,57,72,100,2,35,44,41,74,84,74,49,50,16,42,28,45,51.2,37,29.666666666666668,10,39.42857142857143,48.333333333333336,5,0
p00009,control,Female,60+,Asian / Asian American,Master's degree / Professional degree,"$168,000 or more",Democrat,51.58333333333333,40,97,0,0,62,55,84,40,45,48,61,87,9,100,84,47,30.8,48,61.333333333333336,6,39.42857142857143,35.166666666666664,1,0
p00010,control,Female,60+,Asian / Asian American,Some college or Associate's degree,"Less than $30,000",Democrat,53.41666666666667,63,63,54,52,51,54,85,38,16,49,57,59,86,90,67,45.5,47.4,94,53,20,42.714285714285715,60.5,10,0
p00011,control,Male,60+,Black / African American,Master's degree / Professional degree,"$30,000 to $55,999",Independent,55.666666666666664,72,11,61,18,100,49,65,67,72,65,52,36,21,6,75,53.75,46.6,51,56.333333333333336,47,37.285714285714285,68.83333333333333,1,0
p00012,control,Other,45-59,Hispanic / Latino,Doctorate degree / Ph.D.,"$168,000 or more",Other,39.33333333333333,51,100,11,69,19,8,20,66,45,0,40,43,38,45,53,79.75,26.4,32,60,45,45.57142857142857,44,7,0
p00013,control,Female,45-59,Hispanic / Latino,Some college or Associate's degree,"Less than $30,000",Other,53.833333333333336,0,38,19,64,65,34,29,64,75,86,72,100,100,74,0,40,53.2,28,37,46,42.857142857142854,40.333333333333336,10,0
p00014,control,Other,30-44,White / Caucasian,Some college or Associate's degree,"$56,000 to $99,999",Other,51.91666666666667,83,75,39,87,100,55,21,0,24,16,73,50,57,99,49,41.25,36,66,45.333333333333336,35,48.857142857142854,57.666666666666664,7,0
p00015,control,Female,60+,White / Caucasian,Less than high school,"$100,000 to $167,999",Republican,43.41666666666667,70,96,60,38,52,47,17,26,0,25,23,67,64,31,27,57.25,55,68,52.333333333333336,95,42,60.666666666666664,10,0
p00016,control,Female,18-29,Asian / Asian American,Less than high school,"$30,000 to $55,999",Other,45.50000000000001,37,56,37,13,36,56,56,54,65,36,40,60,39,27,43,59.25,46.2,73,57.666666666666664,60,35.857142857142854,55.833333333333336,10,0
p00017,control,Male,45-59,Black / African American,Master's degree / Professional degree,"$30,000 to $55,999",Independent,55.49999999999999,13,55,89,76,0,43,87,20,98,71,74,40,82,31,52,43.25,38,61,57,63,56.285714285714285,66.83333333333333,0,1
p00018,control,Other,18-29,Other,High school diploma / GED,"Less than $30,000",Independent,63.5,66,22,96,63,77,97,100,74,41,29,39,58,38,20,67,31.5,40,36,60.666666666666664,47,54.42857142857143,28.333333333333332,2,0
p00019,control,Other,18-29,Hispanic / Latino,Master's degree / Professional degree,"$56,000 to $99,999",Independent,42.5,49,50,0,70,42,73,67,0,39,42,65,13,78,13,62,37.75,25.2,29,53,0,53.142857142857146,39.333333333333336,1,0
p00020,control,Male,60+,Other,Bachelor's degree,"$168,000 or more",Democrat,60.75,40,100,51,71,94,53,56,77,25,65,25,72,19,45,62,29.5,56.8,43,68.66666666666667,79,40.857142857142854,36.5,3,0
p00021,control,Female,18-29,Other,Bachelor's degree,"Less than $30,000",Republican,47.75,32,16,56,14,62,86,33,92,37,24,76,45,60,48,27,43.5,42,34,67.66666666666667,77,55.142857142857146,48.333333333333336,8,0
p00022,control,Male,30-44,Asian / Asian American,Master's degree / Professional degree,"$30,000 to $55,999",Democrat,52.00000000000001,24,8,96,51,63,83,66,37,42,54,39,61,83,39,1,34.25,36,57,46.666666666666664,92,58.57142857142857,39,10,0
p00023,control,Female,30-44,Hispanic / Latino,High school diploma / GED,"Less than $30,000",Democrat,45.666666666666664,38,95,56,2,64,56,17,26,44,38,62,50,44,74,53,57.75,40,95,76.66666666666667,64,45.42857142857143,38.833333333333336,2,0
p00024,control,Female,60+,Other,Bachelor's degree,"Less than $30,000",Republican,51.666666666666664,53,46,46,62,48,5,84,45,49,55,100,27,24,35,40,34.5,40,64,67.33333333333333,48,52.285714285714285,25,0,0
p00025,control,Other,45-59,Hispanic / Latino,Bachelor's degree,"$56,000 to $99,999",Other,55.25,34,51,11,27,80,49,34,94,46,80,67,90,43,48,54,41.5,27.2,41,32.666666666666664,23,42.714285714285715,52.166666666666664,1,0
p00026,control,Male,30-44,Asian / Asian American,Doctorate degree / Ph.D.,"$100,000 to $167,999",Republican,43.33333333333333,45,0,69,17,16,1,67,49,63,54,93,46,61,92,62,46.75,34,55,65.33333333333333,97,30.285714285714285,46.166666666666664,1,1
p00027,control,Female,30-44,Other,Less than high school,"$30,000 to $55,999",Other,59.49999999999999,3,32,72,92,67,61,55,98,61,34,40,99,77,17,54,43.5,72,55,38.666666666666664,30,44.285714285714285,27.166666666666668,10,0
p00028,control,Other,18-29,Asian / Asian American,Doctorate degree / Ph.D.,"$100,000 to $167,999",Democrat,49.99999999999999,86,46,50,27,6,33,42,59,81,73,47,50,63,20,56,38.25,52,86,75.33333333333333,33,39.857142857142854,50.166666666666664,5,0
p00029,control,Female,30-44,Asian / Asian American,High school diploma / GED,"$30,000 to $55,999",Democrat,46.166666666666664,8,50,62,81,54,47,39,53,43,26,22,69,26,69,51,39.25,46.6,100,46.666666666666664,18,45.142857142857146,61.333333333333336,9,0
p00030,control,Other,60+,Hispanic / Latino,Less than high school,"$100,000 to $167,999",Democrat,51.416666666666664,68,59,56,15,100,20,37,61,63,57,31,50,1,74,38,53,65.2,33,52,70,52.142857142857146,33.833333333333336,6,0
p00031,control,Female,60+,Other,Bachelor's degree,"$168,000 or more",Other,58.74999999999999,43,45,30,95,66,47,100,41,74,45,80,39,6,100,100,54.5,65.2,64,71.66666666666667,30,63.57142857142857,50.666666666666664,8,1
p00032,control,Female,45-59,Black / African American,Master's degree / Professional degree,"$100,000 to $167,999",Independent,47.33333333333333,42,95,36,67,2,11,59,29,35,98,24,70,65,15,50,41.25,48.6,63,52,33,44.42857142857143,43,3,0
p00033,control,Male,60+,Hispanic / Latino,Some college or Associate's degree,"$30,000 to $55,999",Republican,43.833333333333336,62,42,0,47,0,51,88,53,89,14,34,46,69,67,72,40.75,42.6,50,31.333333333333332,43,56,24.166666666666668,0,0
p00034,control,Female,60+,Hispanic / Latino,Some college or Associate's degree,"Less than $30,000",Independent,44.333333333333336,88,34,11,61,42,5,22,79,54,40,47,49,49,63,74,60.25,54,54,60.666666666666664,69,47.714285714285715,53.166666666666664,6,0
p00035,control,Other,45-59,White / Caucasian,Bachelor's degree,"$56,000 to $99,999",Democrat,50.5,54,69,51,46,50,37,50,23,65,7,100,54,14,37,57,57.25,44.8,19,68,38,59.714285714285715,70.5,0,1
p00036,control,Female,30-44,Hispanic / Latino,Bachelor's degree,"$30,000 to $55,999",Independent,44.833333333333336,33,54,46,13,20,67,39,49,52,62,67,36,38,29,52,56.25,58.8,100,15.666666666666666,80,55.42857142857143,50,8,0
p00037,control,Female,60+,Black / African American,High school diploma / GED,"$30,000 to $55,999",Republican,49.91666666666667,38,55,60,61,89,13,52,40,70,15,6,100,47,80,40,46.75,36.8,86,62.666666666666664,51,56.142857142857146,51.333333333333336,8,0
p00038,control,Female,45-59,Other,Bachelor's degree,"$168,000 or more",Independent,51,64,89,39,71,72,14,54,50,49,44,43,23,35,56,71,67.75,49.2,57,41.333333333333336,58,65.14285714285714,55,4,0
p00039,control,Other,60+,White / Caucasian,Some college or Associate's degree,"$168,000 or more",Democrat,38.74999999999999,64,35,30,94,30,52,23,37,62,0,12,26,42,77,18,71.5,44.4,59,54,0,45,41.5,6,0
p00040,control,Female,60+,Other,High school diploma / GED,"$100,000 to $167,999",Other,53.83333333333333,43,72,75,54,25,1,0,89,9,100,78,100,60,21,51,54.25,44.8,28,81.66666666666667,45,55.714285714285715,44,6,0
p00041,control,Male,30-44,White / Caucasian,Some college or Associate's degree,"$100,000 to $167,999",Other,48.333333333333336,35,43,40,70,53,46,46,21,40,56,65,65,100,0,67,48.25,56.8,99,48.666666666666664,50,49.714285714285715,43.166666666666664,0,0
p00042,control,Female,45-59,White / Caucasian,Less than high school,"$30,000 to $55,999",Independent,62.75,85,66,38,68,36,78,55,0,85,72,70,100,69,92,99,58.75,41.4,100,36.333333333333336,35,54.142857142857146,51.5,5,0
p00043,control,Male,30-44,Other,High school diploma / GED,"$168,000 or more",Democrat,62.16666666666667,53,61,25,16,54,96,100,97,93,32,54,65,77,100,64,44.75,42.6,64,82,66,57.285714285714285,36,1,0
p00044,control,Other,45-59,Other,Less than high school,"$100,000 to $167,999",Democrat,43.33333333333333,47,77,55,55,26,0,29,49,8,74,0,100,56,28,91,41.5,62.4,65,27.666666666666668,18,55.57142857142857,54.666666666666664,8,1
p00045,control,Other,60+,Asian / Asian American,High school diploma / GED,"$100,000 to $167,999",Other,50.58333333333333,0,47,100,48,16,47,49,54,52,65,51,78,47,87,33,40.25,50.8,63,53,45,57,51,10,0
p00046,control,Male,60+,Hispanic / Latino,Bachelor's degree,"$100,000 to $167,999",Democrat,50.75000000000001,33,89,12,69,89,45,70,36,12,50,57,47,43,75,54,45.5,31.8,3,53.666666666666664,54,60.714285714285715,34,3,0
p00047,control,Female,30-44,Other,Doctorate degree / Ph.D.,"$168,000 or more",Independent,35.08333333333333,37,0,36,99,0,2,18,22,45,9,69,84,65,72,17,50.5,46,32,41,28,53.42857142857143,76,0,0
p00048,control,Other,45-59,Other,Doctorate degree / Ph.D.,"$56,000 to $99,999",Republican,52.833333333333336,54,45,31,53,92,40,59,50,65,69,0,76,58,20,8,65.25,62.4,26,53.333333333333336,70,48.142857142857146,49.166666666666664,4,0
p00049,control,Male,45-59,Black / African American,High school diploma / GED,"$100,000 to $167,999",Other,52.083333333333336,85,37,78,73,75,12,9,64,27,21,100,44,68,19,100,61.5,42,54,68,62,54.285714285714285,39.833333333333336,4,0
p00050,control,Other,60+,White / Caucasian,Some college or Associate's degree,"$168,000 or more",Democrat,63.833333333333336,71,59,54,50,4,91,96,60,100,75,69,37,62,33,82,66.75,20.6,20,44.666666666666664,6,40.142857142857146,36.833333333333336,0,1
p00051,control,Female,45-59,Hispanic / Latino,Bachelor's degree,"Less than $30,000",Republican,53.666666666666664,42,51,44,65,44,41,56,59,100,11,88,43,73,50,80,64.25,50.4,27,50.333333333333336,29,57.42857142857143,52.833333333333336,9,1
p00052,control,Male,60+,Other,Less than high school,"$30,000 to $55,999",Republican,52.583333333333336,28,48,71,12,53,31,94,55,55,78,65,41,13,33,61,34.5,44.4,55,53.333333333333336,68,59,50.166666666666664,9,1
p00053,control,Male,45-59,Asian / Asian American,Bachelor's degree,"$56,000 to $99,999",Other,53.75,100,97,57,72,27,47,11,22,33,30,76,73,49,26,58,31.75,49.4,0,56,0,47.285714285714285,55,8,0
p00054,control,Other,45-59,Other,Doctorate degree / Ph.D.,"$56,000 to $99,999",Other,50.08333333333333,34,55,28,62,0,69,53,57,100,34,61,48,68,0,45,41.5,37.4,100,56,69,66.42857142857143,70.66666666666667,3,1
p00055,control,Male,45-59,Hispanic / Latino,Some college or Associate's degree,"$168,000 or more",Independent,41.91666666666667,66,13,36,76,10,54,49,37,17,20,45,80,0,26,46,52.75,47.6,0,34,40,48.857142857142854,43.333333333333336,5,0
p00056,control,Female,60+,Other,Master's degree / Professional degree,"$56,000 to $99,999",Democrat,54.25,43,99,78,21,80,15,43,51,54,73,58,36,31,81,29,62.75,35,26,64,49,47,61.833333333333336,4,0
p00057,control,Other,60+,Asian / Asian American,Some college or Associate's degree,"$168,000 or more",Other,52.25,55,65,33,61,63,17,74,98,68,23,52,18,38,46,73,63.75,54.8,67,43.666666666666664,55,74.85714285714286,50,5,0
p00058,control,Other,30-44,Hispanic / Latino,Doctorate degree / Ph.D.,"Less than $30,000",Independent,55.833333333333336,66,61,50,85,36,100,45,57,35,45,29,61,8,49,58,70.75,39.4,59,53.666666666666664,11,51.714285714285715,55.333333333333336,5,0
p00059,control,Other,45-59,White / Caucasian,High school diploma / GED,"$168,000 or more",Other,47.08333333333333,42,52,4,33,34,38,80,54,72,31,27,98,95,31,47,51.75,45.2,53,35.333333333333336,26,53,56.333333333333336,6,0
p00060,control,Other,60+,Black / African American,Some college or Associate's degree,"$56,000 to $99,999",Independent,54.333333333333336,57,56,68,64,29,75,81,56,40,100,24,2,100,43,31,63.5,50,40,57.666666666666664,58,60.42857142857143,55,6,0
p00061,Corporate reliance,Other,18-29,Asian / Asian American,High school diploma / GED,"$56,000 to $99,999",Democrat,49.666666666666664,85,40,60,37,52,34,55,45,22,0,100,66,79,17,49,60.75,50.2,83,47,100,66.28571428571429,33.333333333333336,8,0
p00062,Corporate reliance,Other,30-44,Hispanic / Latino,Bachelor's degree,"$30,000 to $55,999",Republican,42.16666666666667,52,65,0,26,80,0,11,77,23,34,87,51,58,77,68,34.25,44.8,63,46.333333333333336,72,53.42857142857143,29.833333333333332,7,0
p00063,Corporate reliance,Male,30-44,Black / African American,Bachelor's degree,"$168,000 or more",Democrat,47.33333333333333,38,100,42,15,61,25,40,100,40,28,32,47,1,58,27,42.75,35.4,55,58.666666666666664,95,51.142857142857146,69.83333333333333,1,0
p00064,Corporate reliance,Female,18-29,White / Caucasian,High school diploma / GED,"$56,000 to $99,999",Other,43.416666666666664,58,71,30,3,71,16,34,72,37,86,16,27,20,39,55,45.25,43.8,79,58,82,51.142857142857146,70.16666666666667,4,0
p00065,Corporate reliance,Female,60+,White / Caucasian,High school diploma / GED,"$56,000 to $99,999",Republican,53.83333333333333,45,49,48,60,63,61,43,16,44,79,86,52,100,58,70,41,41.2,14,9.666666666666666,56,52.42857142857143,50.166666666666664,8,0
p00066,Corporate reliance,Female,45-59,Other,Some college or Associate's degree,"Less than $30,000",Democrat,54.83333333333334,87,24,34,85,53,66,13,67,32,55,65,77,38,39,56,38,45,50,62,26,48.714285714285715,60.833333333333336,7,0
p00067,Corporate reliance,Other,60+,Black / African American,Master's degree / Professional degree,"$30,000 to $55,999",Republican,49.333333333333336,59,53,7,48,68,58,33,78,37,90,0,61,51,7,100,64.75,36.8,83,63.333333333333336,22,54.285714285714285,44.666666666666664,8,0
p00068,Corporate reliance,Other,60+,Asian / Asian American,High school diploma / GED,"$100,000 to $167,999",Republican,53.166666666666664,81,83,47,8,100,100,31,30,67,0,47,44,26,100,57,62.5,51.4,0,56,33,57.42857142857143,68,0,0
p00069,Corporate reliance,Female,18-29,Asian / Asian American,Doctorate degree / Ph.D.,"$168,000 or more",Democrat,45.333333333333336,15,78,55,28,36,42,100,40,6,19,67,58,76,46,34,45.5,44,0,58.333333333333336,36,32.142857142857146,38.833333333333336,3,0
p00070,Corporate reliance,Male,18-29,Hispanic / Latino,High school diploma / GED,"$168,000 or more",Republican,41.08333333333333,19,11,71,0,42,4,40,84,61,100,15,46,61,85,100,42.25,48.6,47,83,51,42.714285714285715,49.666666666666664,8,0
p00071,Corporate reliance,Male,18-29,Black / African American,Bachelor's degree,"$100,000 to $167,999",Other,51.16666666666667,52,51,58,32,92,60,41,60,71,31,53,13,48,42,76,62.25,37.4,24,54.333333333333336,43,49.57142857142857,46.666666666666664,0,0
p00072,Corporate reliance,Male,60+,Hispanic / Latino,Less than high school,"$56,000 to $99,999",Independent,48.583333333333336,51,10,72,62,27,51,100,5,46,100,4,55,57,53,27,45,47.8,30,49,0,67.85714285714286,50,6,0
p00073,Corporate reliance,Female,45-59,White / Caucasian,Doctorate degree / Ph.D.,"$168,000 or more",Other,44.16666666666667,62,15,53,11,50,30,26,41,65,69,13,95,57,71,98,41,46.4,2,44,49,60.285714285714285,46.166666666666664,3,0
p00074,Corporate reliance,Male,30-44,Black / African American,Some college or Associate's degree,"$56,000 to $99,999",Other,51.833333333333336,37,75,69,50,46,42,54,43,49,64,68,25,79,3,46,59.25,54.2,34,45.333333333333336,58,61,37.833333333333336,6,0
p00075,Corporate reliance,Other,30-44,Hispanic / Latino,Master's degree / Professional degree,"$168,000 or more",Democrat,48.5,29,31,58,93,70,61,45,58,43,0,47,47,25,26,2,60,49.2,100,26.666666666666668,53,66.42857142857143,56,4,0
p00076,Corporate reliance,Female,18-29,Other,Less than high school,"Less than $30,000",Democrat,49.16666666666667,91,54,100,30,78,58,34,15,48,49,32,1,52,80,60,38.25,41.4,49,35.666666666666664,28,59.857142857142854,41.666666666666664,7,1
p00077,Corporate reliance,Other,60+,Hispanic / Latino,Doctorate degree / Ph.D.,"$168,000 or more",Independent,52.41666666666667,68,95,31,15,52,59,30,100,100,0,43,36,100,72,42,20.75,44.4,82,59.666666666666664,48,55.285714285714285,42.5,9,0
p00078,Corporate reliance,Female,60+,Hispanic / Latino,Less than high school,"$100,000 to $167,999",Independent,59.99999999999999,86,78,88,53,65,43,33,100,16,82,46,30,20,21,30,26,49.2,0,40.666666666666664,42,70.71428571428571,51,10,0
p00079,Corporate reliance,Other,60+,Asian / Asian American,Bachelor's degree,"$100,000 to $167,999",Democrat,55,28,71,30,28,100,25,77,61,20,45,97,78,26,55,70,45.5,28.4,55,46.333333333333336,50,33.42857142857143,42.166666666666664,3,0
p00080,Corporate reliance,Male,45-59,Black / African American,Less than high school,"$30,000 to $55,999",Republican,52.91666666666667,62,100,19,30,32,49,75,80,56,27,73,32,52,52,48,86.5,64.2,65,49.666666666666664,35,49.714285714285715,64.33333333333333,7,1
p00081,Corporate reliance,Male,18-29,Asian / Asian American,Bachelor's degree,"$168,000 or more",Independent,70.16666666666666,82,100,76,100,26,96,79,33,67,75,44,64,38,63,22,66.5,40.2,77,85.33333333333333,14,54.42857142857143,40.5,2,0
p00082,Corporate reliance,Female,60+,White / Caucasian,Some college or Associate's degree,"$30,000 to $55,999",Other,51.91666666666667,41,47,36,44,48,64,49,67,47,44,65,71,14,60,78,46.75,58.8,38,62.666666666666664,60,57.142857142857146,55.333333333333336,4,0
p00083,Corporate reliance,Male,30-44,Hispanic / Latino,Master's degree / Professional degree,"Less than $30,000",Democrat,40.91666666666667,73,39,50,26,10,73,52,58,16,13,26,55,0,71,73,69.75,63.8,37,69.33333333333333,74,41,59.833333333333336,7,0
p00084,Corporate reliance,Other,18-29,Other,Some college or Associate's degree,"$168,000 or more",Democrat,35.583333333333336,30,13,7,33,50,0,48,81,46,28,29,62,75,11,67,32.5,56.2,89,74.33333333333333,60,43,23.666666666666668,6,1
p00085,Corporate reliance,Female,60+,White / Caucasian,Bachelor's degree,"Less than $30,000",Other,52.916666666666664,49,64,1,71,19,20,100,87,53,52,62,57,55,19,31,54,66.2,59,65,88,34.857142857142854,51.666666666666664,7,0
p00086,Corporate reliance,Male,45-59,Asian / Asian American,Some college or Associate's degree,"$100,000 to $167,999",Other,42.083333333333336,48,52,65,89,33,23,74,40,12,5,21,43,76,0,36,58,64,93,50.666666666666664,71,47.57142857142857,47.166666666666664,8,0
p00087,Corporate reliance,Male,60+,Black / African American,Bachelor's degree,"$56,000 to $99,999",Democrat,53.08333333333333,95,0,85,0,88,56,87,45,35,61,20,65,44,5,32,46.25,58.4,30,36.333333333333336,0,66.14285714285714,61.333333333333336,6,0
p00088,Corporate reliance,Other,60+,Other,High school diploma / GED,"$168,000 or more",Democrat,60,59,51,83,6,43,72,54,79,46,72,70,85,4,41,55,46.5,73.2,100,58.666666666666664,22,41.57142857142857,21.5,10,1
p00089,Corporate reliance,Female,30-44,Black / African American,High school diploma / GED,"$168,000 or more",Republican,57.666666666666664,0,43,57,94,31,95,36,87,80,71,80,18,6,44,34,55,50.6,79,60.333333333333336,10,42.42857142857143,49.166666666666664,9,0
p00090,Corporate reliance,Female,60+,Hispanic / Latino,Master's degree / Professional degree,"$30,000 to $55,999",Republican,43.833333333333336,42,47,36,100,38,0,75,76,57,34,1,20,55,82,51,49.75,67.8,0,42,2,53.42857142857143,41.333333333333336,3,1
p00091,Corporate reliance,Male,30-44,Other,Some college or Associate's degree,"Less than $30,000",Independent,49.5,40,52,55,53,0,81,11,43,87,29,65,78,66,40,85,38,55.4,37,68,35,66.71428571428571,63.166666666666664,8,1
p00092,Corporate reliance,Other,45-59,Hispanic / Latino,Bachelor's degree,"$100,000 to $167,999",Republican,48.916666666666664,53,36,64,79,41,100,24,34,13,29,83,31,45,81,45,47.5,60.4,34,41.666666666666664,37,53.142857142857146,47.166666666666664,0,0
p00093,Corporate reliance,Male,45-59,Other,High school diploma / GED,"$168,000 or more",Other,51.083333333333336,100,35,69,48,7,98,40,43,49,86,16,22,49,30,66,52.75,59.4,6,64.66666666666667,58,44.57142857142857,41.166666666666664,0,0
p00094,Corporate reliance,Other,60+,White / Caucasian,Less than high school,"$168,000 or more",Independent,39.083333333333336,67,76,36,47,24,56,13,49,0,20,61,20,55,47,32,57.75,54.8,76,62.666666666666664,65,34.42857142857143,41.666666666666664,9,0
p00095,Corporate reliance,Other,45-59,Black / African American,Master's degree / Professional degree,"$100,000 to $167,999",Independent,48.083333333333336,41,89,100,57,28,43,48,0,28,58,61,24,58,62,61,68.75,76.8,13,38.666666666666664,14,45.42857142857143,61,0,0
p00096,Corporate reliance,Male,18-29,White / Caucasian,Less than high school,"Less than $30,000",Republican,45.75,20,31,74,0,20,52,78,0,48,26,100,100,43,30,38,34,65.4,81,64,50,48,47,4,1
p00097,Corporate reliance,Male,60+,Asian / Asian American,High school diploma / GED,"$30,000 to $55,999",Other,47.08333333333333,24,60,53,57,0,65,42,21,60,25,92,66,35,9,40,55.5,67.2,0,50.666666666666664,28,59.42857142857143,65.16666666666667,3,0
p00098,Corporate reliance,Other,45-59,Other,Bachelor's degree,"$56,000 to $99,999",Independent,51.75,39,29,53,63,59,22,0,78,49,64,100,65,0,12,95,54,71.2,20,79.66666666666667,46,38.142857142857146,35.5,8,0
p00099,Corporate reliance,Male,60+,Asian / Asian American,Bachelor's degree,"$168,000 or more",Republican,53.33333333333333,29,25,43,14,100,30,46,49,57,58,89,100,33,40,60,35.5,24.2,9,17.666666666666668,100,57.714285714285715,60.333333333333336,6,1
p00100,Corporate reliance,Female,60+,Hispanic / Latino,Master's degree / Professional degree,"$168,000 or more",Other,55.583333333333336,34,44,70,69,35,74,37,29,84,22,100,69,75,63,9,52.25,55.2,24,53,55,52.285714285714285,54.666666666666664,8,0
p00101,Corporate reliance,Male,45-59,Black / African American,High school diploma / GED,"$168,000 or more",Other,49.41666666666667,26,34,54,52,78,100,36,19,19,23,61,91,33,100,48,45.75,25.8,91,69,6,42.285714285714285,56.333333333333336,5,0
p00102,Corporate reliance,Female,60+,Hispanic / Latino,Master's degree / Professional degree,"$56,000 to $99,999",Independent,44.83333333333334,63,45,19,55,14,6,79,35,28,81,34,79,28,100,68,45.25,52.4,27,29.333333333333332,84,39.857142857142854,50.666666666666664,7,1
p00103,Corporate reliance,Other,30-44,Other,High school diploma / GED,"Less than $30,000",Independent,38.08333333333333,66,18,69,64,2,53,56,13,32,50,34,0,38,99,53,28.5,44.4,5,62.666666666666664,100,56.285714285714285,41.5,3,0
p00104,Corporate reliance,Female,30-44,White / Caucasian,Doctorate degree / Ph.D.,"$30,000 to $55,999",Democrat,61.41666666666667,76,39,88,96,41,50,13,19,94,90,82,49,100,76,12,27,76,54,63,69,51.857142857142854,43,2,0
p00105,Corporate reliance,Female,30-44,Black / African American,Doctorate degree / Ph.D.,"$100,000 to $167,999",Independent,59.66666666666667,71,100,0,49,75,39,58,65,53,100,92,14,63,54,14,62.25,58.6,84,25.666666666666668,40,29.285714285714285,63.833333333333336,3,1
p00106,Corporate reliance,Female,45-59,Other,Bachelor's degree,"$168,000 or more",Republican,60.916666666666664,20,69,18,59,83,91,51,59,99,33,85,64,51,28,19,68.5,53.4,57,25.333333333333332,37,58.857142857142854,30.333333333333332,2,0
p00107,Corporate reliance,Female,45-59,Black / African American,Some college or Associate's degree,"$100,000 to $167,999",Democrat,45.416666666666664,91,100,15,54,42,14,31,0,58,32,58,50,40,10,35,47.25,36.8,60,33.333333333333336,50,57.57142857142857,34,2,1
p00108,Corporate reliance,Other,45-59,Other,Bachelor's degree,"$168,000 or more",Democrat,53.41666666666667,75,61,100,4,51,53,57,39,90,16,56,39,100,42,11,47.75,77.8,17,80.66666666666667,30,35.142857142857146,46.666666666666664,9,1
p00109,Corporate reliance,Male,45-59,Black / African American,Less than high school,"$168,000 or more",Republican,53.99999999999999,80,86,19,61,73,57,15,97,50,36,63,11,78,22,75,48.5,77.6,100,52,32,43.57142857142857,40.833333333333336,8,0
p00110,Corporate reliance,Female,60+,White / Caucasian,Bachelor's degree,"$30,000 to $55,999",Independent,36.5,0,0,22,74,51,37,46,42,30,53,18,65,51,96,46,67.75,39.2,69,49.666666666666664,66,35.857142857142854,29.5,5,1
p00111,Corporate reliance,Male,60+,White / Caucasian,Less than high school,"$56,000 to $99,999",Republican,47.91666666666667,43,53,76,36,30,80,57,2,77,97,15,9,38,41,34,42,54.4,59,82,37,40.42857142857143,51.666666666666664,6,1
p00112,Corporate reliance,Male,60+,Black / African American,Master's degree / Professional degree,"$168,000 or more",Democrat,57.91666666666667,65,71,44,54,28,78,16,100,53,38,85,63,24,36,49,48,42.6,0,30.666666666666668,100,47.57142857142857,38.166666666666664,3,0
p00113,Corporate reliance,Male,18-29,Other,Some college or Associate's degree,"$56,000 to $99,999",Other,51.75,46,28,52,50,41,0,95,24,95,55,64,71,63,4,0,61.75,51,64,42,75,38.714285714285715,60.333333333333336,4,1
p00114,Corporate reliance,Female,30-44,Black / African American,Master's degree / Professional degree,"$56,000 to $99,999",Other,53.58333333333333,52,32,59,72,76,45,67,58,60,52,38,32,42,55,22,43.25,47,52,66.33333333333333,41,41,48.166666666666664,0,0
p00115,Corporate reliance,Other,30-44,Black / African American,Doctorate degree / Ph.D.,"$168,000 or more",Independent,55.666666666666664,40,88,7,54,82,60,54,31,24,100,94,34,26,54,50,65.75,65.4,12,24.333333333333332,98,32,43.666666666666664,0,1
p00116,Corporate reliance,Female,60+,Other,High school diploma / GED,"$168,000 or more",Democrat,53.333333333333336,87,95,53,19,47,37,8,99,50,21,67,57,13,13,24,34.75,50.8,36,45.333333333333336,38,50.857142857142854,37.166666666666664,1,0
p00117,Corporate reliance,Other,45-59,Black / African American,Doctorate degree / Ph.D.,"$30,000 to $55,999",Other,44.333333333333336,23,94,39,42,42,28,6,15,53,100,34,56,22,50,51,53.5,34,19,57,55,55.57142857142857,58.166666666666664,10,1
p00118,Corporate reliance,Female,45-59,Asian / Asian American,Master's degree / Professional degree,"$100,000 to $167,999",Independent,60.5,7,100,26,67,34,81,23,100,63,93,77,55,83,8,52,49.5,47.4,54,52,0,40.42857142857143,37.666666666666664,9,0
p00119,Corporate reliance,Female,60+,Other,High school diploma / GED,"$168,000 or more",Other,43.41666666666667,4,76,79,67,97,11,34,55,41,44,13,0,14,24,76,53.75,52.4,41,37,54,48.857142857142854,41.333333333333336,4,1
p00120,Corporate reliance,Female,60+,White / Caucasian,Doctorate degree / Ph.D.,"$56,000 to $99,999",Republican,59.75,58,73,39,51,53,39,78,65,77,53,40,91,47,18,67,56,57,64,51.333333333333336,75,51.857142857142854,51.666666666666664,4,1
p00121,Social justice,Female,18-29,Asian / Asian American,Less than high school,"$100,000 to $167,999",Republican,69.25,15,60,58,90,74,74,100,76,69,56,100,59,60,10,47,62.5,45.4,77,48.666666666666664,60,42.285714285714285,70.5,5,1
p00122,Social justice,Other,18-29,Black / African American,Some college or Associate's degree,"Less than $30,000",Republican,50,69,56,56,46,12,100,13,25,21,44,62,96,78,36,16,73.5,40.8,71,58,100,46.714285714285715,39.666666666666664,0,0
p00123,Social justice,Male,60+,Hispanic / Latino,Less than high school,"$100,000 to $167,999",Other,47.58333333333333,62,51,30,38,71,92,19,31,78,79,0,20,78,18,29,53,61.2,51,39.333333333333336,22,53.57142857142857,39.166666666666664,10,0
p00124,Social justice,Other,60+,White / Caucasian,Some college or Associate's degree,"Less than $30,000",Democrat,55.916666666666664,82,56,35,81,41,58,89,47,69,46,37,30,36,89,20,52.75,59.4,45,70.33333333333333,3,50.285714285714285,45.833333333333336,8,0
p00125,Social justice,Female,30-44,Other,High school diploma / GED,"$100,000 to $167,999",Republican,51.5,33,4,41,51,81,19,63,17,69,99,73,68,65,76,47,55.75,40,42,34.333333333333336,81,45.857142857142854,46.333333333333336,6,0
p00126,Social justice,Other,45-59,Other,Doctorate degree / Ph.D.,"$30,000 to $55,999",Other,65.41666666666667,50,84,55,46,81,100,0,69,93,33,95,79,12,85,80,46.25,52.6,42,52,52,71.14285714285714,48.166666666666664,1,0
p00127,Social justice,Female,60+,Other,Doctorate degree / Ph.D.,"$30,000 to $55,999",Republican,51.66666666666667,29,67,70,30,16,29,42,74,15,48,100,100,62,59,49,70.25,64.8,59,50,11,52.714285714285715,61,10,0
p00128,Social justice,Male,60+,White / Caucasian,Master's degree / Professional degree,"$100,000 to $167,999",Democrat,53.083333333333336,58,69,73,29,40,77,8,57,66,31,78,51,77,57,46,42,34.4,67,42,100,45.714285714285715,67.33333333333333,4,1
p00129,Social justice,Male,30-44,Asian / Asian American,Doctorate degree / Ph.D.,"Less than $30,000",Democrat,47.333333333333336,42,13,87,40,28,47,98,41,0,18,78,76,27,28,11,77,50.4,55,71.33333333333333,65,57.857142857142854,66.83333333333333,5,1
p00130,Social justice,Female,45-59,Hispanic / Latino,High school diploma / GED,"$168,000 or more",Independent,58.25,64,13,41,76,74,100,25,59,12,71,88,76,100,62,58,31.5,39.6,0,47,66,56.142857142857146,71.83333333333333,1,0
p00131,Social justice,Male,30-44,Hispanic / Latino,Some college or Associate's degree,"Less than $30,000",Other,42.083333333333336,57,79,39,29,46,0,50,52,56,10,43,44,36,59,79,40.75,30,46,45.666666666666664,54,45.714285714285715,45.166666666666664,9,0
p00132,Social justice,Female,30-44,Other,Bachelor's degree,"$30,000 to $55,999",Democrat,53.49999999999999,39,12,53,42,69,58,83,67,79,21,43,76,88,50,86,50.5,54.6,100,56.666666666666664,25,43.857142857142854,44,1,0
p00133,Social justice,Female,45-59,Black / African American,Some college or Associate's degree,"$168,000 or more",Democrat,68.16666666666667,65,60,41,24,100,66,73,100,88,56,45,100,100,75,17,45.5,56.4,38,29.333333333333332,64,60.42857142857143,71.5,2,0
p00134,Social justice,Female,45-59,White / Caucasian,Master's degree / Professional degree,"Less than $30,000",Republican,57.08333333333333,32,69,79,75,16,65,63,78,41,68,70,29,58,35,27,41,38.4,53,40.333333333333336,81,40.142857142857146,48.666666666666664,3,0
p00135,Social justice,Other,45-59,Asian / Asian American,High school diploma / GED,"$100,000 to $167,999",Independent,49.333333333333336,36,39,57,35,42,61,11,55,100,24,56,76,84,37,15,41.25,38,7,31,78,61,33.166666666666664,8,1
p00136,Social justice,Male,30-44,Other,High school diploma / GED,"Less than $30,000",Other,52.416666666666664,45,32,45,10,83,51,60,98,81,48,31,45,31,70,58,56.25,70.6,30,61.333333333333336,64,47.42857142857143,55.666666666666664,8,0
p00137,Social justice,Female,60+,Asian / Asian American,Doctorate degree / Ph.D.,"Less than $30,000",Other,69.08333333333334,61,88,87,44,76,81,38,34,78,92,90,60,12,29,66,29.75,29,21,55.666666666666664,51,57.142857142857146,48,7,0
p00138,Social justice,Female,18-29,White / Caucasian,Bachelor's degree,"$100,000 to $167,999",Other,48.58333333333333,9,27,49,0,44,58,44,30,91,68,97,66,12,60,45,57.5,35.2,46,50.333333333333336,53,50.42857142857143,57.5,10,0
p00139,Social justice,Female,30-44,Black / African American,High school diploma / GED,"$30,000 to $55,999",Independent,62.83333333333333,50,72,83,22,85,72,67,68,41,85,71,38,75,25,57,49.25,43.4,24,52.666666666666664,88,47.42857142857143,42.666666666666664,8,0
p00140,Social justice,Female,18-29,Black / African American,Doctorate degree / Ph.D.,"$30,000 to $55,999",Other,56.25,61,35,62,75,80,59,25,100,13,52,55,58,23,52,36,50,49.8,100,66,41,38.142857142857146,39.333333333333336,1,0
p00141,Social justice,Male,45-59,Other,Some college or Associate's degree,"$100,000 to $167,999",Independent,66.25,70,100,41,21,88,64,67,97,90,52,63,42,0,30,81,50.75,43.8,77,25.333333333333332,58,56,51.833333333333336,8,1
p00142,Social justice,Other,60+,Black / African American,High school diploma / GED,"Less than $30,000",Independent,37.416666666666664,35,44,19,37,66,19,23,27,60,62,12,45,0,79,52,56,32.2,32,64.66666666666667,51,46.285714285714285,65.16666666666667,2,0
p00143,Social justice,Other,60+,Hispanic / Latino,High school diploma / GED,"$56,000 to $99,999",Independent,53.33333333333333,76,33,32,89,18,66,60,62,43,78,31,52,20,100,60,27.5,38.6,52,49.333333333333336,41,46.42857142857143,39.333333333333336,7,0
p00144,Social justice,Male,18-29,Other,High school diploma / GED,"$30,000 to $55,999",Democrat,63.25,59,99,30,37,44,67,84,86,17,89,47,100,52,43,62,45.75,51.8,0,49,73,48.857142857142854,48.666666666666664,6,0
p00145,Social justice,Male,18-29,Other,Bachelor's degree,"Less than $30,000",Democrat,48.33333333333333,67,29,65,45,31,82,65,43,13,48,40,52,57,71,45,52,63.8,32,36.666666666666664,76,51.42857142857143,50.833333333333336,5,0
p00146,Social justice,Other,45-59,Hispanic / Latino,Doctorate degree / Ph.D.,"$100,000 to $167,999",Other,51,82,0,56,67,57,0,52,96,56,84,13,49,85,64,28,59.5,46.6,41,40.666666666666664,67,51.42857142857143,56.166666666666664,7,0
p00147,Social justice,Female,60+,Other,Doctorate degree / Ph.D.,"$100,000 to $167,999",Republican,45.75,5,51,32,81,63,50,33,48,14,67,50,55,30,17,68,54.25,52.8,92,40,84,54.714285714285715,55.166666666666664,0,0
p00148,Social justice,Female,45-59,Hispanic / Latino,Bachelor's degree,"$30,000 to $55,999",Independent,49.25,91,100,18,69,45,38,26,66,1,38,51,48,25,54,73,29.75,59,41,33.333333333333336,57,42.42857142857143,31.166666666666668,9,0
p00149,Social justice,Other,18-29,Asian / Asian American,Some college or Associate's degree,"$56,000 to $99,999",Democrat,49.833333333333336,56,0,100,91,75,32,51,0,85,19,60,29,45,40,23,32.5,65.8,55,48.333333333333336,20,61.285714285714285,51,6,0
p00150,Social justice,Other,30-44,Black / African American,Bachelor's degree,"$56,000 to $99,999",Independent,56.666666666666664,66,52,61,76,37,88,45,0,64,68,55,68,7,29,10,47.5,25.8,39,37.666666666666664,87,54.285714285714285,30.833333333333332,3,0
p00151,Social justice,Male,60+,Other,Doctorate degree / Ph.D.,"$30,000 to $55,999",Other,50.416666666666664,18,43,73,11,50,37,28,83,91,49,41,81,87,33,47,64.25,24.8,77,30.333333333333332,52,39.714285714285715,50.833333333333336,4,1
p00152,Social justice,Other,18-29,Black / African American,Doctorate degree / Ph.D.,"$100,000 to $167,999",Democrat,58.25,80,70,70,42,42,75,90,32,66,60,31,41,45,74,49,43,47.4,60,36.333333333333336,20,48.857142857142854,50,0,0
p00153,Social justice,Male,60+,Black / African American,Master's degree / Professional degree,"$100,000 to $167,999",Republican,53.25,71,2,48,40,36,66,100,100,18,85,35,38,59,97,41,51.25,38.8,0,63.333333333333336,86,56.142857142857146,44.833333333333336,9,0
p00154,Social justice,Other,30-44,Hispanic / Latino,Master's degree / Professional degree,"$30,000 to $55,999",Republican,43.75,57,41,37,34,45,67,69,0,52,62,42,19,58,29,41,60.5,58.4,0,60.666666666666664,16,47.42857142857143,48.333333333333336,4,0
p00155,Social justice,Female,45-59,White / Caucasian,Doctorate degree / Ph.D.,"Less than $30,000",Independent,55.91666666666666,42,58,50,33,30,35,53,41,88,85,100,56,15,61,49,52,68.8,61,16.333333333333332,70,33.142857142857146,37.666666666666664,8,0
p00156,Social justice,Female,30-44,Hispanic / Latino,Doctorate degree / Ph.D.,"$100,000 to $167,999",Other,52.333333333333336,64,43,59,0,45,27,100,2,60,68,71,89,32,52,33,46.25,69.6,43,56.333333333333336,34,36.857142857142854,38,5,0
p00157,Social justice,Female,60+,White / Caucasian,High school diploma / GED,"Less than $30,000",Republican,42.416666666666664,35,80,55,74,5,79,13,1,18,17,62,70,75,38,69,33.25,51.8,79,63.666666666666664,12,42.142857142857146,50.166666666666664,2,0
p00158,Social justice,Female,45-59,Hispanic / Latino,Less than high school,"Less than $30,000",Independent,49.91666666666667,81,20,44,63,14,83,39,38,81,25,65,46,77,69,56,48.25,42.8,22,54,58,65.71428571428571,44.333333333333336,7,0
p00159,Social justice,Other,30-44,Black / African American,Master's degree / Professional degree,"$100,000 to $167,999",Independent,49.08333333333333,52,26,92,37,45,97,100,32,0,77,23,8,2,15,18,20.75,55.6,28,53,24,46.857142857142854,66,1,1
p00160,Social justice,Female,60+,Hispanic / Latino,High school diploma / GED,"Less than $30,000",Republican,47.75,9,78,19,34,5,50,86,60,40,67,72,53,66,100,30,21.5,48.4,0,56,38,53.714285714285715,58.5,2,1
p00161,Social justice,Other,30-44,Black / African American,Some college or Associate's degree,"Less than $30,000",Independent,50,38,54,0,65,65,25,27,66,79,83,79,19,44,67,0,60.75,60.2,77,53.333333333333336,50,50.285714285714285,43.333333333333336,5,0
p00162,Social justice,Male,60+,White / Caucasian,Master's degree / Professional degree,"$30,000 to $55,999",Independent,54.333333333333336,48,80,55,14,81,51,59,29,60,64,48,63,38,67,58,31,49.6,94,60.666666666666664,13,57.42857142857143,41,6,0
p00163,Social justice,Other,60+,White / Caucasian,Doctorate degree / Ph.D.,"$100,000 to $167,999",Democrat,58.166666666666664,81,96,18,54,59,20,100,100,0,85,52,33,90,6,0,45,47.6,76,50.666666666666664,15,46.857142857142854,50.5,3,0
p00164,Social justice,Male,60+,Black / African American,Some college or Associate's degree,"$30,000 to $55,999",Independent,45,28,0,50,69,21,100,0,100,26,35,64,47,28,30,52,61.75,41.8,52,45.333333333333336,76,26.857142857142858,65.33333333333333,2,0
p00165,Social justice,Female,18-29,White / Caucasian,Doctorate degree / Ph.D.,"$56,000 to $99,999",Republican,46.25,0,5,36,37,82,57,87,40,48,54,82,27,73,52,21,64,57.2,0,47.666666666666664,18,38,57.333333333333336,3,1
p00166,Social justice,Female,18-29,Hispanic / Latino,Master's degree / Professional degree,"$168,000 or more",Independent,47.583333333333336,62,36,44,38,100,45,23,75,21,68,0,59,67,37,48,39,64.6,74,39.666666666666664,77,48.57142857142857,52.833333333333336,7,0
p00167,Social justice,Female,45-59,White / Caucasian,High school diploma / GED,"$100,000 to $167,999",Other,51.25,79,41,33,40,11,31,75,71,72,40,28,94,87,48,100,48,49.6,9,24,95,54,26.5,2,1
p00168,Social justice,Female,60+,Other,High school diploma / GED,"$168,000 or more",Independent,53.333333333333336,73,78,55,57,79,16,72,92,12,0,16,90,77,32,68,48.5,51.6,4,53.666666666666664,84,70.57142857142857,71.66666666666667,0,0
p00169,Social justice,Male,30-44,Other,High school diploma / GED,"$168,000 or more",Independent,61.99999999999999,71,59,95,43,84,19,70,100,63,34,33,73,0,44,67,32,25.6,50,64,5,48.42857142857143,31.833333333333332,9,0
p00170,Social justice,Female,30-44,Other,Less than high school,"Less than $30,000",Democrat,50,35,58,10,52,81,100,24,64,95,31,0,50,14,63,42,50.25,64,100,62,28,40.285714285714285,35.666666666666664,9,0
p00171,Social justice,Other,60+,Asian / Asian American,Less than high school,"$56,000 to $99,999",Democrat,54.74999999999999,41,36,39,54,31,100,35,57,100,91,24,49,63,71,0,71,56.4,64,40.666666666666664,59,39.142857142857146,32.833333333333336,4,0
p00172,Social justice,Male,30-44,Other,Doctorate degree / Ph.D.,"$30,000 to $55,999",Independent,43,69,20,44,0,49,71,51,3,27,37,100,45,77,43,59,57,57.2,58,16,33,49.857142857142854,54,3,0
p00173,Social justice,Other,60+,Other,Master's degree / Professional degree,"$168,000 or more",Independent,52.83333333333333,67,55,48,30,51,27,58,44,40,69,76,69,100,54,98,49.25,43,49,72.33333333333333,52,57.285714285714285,53,0,0
p00174,Social justice,Male,60+,Other,Less than high school,"Less than $30,000",Democrat,43.583333333333336,37,96,65,27,0,62,61,65,62,41,7,0,35,31,35,30.75,48.8,97,57.666666666666664,62,51.142857142857146,51.666666666666664,6,0
p00175,Social justice,Male,45-59,Other,Doctorate degree / Ph.D.,"$100,000 to $167,999",Democrat,43.41666666666667,71,15,66,54,72,7,63,35,29,10,99,0,56,0,99,41.75,56.6,96,64.66666666666667,62,52,53,3,1
p00176,Social justice,Other,60+,Black / African American,Bachelor's degree,"$30,000 to $55,999",Independent,42.66666666666667,17,28,100,58,77,10,37,46,18,27,61,33,62,65,67,55.75,42.4,76,49.666666666666664,62,34.42857142857143,44.166666666666664,4,0
p00177,Social justice,Male,45-59,Other,Bachelor's degree,"$100,000 to $167,999",Independent,42.99999999999999,38,47,38,0,69,56,28,33,76,57,67,7,6,87,46,43.75,53,63,47.333333333333336,40,64.57142857142857,64,0,0
p00178,Social justice,Male,60+,Hispanic / Latino,High school diploma / GED,"$168,000 or more",Democrat,54.41666666666667,55,52,71,37,50,63,53,77,66,41,33,55,53,74,96,50.75,47.8,80,49,58,53.57142857142857,60.833333333333336,2,0
p00179,Social justice,Other,60+,Other,Master's degree / Professional degree,"$168,000 or more",Independent,52.08333333333333,57,45,46,51,7,57,88,60,21,69,47,77,94,12,32,68.25,56.8,26,66.66666666666667,11,43.57142857142857,52,6,0
p00180,Social justice,Female,60+,Hispanic / Latino,High school diploma / GED,"$30,000 to $55,999",Independent,40.583333333333336,76,43,50,26,70,23,31,78,0,45,38,7,60,74,43,61,67.2,28,65,95,49,51.833333333333336,7,1
p00181,Interview Prof. Maraun,Female,60+,Black / African American,Bachelor's degree,"$100,000 to $167,999",Other,51.91666666666667,57,47,62,60,78,16,79,75,20,62,16,51,34,31,42,25.75,30.6,52,53.333333333333336,84,57.857142857142854,58.833333333333336,2,0
p00182,Interview Prof. Maraun,Male,60+,White / Caucasian,Some college or Associate's degree,"$100,000 to $167,999",Other,49.916666666666664,53,66,47,51,32,88,52,62,38,46,60,4,16,96,65,49.25,57.4,16,63,56,63.42857142857143,46.833333333333336,9,0
p00183,Interview Prof. Maraun,Female,60+,White / Caucasian,High school diploma / GED,"Less than $30,000",Independent,48.58333333333333,34,55,77,42,80,92,14,36,43,12,51,47,37,89,97,39.75,48,81,36.666666666666664,59,53.142857142857146,60.166666666666664,6,0
p00184,Interview Prof. Maraun,Other,45-59,Black / African American,Less than high school,"$100,000 to $167,999",Republican,54.66666666666667,39,69,45,57,80,57,50,40,41,62,82,34,21,57,50,56.75,43.6,85,69.33333333333333,30,31.142857142857142,50.166666666666664,9,0
p00185,Interview Prof. Maraun,Male,45-59,Other,Bachelor's degree,"Less than $30,000",Other,56.166666666666664,71,31,81,68,96,58,86,9,27,93,12,42,81,65,68,70,74,0,61.666666666666664,55,63,51,0,1
p00186,Interview Prof. Maraun,Other,18-29,Black / African American,Less than high school,"$168,000 or more",Independent,51.333333333333336,78,75,44,88,32,0,0,51,71,10,100,67,9,69,57,64.5,52.4,37,59,52,53.857142857142854,62.333333333333336,7,0
p00187,Interview Prof. Maraun,Male,30-44,Black / African American,Less than high school,"Less than $30,000",Other,46.75,0,84,0,100,100,38,27,55,49,37,36,35,42,56,72,52.75,46.4,100,31,71,29,55,6,1
p00188,Interview Prof. Maraun,Female,60+,Hispanic / Latino,Less than high school,"$56,000 to $99,999",Other,47.666666666666664,13,67,22,42,75,77,71,64,34,29,43,35,28,0,22,59,47,49,51,75,51.857142857142854,49.166666666666664,5,0
p00189,Interview Prof. Maraun,Female,30-44,White / Caucasian,High school diploma / GED,"$56,000 to $99,999",Other,51,43,80,47,82,0,30,70,31,40,49,79,61,35,54,62,54,55,93,37,0,54.57142857142857,49.5,0,0
p00190,Interview Prof. Maraun,Other,18-29,Asian / Asian American,High school diploma / GED,"Less than $30,000",Democrat,46.833333333333336,68,51,28,76,19,10,92,59,20,58,63,18,58,45,52,78.25,55.6,63,38,73,46,33,0,0
p00191,Interview Prof. Maraun,Female,60+,Other,Bachelor's degree,"$56,000 to $99,999",Other,52.75,59,80,54,63,67,15,23,39,89,48,73,23,2,58,88,33.5,36.4,55,35,15,50.857142857142854,44.333333333333336,10,0
p00192,Interview Prof. Maraun,Male,60+,Black / African American,High school diploma / GED,"$168,000 or more",Republican,31.5,0,39,10,49,51,0,35,38,33,52,27,44,0,47,95,61,69.4,66,49,35,58.42857142857143,41.166666666666664,1,0
p00193,Interview Prof. Maraun,Other,60+,Hispanic / Latino,Bachelor's degree,"Less than $30,000",Other,46.666666666666664,22,56,71,72,100,66,29,24,22,51,19,28,39,46,52,47,57.4,56,54.333333333333336,17,35,59.166666666666664,9,0
p00194,Interview Prof. Maraun,Female,60+,Other,Less than high school,"$30,000 to $55,999",Independent,58.75,23,68,39,55,38,28,100,61,88,41,64,100,0,30,15,28,75.8,82,68,47,46.42857142857143,47,1,0
p00195,Interview Prof. Maraun,Male,60+,Other,Less than high school,"$30,000 to $55,999",Other,49.66666666666667,50,19,77,34,34,28,48,73,36,59,100,38,71,66,37,54.5,40.8,37,30.666666666666668,81,41.285714285714285,68.33333333333333,7,0
p00196,Interview Prof. Maraun,Male,60+,Black / African American,Master's degree / Professional degree,"$30,000 to $55,999",Republican,54.083333333333336,45,29,14,34,76,48,100,89,77,24,13,100,70,26,58,45,60.4,34,69,0,57.42857142857143,59.333333333333336,1,0
p00197,Interview Prof. Maraun,Other,18-29,Asian / Asian American,High school diploma / GED,"$56,000 to $99,999",Independent,58.08333333333333,59,28,68,68,46,57,34,87,62,38,100,50,43,39,6,77.75,59.8,87,44,65,38,54.666666666666664,1,0
p00198,Interview Prof. Maraun,Male,18-29,Other,Less than high school,"$168,000 or more",Republican,45.083333333333336,41,85,20,44,82,49,71,56,30,63,0,0,30,64,54,43.75,47.6,58,17.333333333333332,17,72,37.5,8,0
p00199,Interview Prof. Maraun,Other,18-29,Asian / Asian American,Bachelor's degree,"Less than $30,000",Independent,56.66666666666667,95,90,79,0,62,50,31,89,46,53,55,30,55,23,97,46.25,79.4,47,53.666666666666664,74,46.142857142857146,49.166666666666664,2,0
p00200,Interview Prof. Maraun,Male,60+,White / Caucasian,Bachelor's degree,"$168,000 or more",Republican,44.25,45,83,25,22,67,54,21,100,35,40,24,15,49,82,0,46.25,50.4,28,61.333333333333336,27,45.42857142857143,54.5,1,0
p00201,Interview Prof. Maraun,Female,18-29,Hispanic / Latino,Bachelor's degree,"Less than $30,000",Other,51.83333333333333,41,21,30,8,88,59,26,79,100,58,39,73,45,39,63,48.75,51.4,81,80.66666666666667,78,49.857142857142854,59.666666666666664,1,0
p00202,Interview Prof. Maraun,Male,18-29,Black / African American,Less than high school,"$168,000 or more",Democrat,52.833333333333336,69,98,11,65,29,24,47,44,71,82,17,77,35,23,81,56,34.6,88,61,41,54.142857142857146,60.166666666666664,4,0
p00203,Interview Prof. Maraun,Female,30-44,Black / African American,Bachelor's degree,"$100,000 to $167,999",Democrat,49.25000000000001,50,39,50,30,68,46,69,12,85,44,57,41,82,64,49,61.75,52.2,61,42.666666666666664,40,49.142857142857146,65.5,10,0
p00204,Interview Prof. Maraun,Other,45-59,White / Caucasian,Bachelor's degree,"$56,000 to $99,999",Other,39.416666666666664,15,55,9,26,92,29,25,38,71,27,34,52,11,17,98,57,64.6,31,56,60,32.285714285714285,50,7,0
p00205,Interview Prof. Maraun,Female,45-59,Other,High school diploma / GED,"$30,000 to $55,999",Republican,55.916666666666664,55,82,49,60,76,89,0,20,51,62,85,42,91,64,22,65,48.2,23,47.333333333333336,28,55.714285714285715,48.166666666666664,0,0
p00206,Interview Prof. Maraun,Female,60+,White / Caucasian,Bachelor's degree,"$100,000 to $167,999",Republican,42.583333333333336,26,23,71,89,36,26,48,100,0,67,25,0,43,92,83,41.5,66.8,93,19.666666666666668,52,52.57142857142857,26.166666666666668,6,0
p00207,Interview Prof. Maraun,Other,18-29,Other,High school diploma / GED,"$168,000 or more",Independent,40.583333333333336,57,38,46,5,0,41,53,25,80,43,51,48,32,70,38,66,58,0,44,8,39.714285714285715,56.5,9,0
p00208,Interview Prof. Maraun,Other,18-29,Hispanic / Latino,Some college or Associate's degree,"$100,000 to $167,999",Republican,48.75,0,74,62,57,91,0,9,45,62,99,39,47,80,62,97,40,69.8,87,24,77,55.857142857142854,45.666666666666664,9,0
p00209,Interview Prof. Maraun,Female,60+,Asian / Asian American,Doctorate degree / Ph.D.,"$168,000 or more",Independent,60.33333333333333,42,72,100,33,3,62,100,60,45,32,100,75,46,95,46,54,47.8,10,61,72,63.857142857142854,38.333333333333336,7,0
p00210,Interview Prof. Maraun,Other,60+,Hispanic / Latino,High school diploma / GED,"$56,000 to $99,999",Democrat,58.666666666666664,32,60,62,38,57,85,51,100,67,45,61,46,88,37,47,58.5,44.6,95,42.666666666666664,20,53.142857142857146,45.833333333333336,7,0
p00211,Interview Prof. Maraun,Female,30-44,Asian / Asian American,Bachelor's degree,"Less than $30,000",Other,38.25,28,18,67,35,54,34,3,0,65,100,18,37,54,100,36,47.75,41,30,40.666666666666664,53,26,59,2,0
p00212,Interview Prof. Maraun,Male,30-44,Asian / Asian American,High school diploma / GED,"$168,000 or more",Independent,56.583333333333336,75,63,49,95,63,49,53,12,53,34,39,94,78,53,70,34,41.2,34,35.333333333333336,87,45.857142857142854,62.5,2,0
p00213,Interview Prof. Maraun,Male,45-59,Other,Less than high school,"$56,000 to $99,999",Democrat,49.99999999999999,43,15,56,100,30,87,51,19,38,79,43,39,82,56,27,49,66.2,65,69,91,40.857142857142854,69.66666666666667,9,1
p00214,Interview Prof. Maraun,Male,18-29,Hispanic / Latino,Doctorate degree / Ph.D.,"$30,000 to $55,999",Democrat,36.916666666666664,0,57,9,25,36,25,63,61,45,54,29,39,0,82,66,68.75,44.6,39,69,62,62,33.666666666666664,8,1
p00215,Interview Prof. Maraun,Female,30-44,Hispanic / Latino,High school diploma / GED,"$56,000 to $99,999",Democrat,60.5,72,32,60,61,79,15,28,100,83,80,73,43,54,66,45,50.5,64,66,51.333333333333336,18,56.142857142857146,42,6,0
p00216,Interview Prof. Maraun,Male,30-44,Hispanic / Latino,High school diploma / GED,"$168,000 or more",Republican,52.666666666666664,40,78,10,54,28,84,100,71,12,87,46,22,20,0,58,52.75,42.4,5,46,21,63.714285714285715,28.5,3,0
p00217,Interview Prof. Maraun,Female,45-59,Asian / Asian American,High school diploma / GED,"$56,000 to $99,999",Independent,47.08333333333333,49,66,66,0,53,54,55,2,59,60,62,39,84,10,19,57.75,38,24,32.666666666666664,27,51.714285714285715,56,9,0
p00218,Interview Prof. Maraun,Other,30-44,Black / African American,Master's degree / Professional degree,"$100,000 to $167,999",Other,47.25,42,14,37,63,74,100,21,35,71,59,48,3,27,0,57,26.25,58.8,41,55.333333333333336,100,47.857142857142854,69.66666666666667,2,0
p00219,Interview Prof. Maraun,Female,30-44,Black / African American,Bachelor's degree,"$168,000 or more",Independent,66.66666666666666,79,85,53,53,80,44,30,48,82,74,73,99,74,19,0,57,60.4,49,58,78,49,35.833333333333336,8,0
p00220,Interview Prof. Maraun,Female,30-44,White / Caucasian,Some college or Associate's degree,"$100,000 to $167,999",Other,53.58333333333333,77,85,100,10,66,83,37,46,32,92,8,7,80,100,51,44.25,32,59,64.33333333333333,50,53.142857142857146,26.666666666666668,3,0
p00221,Interview Prof. Maraun,Male,60+,Black / African American,Less than high school,"$30,000 to $55,999",Republican,54.91666666666667,21,55,35,78,2,96,72,10,66,91,87,46,87,46,15,48.25,46.4,74,54.333333333333336,47,58.142857142857146,60.166666666666664,1,0
p00222,Interview Prof. Maraun,Male,60+,White / Caucasian,Bachelor's degree,"$100,000 to $167,999",Democrat,37,13,12,0,100,67,53,0,56,20,5,50,68,95,69,86,34.5,60.6,96,57.666666666666664,49,64.42857142857143,41.333333333333336,6,1
p00223,Interview Prof. Maraun,Female,60+,Hispanic / Latino,Master's degree / Professional degree,"$56,000 to $99,999",Independent,37.75,26,0,64,23,0,42,57,30,75,44,34,58,27,73,25,53.5,54.6,51,72,52,49.42857142857143,49.166666666666664,3,0
p00224,Interview Prof. Maraun,Other,60+,Black / African American,Doctorate degree / Ph.D.,"$56,000 to $99,999",Independent,56.91666666666667,38,31,30,91,38,31,59,93,49,75,68,80,61,34,88,47.5,50,42,49.666666666666664,41,38,72.16666666666667,9,0
p00225,Interview Prof. Maraun,Male,60+,White / Caucasian,Doctorate degree / Ph.D.,"Less than $30,000",Independent,57.583333333333336,9,99,62,82,100,62,66,54,67,0,40,50,31,0,61,33.25,48.8,75,43.333333333333336,77,33.714285714285715,71.33333333333333,5,0
p00226,Interview Prof. Maraun,Male,60+,White / Caucasian,Doctorate degree / Ph.D.,"Less than $30,000",Republican,48.16666666666667,45,61,0,0,0,67,61,49,56,90,91,58,27,22,62,61.75,44,11,51,0,46,51,6,1
p00227,Interview Prof. Maraun,Male,45-59,White / Caucasian,Doctorate degree / Ph.D.,"Less than $30,000",Republican,47.66666666666667,46,51,66,76,26,66,65,50,77,12,0,37,40,87,20,43.5,58,65,46,100,63.285714285714285,41.833333333333336,1,1
p00228,Interview Prof. Maraun,Male,18-29,Black / African American,Less than high school,"$56,000 to $99,999",Republican,62.16666666666667,7,76,61,11,100,42,83,91,54,58,77,86,68,71,41,48.5,45.6,68,61.666666666666664,20,51.714285714285715,56.666666666666664,9,0
p00229,Interview Prof. Maraun,Male,30-44,Black / African American,Master's degree / Professional degree,"$30,000 to $55,999",Democrat,51.916666666666664,63,49,73,19,73,36,57,53,21,54,53,72,0,72,64,53.75,53.8,48,21,78,58,56.666666666666664,3,0
p00230,Interview Prof. Maraun,Female,30-44,Black / African American,Bachelor's degree,"$30,000 to $55,999",Republican,53.416666666666664,100,85,42,0,61,70,35,35,40,55,67,51,38,57,34,48.75,82.6,65,33.666666666666664,0,47.857142857142854,38.5,8,1
p00231,Interview Prof. Maraun,Other,60+,Other,High school diploma / GED,"$56,000 to $99,999",Republican,51.75,69,77,62,49,59,39,64,99,1,48,14,40,62,17,11,62,56.6,64,26.666666666666668,71,47.57142857142857,50,7,0
p00232,Interview Prof. Maraun,Female,60+,White / Caucasian,Master's degree / Professional degree,"$56,000 to $99,999",Other,47.99999999999999,48,29,48,27,56,69,79,0,59,77,48,36,47,59,24,38.25,59.8,42,47,46,57.142857142857146,54.166666666666664,5,0
p00233,Interview Prof. Maraun,Male,30-44,White / Caucasian,Less than high school,"Less than $30,000",Republican,60.5,94,72,78,31,65,31,86,99,8,34,73,55,69,66,44,38.5,49.4,28,49.333333333333336,36,43.857142857142854,46.166666666666664,6,0
p00234,Interview Prof. Maraun,Male,60+,Hispanic / Latino,High school diploma / GED,"Less than $30,000",Independent,47.91666666666667,48,44,35,33,89,43,36,66,22,32,61,66,30,19,7,40.5,54.4,32,56.333333333333336,64,52.857142857142854,57,2,0
p00235,Interview Prof. Maraun,Other,60+,Other,Doctorate degree / Ph.D.,"$168,000 or more",Democrat,46.33333333333333,28,17,13,100,54,39,28,44,45,76,61,51,48,71,5,52.5,40.6,53,39.666666666666664,32,49.857142857142854,56.166666666666664,5,0
p00236,Interview Prof. Maraun,Female,45-59,Black / African American,High school diploma / GED,"$168,000 or more",Democrat,40.16666666666667,71,51,26,14,40,57,11,16,48,60,34,54,63,28,77,56.75,62.4,36,66.66666666666667,80,40.285714285714285,46,2,0
p00237,Interview Prof. Maraun,Other,45-59,Other,Doctorate degree / Ph.D.,"$30,000 to $55,999",Independent,49.75,34,81,75,67,40,18,54,100,0,23,32,73,57,50,54,36.5,59,38,70,22,54.42857142857143,58.166666666666664,8,1
p00238,Interview Prof. Maraun,Female,60+,Black / African American,Less than high school,"$100,000 to $167,999",Independent,60.583333333333336,33,65,74,66,49,98,60,56,66,18,49,93,19,0,98,60,37.6,31,63,100,50.142857142857146,52,10,0
p00239,Interview Prof. Maraun,Male,60+,Other,Less than high school,"$100,000 to $167,999",Democrat,58,29,54,93,33,92,10,81,64,37,26,100,77,68,58,71,59.25,23,50,38.666666666666664,40,43.142857142857146,42,7,1
p00240,Interview Prof. Maraun,Female,60+,Other,Less than high school,"$168,000 or more",Republican,51,93,47,100,65,19,49,82,31,22,15,50,39,82,81,0,48.5,55.2,31,48,90,46.714285714285715,62.833333333333336,3,0
p00241,Funding,Other,45-59,White / Caucasian,Doctorate degree / Ph.D.,"$56,000 to $99,999",Other,49.916666666666664,70,36,55,60,59,43,55,44,85,20,54,18,62,45,46,48.75,44.6,81,53,64,52.285714285714285,47.333333333333336,0,0
p00242,Funding,Female,60+,Asian / Asian American,High school diploma / GED,"Less than $30,000",Republican,63.74999999999999,54,50,90,54,94,57,57,71,71,59,41,67,0,26,66,36.5,10.2,44,49,64,59,44.333333333333336,8,0
p00243,Funding,Male,45-59,Hispanic / Latino,Doctorate degree / Ph.D.,"$56,000 to $99,999",Democrat,43.583333333333336,44,62,39,39,17,68,27,100,19,9,48,51,49,75,57,54.25,52.2,14,39.333333333333336,52,70.14285714285714,51.5,2,1
p00244,Funding,Male,60+,White / Caucasian,Master's degree / Professional degree,"$168,000 or more",Democrat,48.916666666666664,79,52,100,70,17,0,25,94,64,0,12,74,0,60,15,71.75,23.4,11,43.666666666666664,85,50.857142857142854,60.166666666666664,2,0
p00245,Funding,Male,30-44,Black / African American,Some college or Associate's degree,"Less than $30,000",Other,63.416666666666664,84,44,37,100,100,67,15,77,100,65,18,54,21,84,48,64,56.2,80,45,40,45.714285714285715,61.666666666666664,1,0
p00246,Funding,Male,45-59,White / Caucasian,Some college or Associate's degree,"$56,000 to $99,999",Democrat,44.833333333333336,54,93,19,47,93,47,16,17,26,81,0,45,70,84,61,52.25,38,46,45.333333333333336,92,39,50.833333333333336,5,0
p00247,Funding,Female,60+,Asian / Asian American,Less than high school,"$56,000 to $99,999",Democrat,58.91666666666667,87,60,7,24,32,7,76,100,72,56,86,100,0,47,71,43,42.6,42,51.333333333333336,66,41.285714285714285,48,5,0
p00248,Funding,Male,30-44,Asian / Asian American,Bachelor's degree,"$168,000 or more",Democrat,47.583333333333336,0,85,44,50,38,0,98,26,49,34,47,100,100,70,29,37.25,58.8,54,73.66666666666667,74,52.857142857142854,60.666666666666664,9,0
p00249,Funding,Female,45-59,Black / African American,Bachelor's degree,"$56,000 to $99,999",Democrat,35.75,21,0,65,17,57,28,40,100,55,4,34,8,17,55,56,54.75,54,25,67,53,36,44.666666666666664,3,0
p00250,Funding,Female,45-59,Asian / Asian American,Doctorate degree / Ph.D.,"$168,000 or more",Republican,46.5,70,73,9,69,12,47,67,37,14,0,71,89,46,76,45,24,66.2,90,45,87,46.57142857142857,53.333333333333336,10,0
p00251,Funding,Other,30-44,Hispanic / Latino,Some college or Associate's degree,"$168,000 or more",Other,66.58333333333333,59,79,100,87,74,51,36,81,29,67,73,63,45,62,47,23.5,60,73,40.666666666666664,48,44.42857142857143,57.833333333333336,9,0
p00252,Funding,Other,30-44,Black / African American,Less than high school,"$30,000 to $55,999",Other,34.75,14,61,10,33,45,55,16,46,32,47,17,41,72,86,90,32,71.2,41,44.666666666666664,0,65.14285714285714,57.333333333333336,9,0
p00253,Funding,Other,60+,White / Caucasian,Less than high school,"$56,000 to $99,999",Republican,53.083333333333336,58,54,43,40,76,37,56,54,59,22,38,100,0,57,71,34.25,40.6,27,59,41,50.285714285714285,38.5,10,1
p00254,Funding,Female,60+,Asian / Asian American,High school diploma / GED,"Less than $30,000",Republican,54,68,49,100,57,6,92,0,38,53,36,61,88,61,18,38,52.5,34,100,53.333333333333336,33,48,47.666666666666664,0,0
p00255,Funding,Male,18-29,Other,Bachelor's degree,"$56,000 to $99,999",Independent,51.583333333333336,100,83,92,15,52,63,32,4,34,18,60,66,100,19,77,58.5,69,83,62.333333333333336,21,50.714285714285715,59.166666666666664,6,0
p00256,Funding,Female,18-29,White / Caucasian,Doctorate degree / Ph.D.,"$168,000 or more",Democrat,31.083333333333336,29,40,29,69,16,0,0,57,20,50,37,26,47,78,22,46.5,40.6,45,55,18,63.714285714285715,45.333333333333336,2,0
p00257,Funding,Male,60+,Asian / Asian American,Doctorate degree / Ph.D.,"$168,000 or more",Democrat,57.74999999999999,27,87,69,100,54,22,30,78,44,46,71,65,43,39,84,59.75,67.4,50,49.666666666666664,100,61.857142857142854,33.833333333333336,10,1
p00258,Funding,Female,45-59,Black / African American,Less than high school,"Less than $30,000",Democrat,53.83333333333333,18,57,60,85,28,28,82,43,68,49,79,49,14,94,57,34,34.2,11,52,38,41.42857142857143,49.5,8,1
p00259,Funding,Female,45-59,Hispanic / Latino,Doctorate degree / Ph.D.,"$56,000 to $99,999",Other,57.33333333333333,49,55,79,80,43,59,73,4,55,60,70,61,74,100,14,56.5,53.2,95,42.666666666666664,50,60.857142857142854,54.833333333333336,10,1
p00260,Funding,Female,45-59,Other,Some college or Associate's degree,"$56,000 to $99,999",Independent,49.91666666666667,57,20,100,100,32,92,7,26,56,28,60,21,74,69,58,54.5,54.6,22,15,57,63.857142857142854,59,7,0
p00261,Funding,Female,60+,Asian / Asian American,High school diploma / GED,"$168,000 or more",Republican,51.5,45,40,47,74,33,11,73,44,63,92,43,53,42,78,68,50,54.4,60,46.666666666666664,83,51.714285714285715,40.833333333333336,7,0
p00262,Funding,Female,60+,Black / African American,High school diploma / GED,"$168,000 or more",Democrat,42.58333333333333,28,37,49,21,73,40,27,48,57,87,41,3,24,81,37,36,55.4,100,77,12,60.285714285714285,47.666666666666664,2,0
p00263,Funding,Other,30-44,Asian / Asian American,High school diploma / GED,"$168,000 or more",Independent,57.33333333333334,20,20,46,52,69,75,47,62,100,97,100,0,76,48,16,58,33,45,47,73,44.285714285714285,52.666666666666664,9,0
p00264,Funding,Male,60+,Asian / Asian American,High school diploma / GED,"$56,000 to $99,999",Independent,48.833333333333336,17,38,28,31,77,100,48,75,42,28,29,73,62,32,16,48,50,21,49.333333333333336,97,41.142857142857146,50.666666666666664,2,0
p00265,Funding,Other,60+,Other,Doctorate degree / Ph.D.,"$100,000 to $167,999",Democrat,51,74,55,79,26,37,0,20,20,73,73,60,95,0,43,39,58,71,83,21.333333333333332,13,35.57142857142857,68,1,0
p00266,Funding,Male,60+,Other,High school diploma / GED,"$56,000 to $99,999",Democrat,58.91666666666667,8,84,54,78,49,72,62,74,2,63,87,74,64,62,0,36.5,51.6,80,34,0,60.857142857142854,67.83333333333333,7,0
p00267,Funding,Male,60+,Black / African American,Bachelor's degree,"$100,000 to $167,999",Independent,55.91666666666667,68,87,69,50,20,46,88,83,37,63,34,26,0,0,50,42.25,39.2,32,40.333333333333336,19,37.857142857142854,44.666666666666664,9,0
p00268,Funding,Female,18-29,Hispanic / Latino,Doctorate degree / Ph.D.,"$56,000 to $99,999",Independent,42.166666666666664,67,100,9,0,41,17,24,16,94,33,60,45,34,41,33,68.5,45.6,74,55.333333333333336,0,58.142857142857146,49.833333333333336,0,0
p00269,Funding,Male,45-59,Black / African American,Master's degree / Professional degree,"$30,000 to $55,999",Democrat,55.583333333333336,64,65,71,35,59,47,37,100,49,21,41,78,56,57,95,49.5,41,36,34.333333333333336,56,51.285714285714285,46.5,6,0
p00270,Funding,Male,30-44,Other,Some college or Associate's degree,"$30,000 to $55,999",Republican,55.333333333333336,31,62,85,48,100,27,54,43,62,54,55,43,52,54,62,44.5,43.4,33,35,100,37.714285714285715,47.333333333333336,7,0
p00271,Funding,Other,30-44,Other,Some college or Associate's degree,"Less than $30,000",Other,53,43,38,71,67,2,24,58,58,46,59,84,86,63,29,42,49,49.6,37,30.333333333333332,46,51.285714285714285,53.833333333333336,3,1
p00272,Funding,Other,45-59,Other,Doctorate degree / Ph.D.,"$56,000 to $99,999",Independent,51,96,28,88,0,40,60,42,33,96,32,84,13,59,3,49,71,42.6,92,59,64,42.142857142857146,45.833333333333336,8,0
p00273,Funding,Other,60+,White / Caucasian,Master's degree / Professional degree,"$30,000 to $55,999",Independent,44.916666666666664,60,5,49,36,56,87,52,41,42,62,12,37,39,44,21,56.75,44.8,0,47.333333333333336,44,53.142857142857146,50.333333333333336,2,1
p00274,Funding,Other,45-59,Black / African American,Master's degree / Professional degree,"$168,000 or more",Democrat,71.5,43,100,23,16,94,100,97,72,75,97,86,55,49,52,30,77.25,62.4,48,34.333333333333336,39,65.57142857142857,58.333333333333336,9,0
p00275,Funding,Female,18-29,Other,Doctorate degree / Ph.D.,"$56,000 to $99,999",Republican,53.083333333333336,77,84,56,25,55,42,56,29,89,62,36,26,23,35,60,53.25,65.4,38,53.333333333333336,17,52.714285714285715,59.166666666666664,3,0
p00276,Funding,Male,45-59,Other,High school diploma / GED,"$100,000 to $167,999",Republican,63.333333333333336,52,42,86,59,48,100,31,83,58,85,28,88,22,86,37,77.25,46.2,53,74.33333333333333,53,30.142857142857142,61.666666666666664,7,1
p00277,Funding,Female,18-29,White / Caucasian,High school diploma / GED,"$168,000 or more",Other,56.916666666666664,88,19,29,44,93,69,50,100,29,80,37,45,99,43,70,37.25,40.6,58,72.66666666666667,33,54.42857142857143,60,5,1
p00278,Funding,Female,18-29,Asian / Asian American,Bachelor's degree,"$56,000 to $99,999",Republican,53.33333333333334,62,47,29,100,68,80,3,75,31,63,31,51,48,100,100,70,53,60,61,48,64.42857142857143,34.333333333333336,2,0
p00279,Funding,Male,30-44,Hispanic / Latino,High school diploma / GED,"$100,000 to $167,999",Other,50.58333333333333,84,47,19,51,56,51,60,30,33,66,34,76,63,27,95,57.25,47.8,45,69.33333333333333,50,53.285714285714285,57.833333333333336,0,0
p00280,Funding,Male,60+,White / Caucasian,High school diploma / GED,"$56,000 to $99,999",Democrat,65.16666666666666,61,100,43,74,33,27,50,41,77,100,76,100,39,43,43,45,64.6,70,43.333333333333336,9,44.42857142857143,37.833333333333336,9,1
p00281,Funding,Female,60+,Hispanic / Latino,Bachelor's degree,"$56,000 to $99,999",Democrat,51.583333333333336,58,43,48,27,42,84,61,5,100,44,39,68,55,17,64,42.75,42.2,100,57.333333333333336,76,54.57142857142857,41.833333333333336,4,0
p00282,Funding,Male,45-59,Asian / Asian American,High school diploma / GED,"Less than $30,000",Republican,60.333333333333336,84,58,56,78,58,27,49,44,45,100,58,67,99,40,61,50.25,30.6,23,21,100,41,56.166666666666664,8,0
p00283,Funding,Other,30-44,Other,High school diploma / GED,"$30,000 to $55,999",Other,61.16666666666667,34,45,31,80,64,82,63,69,86,50,81,49,15,30,22,50.5,34.8,50,33,75,53,46.666666666666664,7,0
p00284,Funding,Male,18-29,Other,Bachelor's degree,"$100,000 to $167,999",Democrat,50.333333333333336,64,44,57,74,53,14,73,22,65,0,83,55,64,77,38,55,65.8,92,42.333333333333336,39,59,40,0,0
p00285,Funding,Other,60+,White / Caucasian,Less than high school,"$56,000 to $99,999",Democrat,45.583333333333336,45,12,51,60,48,13,6,44,96,96,0,76,18,52,45,58,47.4,100,44.666666666666664,20,39.42857142857143,47,9,1
p00286,Funding,Other,60+,White / Caucasian,Some college or Associate's degree,"$56,000 to $99,999",Republican,60.5,75,81,79,66,60,34,25,5,99,92,10,100,80,74,59,48.25,58.8,79,63,45,45.285714285714285,50.666666666666664,1,0
p00287,Funding,Male,60+,Asian / Asian American,Less than high school,"$100,000 to $167,999",Republican,51.50000000000001,66,80,83,28,50,50,70,45,82,7,32,25,68,48,93,58.5,47.6,23,57.333333333333336,81,52.285714285714285,45.666666666666664,6,0
p00288,Funding,Female,60+,Hispanic / Latino,High school diploma / GED,"$168,000 or more",Democrat,54.58333333333333,90,51,27,47,75,71,81,33,40,4,49,87,94,51,89,54.5,54.2,44,22,24,52,52.833333333333336,2,0
p00289,Funding,Male,60+,Black / African American,High school diploma / GED,"$100,000 to $167,999",Democrat,54.166666666666664,60,10,14,99,77,68,42,58,68,18,87,49,97,55,0,42.75,60.4,100,53.333333333333336,74,44.142857142857146,47.333333333333336,9,0
p00290,Funding,Male,18-29,Other,Master's degree / Professional degree,"Less than $30,000",Democrat,57.333333333333336,33,72,39,97,67,96,32,65,23,63,57,44,0,6,42,52.5,52,24,59.666666666666664,11,47.285714285714285,24.166666666666668,4,0
p00291,Funding,Female,60+,Asian / Asian American,Less than high school,"$30,000 to $55,999",Democrat,51.833333333333336,85,61,74,0,54,74,35,2,66,56,84,31,29,90,31,31.75,45,26,83.33333333333333,37,65,37.5,6,0
p00292,Funding,Other,60+,Other,Doctorate degree / Ph.D.,"$30,000 to $55,999",Democrat,55.08333333333333,99,100,45,100,39,44,34,29,36,71,19,45,35,55,78,71.25,41,87,31,24,53.714285714285715,41.833333333333336,7,0
p00293,Funding,Other,60+,White / Caucasian,Master's degree / Professional degree,"$56,000 to $99,999",Republican,58.916666666666664,100,78,37,16,82,57,15,73,79,21,80,69,78,43,79,27.25,44,37,28.666666666666668,71,36.142857142857146,38.833333333333336,3,0
p00294,Funding,Male,60+,Black / African American,Some college or Associate's degree,"$168,000 or more",Other,40,0,14,16,65,100,72,28,2,14,52,60,57,56,43,92,61.25,36,63,66,10,72.85714285714286,36.5,8,0
p00295,Funding,Male,60+,White / Caucasian,Bachelor's degree,"$168,000 or more",Independent,52.16666666666667,56,67,15,29,51,80,74,49,84,47,61,13,65,83,100,53.75,28,50,59,79,40.285714285714285,45.333333333333336,10,0
p00296,Funding,Female,30-44,White / Caucasian,High school diploma / GED,"$56,000 to $99,999",Independent,58,34,82,26,74,55,36,100,69,97,38,65,20,41,59,70,34.75,53.2,62,63.333333333333336,0,61.57142857142857,58.166666666666664,10,0
p00297,Funding,Other,30-44,White / Caucasian,Some college or Associate's degree,"$30,000 to $55,999",Independent,40.25,100,30,28,54,19,46,20,51,0,17,79,39,52,43,2,74.5,38.6,37,36,6,43,56,0,0
p00298,Funding,Male,60+,Hispanic / Latino,High school diploma / GED,"$30,000 to $55,999",Democrat,49.5,69,27,71,56,4,58,71,43,62,23,31,79,61,37,100,36.75,50.8,71,44.333333333333336,37,51.57142857142857,59.833333333333336,1,0
p00299,Funding,Other,18-29,Other,Bachelor's degree,"$56,000 to $99,999",Republican,31.083333333333332,56,36,29,15,0,26,71,40,48,4,0,48,65,47,41,33.5,62.6,53,49.666666666666664,66,57.285714285714285,59.833333333333336,5,1
p00300,Funding,Female,30-44,Other,Less than high school,"$30,000 to $55,999",Independent,48.00000000000001,55,0,54,44,77,26,53,25,97,42,40,63,22,79,51,74.75,43.8,25,55.333333333333336,76,49.857142857142854,63.5,8,0
p00301,Oil industry misinformation,Other,60+,Asian / Asian American,Less than high school,"$168,000 or more",Republican,41.416666666666664,79,8,89,41,6,57,37,40,30,35,34,41,23,18,33,38.75,63.2,55,44.666666666666664,44,52.714285714285715,61.833333333333336,2,0
p00302,Oil industry misinformation,Male,45-59,Other,Less than high school,"$168,000 or more",Independent,41.833333333333336,24,48,68,16,63,0,47,41,54,11,62,68,55,49,19,37,38.8,4,28.666666666666668,48,54.57142857142857,49.666666666666664,3,0
p00303,Oil industry misinformation,Other,30-44,Hispanic / Latino,Some college or Associate's degree,"$168,000 or more",Democrat,48.5,60,80,49,19,21,69,77,28,21,64,47,47,8,82,55,55.25,50.4,32,52.666666666666664,49,57.285714285714285,44.166666666666664,6,0
p00304,Oil industry misinformation,Female,60+,Hispanic / Latino,Doctorate degree / Ph.D.,"$100,000 to $167,999",Other,58.08333333333333,65,69,51,66,0,68,41,48,100,61,28,100,39,45,78,47.25,36.6,0,37.666666666666664,43,59.42857142857143,41.333333333333336,3,0
p00305,Oil industry misinformation,Other,45-59,Hispanic / Latino,Bachelor's degree,"$100,000 to $167,999",Republican,45.75000000000001,71,43,80,28,63,56,36,13,23,23,81,32,75,47,34,66,42.4,26,60.666666666666664,67,37.285714285714285,40.333333333333336,7,0
p00306,Oil industry misinformation,Other,60+,Hispanic / Latino,High school diploma / GED,"$30,000 to $55,999",Democrat,50,19,50,83,0,77,44,100,0,70,68,89,0,37,58,43,56.5,43.4,100,35.666666666666664,48,39.42857142857143,40.5,7,0
p00307,Oil industry misinformation,Other,60+,Hispanic / Latino,Doctorate degree / Ph.D.,"Less than $30,000",Other,60.75,29,100,28,76,82,93,59,40,71,60,76,15,81,42,45,30,60.8,55,42.333333333333336,70,54.285714285714285,45.833333333333336,7,0
p00308,Oil industry misinformation,Other,45-59,Asian / Asian American,Bachelor's degree,"$30,000 to $55,999",Democrat,47.25,76,93,77,0,33,16,75,53,0,22,86,36,40,70,93,52.5,50.2,78,48,49,56.714285714285715,52.166666666666664,3,0
p00309,Oil industry misinformation,Other,30-44,Black / African American,Bachelor's degree,"$56,000 to $99,999",Democrat,60.33333333333333,68,66,58,55,86,58,78,40,25,68,45,77,14,58,19,37.25,45.2,20,47.666666666666664,22,47.142857142857146,51.666666666666664,5,0
p00310,Oil industry misinformation,Other,60+,Other,Doctorate degree / Ph.D.,"Less than $30,000",Democrat,49.41666666666667,72,0,24,18,89,38,88,14,54,72,83,41,0,90,39,57.75,24,80,66.66666666666667,99,51.285714285714285,54.166666666666664,1,0
p00311,Oil industry misinformation,Female,30-44,Hispanic / Latino,High school diploma / GED,"Less than $30,000",Independent,51.666666666666664,53,46,13,71,59,72,49,47,67,75,41,27,41,63,38,48.25,34.8,58,78.33333333333333,66,38.857142857142854,42.5,4,0
p00312,Oil industry misinformation,Other,30-44,Asian / Asian American,Some college or Associate's degree,"Less than $30,000",Independent,41.083333333333336,60,55,17,0,51,100,0,100,40,19,31,20,55,65,29,31.5,52.6,0,25.666666666666668,64,51.714285714285715,42.666666666666664,4,0
p00313,Oil industry misinformation,Female,60+,Other,Bachelor's degree,"$30,000 to $55,999",Democrat,54.583333333333336,30,76,71,74,45,56,48,9,56,50,40,100,85,77,49,58.5,44.4,30,56.333333333333336,62,53.57142857142857,49.833333333333336,8,1
p00314,Oil industry misinformation,Female,45-59,Black / African American,Less than high school,"Less than $30,000",Other,52.75,87,100,64,41,31,62,58,63,26,67,13,21,23,18,84,48,55.4,27,53.666666666666664,100,30.142857142857142,38.666666666666664,0,1
p00315,Oil industry misinformation,Male,60+,Other,Master's degree / Professional degree,"$30,000 to $55,999",Republican,53.66666666666667,8,41,56,56,41,35,88,14,81,65,100,59,54,76,38,65.75,38.4,43,44.666666666666664,46,57.714285714285715,74.66666666666667,8,0
p00316,Oil industry misinformation,Male,60+,Hispanic / Latino,High school diploma / GED,"$100,000 to $167,999",Democrat,49.833333333333336,58,52,31,88,64,0,53,47,63,25,60,57,34,100,43,79.5,50,2,63.666666666666664,35,52,56.833333333333336,2,1
p00317,Oil industry misinformation,Other,60+,White / Caucasian,Doctorate degree / Ph.D.,"$56,000 to $99,999",Republican,54.583333333333336,51,35,57,56,89,66,13,1,59,55,82,91,51,100,50,65.5,57.6,54,61.666666666666664,45,51.142857142857146,38.166666666666664,2,0
p00318,Oil industry misinformation,Other,30-44,Hispanic / Latino,Less than high school,"$100,000 to $167,999",Independent,57.49999999999999,27,91,37,65,87,74,57,63,73,14,37,65,54,91,38,44.25,34.4,100,43.333333333333336,24,39.857142857142854,45.166666666666664,4,0
p00319,Oil industry misinformation,Male,60+,Black / African American,Less than high school,"$56,000 to $99,999",Democrat,41.41666666666667,85,31,54,9,0,79,13,58,50,37,42,39,98,31,33,29.75,57.8,33,65,56,59.714285714285715,48.5,1,1
p00320,Oil industry misinformation,Male,60+,Black / African American,Bachelor's degree,"$56,000 to $99,999",Independent,54.25,0,61,74,93,49,96,55,53,14,70,1,85,83,51,0,49.5,40.4,4,42.666666666666664,39,47.57142857142857,35.833333333333336,0,0
p00321,Oil industry misinformation,Other,60+,Other,High school diploma / GED,"$100,000 to $167,999",Other,51.166666666666664,41,8,52,100,50,45,56,41,52,22,54,93,54,44,30,42.75,49.8,100,52.333333333333336,52,64.28571428571429,40,5,0
p00322,Oil industry misinformation,Male,60+,Black / African American,Master's degree / Professional degree,"$168,000 or more",Other,34.083333333333336,25,0,45,61,29,100,23,0,28,52,0,46,22,71,12,47.5,30.8,77,37,49,49.714285714285715,40.166666666666664,7,0
p00323,Oil industry misinformation,Male,45-59,Hispanic / Latino,High school diploma / GED,"$100,000 to $167,999",Other,47.25,51,42,84,59,64,51,68,17,35,48,48,0,26,79,64,45,41.8,37,46,39,49.857142857142854,38.166666666666664,8,0
p00324,Oil industry misinformation,Female,18-29,Asian / Asian American,Less than high school,"$168,000 or more",Other,51.583333333333336,59,66,43,76,55,44,79,8,30,39,64,56,81,88,66,52,49.8,45,36,72,35.57142857142857,45,4,0
p00325,Oil industry misinformation,Female,60+,Asian / Asian American,Less than high school,"$30,000 to $55,999",Republican,46,35,27,70,0,47,37,39,52,62,56,59,68,79,31,33,54.25,42.8,0,68.66666666666667,42,49.857142857142854,58.166666666666664,7,0
p00326,Oil industry misinformation,Female,60+,White / Caucasian,Doctorate degree / Ph.D.,"$56,000 to $99,999",Democrat,50.833333333333336,64,12,41,62,1,80,98,75,74,27,76,0,64,9,62,58.75,54,53,39.666666666666664,8,51.285714285714285,51,5,0
p00327,Oil industry misinformation,Other,18-29,Black / African American,Doctorate degree / Ph.D.,"$56,000 to $99,999",Other,50.333333333333336,73,87,34,49,65,5,100,67,43,21,32,28,46,89,51,63.5,49.4,0,53,86,32.57142857142857,31.166666666666668,0,0
p00328,Oil industry misinformation,Male,60+,Hispanic / Latino,Master's degree / Professional degree,"$30,000 to $55,999",Independent,42.916666666666664,20,49,40,43,0,20,70,87,46,91,27,22,40,34,56,37.25,41.2,71,15,53,45.714285714285715,63,6,0
p00329,Oil industry misinformation,Male,45-59,White / Caucasian,Some college or Associate's degree,"$30,000 to $55,999",Independent,41.33333333333333,7,41,17,13,87,81,58,87,22,42,41,0,60,57,30,53.5,51.8,27,28.666666666666668,19,45.714285714285715,49.333333333333336,6,0
p00330,Oil industry misinformation,Male,45-59,Asian / Asian American,High school diploma / GED,"$30,000 to $55,999",Democrat,54.33333333333334,15,59,37,62,83,76,36,33,27,63,61,100,0,39,30,43.5,50.8,94,63.333333333333336,100,72,61,8,0
p00331,Oil industry misinformation,Male,60+,Black / African American,Bachelor's degree,"$30,000 to $55,999",Democrat,37.083333333333336,44,50,23,31,0,44,19,50,67,60,44,13,37,36,100,45.25,58.8,39,81.66666666666667,23,60.285714285714285,40.333333333333336,2,0
p00332,Oil industry misinformation,Other,30-44,White / Caucasian,Doctorate degree / Ph.D.,"$100,000 to $167,999",Democrat,41.166666666666664,0,83,20,100,55,51,71,0,30,38,26,20,30,100,60,69.75,50.4,62,65.66666666666667,0,31.428571428571427,47.333333333333336,4,0
p00333,Oil industry misinformation,Other,60+,Asian / Asian American,Bachelor's degree,"$168,000 or more",Republican,64.08333333333333,0,100,28,44,56,53,49,100,83,62,94,100,50,62,100,57.5,54.8,61,38.666666666666664,0,52.285714285714285,51.5,1,0
p00334,Oil industry misinformation,Other,45-59,Hispanic / Latino,Master's degree / Professional degree,"$30,000 to $55,999",Independent,37.24999999999999,26,29,46,37,30,38,70,65,8,36,59,3,53,35,67,54.5,24.8,100,63.333333333333336,56,51.285714285714285,37.5,10,0
p00335,Oil industry misinformation,Male,60+,Hispanic / Latino,Some college or Associate's degree,"$56,000 to $99,999",Democrat,43.99999999999999,41,10,65,31,43,19,42,100,7,80,53,37,71,54,38,51.75,39.6,67,42.333333333333336,63,52,30.833333333333332,10,0
p00336,Oil industry misinformation,Female,60+,Asian / Asian American,Master's degree / Professional degree,"$168,000 or more",Republican,56.33333333333333,20,46,66,36,100,13,68,42,99,81,30,75,36,29,16,35,61.4,44,50,95,47.857142857142854,48.666666666666664,2,0
p00337,Oil industry misinformation,Female,60+,Hispanic / Latino,High school diploma / GED,"$30,000 to $55,999",Independent,46.583333333333336,41,34,25,18,38,66,51,76,42,80,55,33,47,81,100,30.25,55.4,52,74,73,25.285714285714285,35,3,0
p00338,Oil industry misinformation,Male,45-59,Black / African American,Less than high school,"Less than $30,000",Other,40.33333333333333,45,52,11,59,17,56,83,0,51,35,48,27,37,86,67,48.5,37.6,61,64.33333333333333,0,50.857142857142854,45.666666666666664,7,0
p00339,Oil industry misinformation,Male,60+,White / Caucasian,Bachelor's degree,"$168,000 or more",Other,56.58333333333333,72,90,67,38,51,25,49,87,32,46,44,78,36,62,21,32,38.4,57,46,18,58.285714285714285,63.666666666666664,0,0
p00340,Oil industry misinformation,Female,18-29,Hispanic / Latino,Bachelor's degree,"$56,000 to $99,999",Other,43.5,42,47,24,52,26,37,24,51,29,66,66,58,57,12,83,70,45.2,56,73,23,40.142857142857146,41.5,6,0
p00341,Oil industry misinformation,Male,30-44,Hispanic / Latino,High school diploma / GED,"$56,000 to $99,999",Independent,43.50000000000001,53,57,40,28,10,33,25,88,70,1,17,100,48,33,63,32,41.2,25,49.333333333333336,12,52.857142857142854,59.166666666666664,1,0
p00342,Oil industry misinformation,Other,18-29,Asian / Asian American,Less than high school,"$100,000 to $167,999",Democrat,51.416666666666664,45,32,69,100,67,21,28,52,68,23,70,42,100,57,33,28.25,53,60,75.33333333333333,24,60.285714285714285,66,1,0
p00343,Oil industry misinformation,Other,18-29,White / Caucasian,Bachelor's degree,"$100,000 to $167,999",Other,55.416666666666664,27,49,65,50,100,0,67,100,26,75,17,89,74,11,25,49.5,48.6,29,29.666666666666668,47,61,44.166666666666664,6,0
p00344,Oil industry misinformation,Female,30-44,Asian / Asian American,Less than high school,"$56,000 to $99,999",Democrat,42.916666666666664,50,51,100,8,26,34,2,57,47,22,53,65,74,100,0,23.25,42.6,58,32.333333333333336,49,44.42857142857143,57.166666666666664,5,0
p00345,Oil industry misinformation,Other,60+,Other,Less than high school,"$56,000 to $99,999",Independent,42.16666666666667,13,68,27,33,46,44,21,79,18,26,61,70,23,30,69,42,66.2,56,19,89,53.714285714285715,51.666666666666664,7,0
p00346,Oil industry misinformation,Female,45-59,Black / African American,Bachelor's degree,"$30,000 to $55,999",Republican,40,51,50,36,0,31,13,37,39,69,28,77,49,25,30,36,38.25,43.8,66,58.666666666666664,4,38.857142857142854,57.333333333333336,7,0
p00347,Oil industry misinformation,Other,30-44,Other,Less than high school,"Less than $30,000",Republican,42.416666666666664,74,23,36,53,17,43,52,95,35,15,51,15,67,91,71,44.25,46.6,37,30.333333333333332,47,50.285714285714285,32.333333333333336,1,0
p00348,Oil industry misinformation,Other,60+,Hispanic / Latino,Bachelor's degree,"Less than $30,000",Democrat,43.333333333333336,51,82,79,30,0,83,19,11,48,56,25,36,77,53,49,61.25,72,57,55.666666666666664,35,59,47.833333333333336,3,0
p00349,Oil industry misinformation,Other,30-44,White / Caucasian,Doctorate degree / Ph.D.,"Less than $30,000",Democrat,61.583333333333336,100,100,60,35,46,48,67,82,52,73,52,24,71,22,55,34.25,43,26,61.333333333333336,8,42.857142857142854,56.666666666666664,6,0
p00350,Oil industry misinformation,Male,45-59,Other,Doctorate degree / Ph.D.,"Less than $30,000",Democrat,53.083333333333336,80,77,36,35,100,48,38,44,4,32,78,65,57,86,11,73,54,47,61,99,46.57142857142857,42.166666666666664,7,0
p00351,Oil industry misinformation,Other,60+,Other,Some college or Associate's degree,"$168,000 or more",Other,43.33333333333333,48,46,28,17,100,0,53,40,54,60,0,74,14,60,52,40.5,57.6,74,65,65,41.714285714285715,50.5,1,0
p00352,Oil industry misinformation,Other,18-29,Hispanic / Latino,Bachelor's degree,"$30,000 to $55,999",Democrat,36.083333333333336,100,100,85,19,20,38,17,0,14,2,3,35,15,66,91,55.5,28.2,21,76.66666666666667,62,52,43.666666666666664,2,1
p00353,Oil industry misinformation,Female,45-59,Asian / Asian American,Bachelor's degree,"$168,000 or more",Democrat,48.41666666666667,51,68,52,45,68,19,40,18,63,21,42,94,48,86,42,42.25,43.4,11,32.666666666666664,18,72,32.166666666666664,2,1
p00354,Oil industry misinformation,Female,45-59,Asian / Asian American,Some college or Associate's degree,"$30,000 to $55,999",Independent,45.74999999999999,55,100,56,4,28,41,27,89,36,47,9,57,53,55,44,31,44.4,100,48,26,47.285714285714285,66.83333333333333,10,0
p00355,Oil industry misinformation,Female,45-59,Other,High school diploma / GED,"$30,000 to $55,999",Independent,42.083333333333336,15,30,13,18,86,56,52,87,14,25,74,35,42,90,61,33,50.8,0,65.66666666666667,78,58.142857142857146,43.166666666666664,10,0
p00356,Oil industry misinformation,Male,60+,White / Caucasian,High school diploma / GED,"$100,000 to $167,999",Other,50,88,28,40,64,63,42,85,4,45,74,24,43,100,0,84,42.25,63,77,55.666666666666664,79,70.85714285714286,45.833333333333336,10,1
p00357,Oil industry misinformation,Male,60+,Other,Bachelor's degree,"$168,000 or more",Independent,35.58333333333333,48,31,67,32,28,0,0,36,37,45,39,64,57,59,83,46.25,60,17,59.666666666666664,0,50.42857142857143,51.5,9,0
p00358,Oil industry misinformation,Male,18-29,Other,Bachelor's degree,"$30,000 to $55,999",Independent,50.74999999999999,35,55,0,4,65,42,98,70,100,66,49,25,34,52,26,33.25,44.4,19,35.333333333333336,66,42.857142857142854,48.5,1,0
p00359,Oil industry misinformation,Other,30-44,Asian / Asian American,Some college or Associate's degree,"$30,000 to $55,999",Other,46.583333333333336,24,62,47,62,28,11,44,51,49,72,37,72,20,77,88,61.75,12.2,79,21.666666666666668,71,54.714285714285715,52.333333333333336,5,1
p00360,Oil industry misinformation,Male,45-59,Asian / Asian American,Bachelor's degree,"$100,000 to $167,999",Republican,56.25,87,0,72,99,41,31,35,64,60,73,50,63,72,45,44,50.5,39.8,84,51,100,50.42857142857143,67,2,1
p00361,Measurement & modeling (1),Female,30-44,Other,Doctorate degree / Ph.D.,"$100,000 to $167,999",Other,31.833333333333332,10,51,49,37,0,23,0,55,31,35,58,33,74,59,11,49.75,48.4,67,53.666666666666664,39,39.42857142857143,58.5,7,0
p00362,Measurement & modeling (1),Male,18-29,Asian / Asian American,Less than high school,"$168,000 or more",Independent,51,44,21,55,17,79,24,61,38,67,42,72,92,53,74,31,42.75,54.2,59,65.66666666666667,27,39.42857142857143,62,9,0
p00363,Measurement & modeling (1),Male,30-44,White / Caucasian,High school diploma / GED,"$168,000 or more",Other,52.916666666666664,51,37,53,62,17,100,20,55,100,35,43,62,33,29,36,49.25,53.4,46,37,86,45.857142857142854,38.5,8,0
p00364,Measurement & modeling (1),Male,30-44,Black / African American,Some college or Associate's degree,"Less than $30,000",Other,48.75,75,48,17,74,7,32,46,71,61,85,48,21,53,30,29,45.75,49.2,50,67,8,52.857142857142854,52.333333333333336,10,1
p00365,Measurement & modeling (1),Male,30-44,Other,Master's degree / Professional degree,"$56,000 to $99,999",Republican,41.083333333333336,0,71,34,52,9,46,61,47,73,0,35,65,56,30,100,25,51.8,72,54.666666666666664,88,43.714285714285715,42.333333333333336,1,1
p00366,Measurement & modeling (1),Male,60+,White / Caucasian,High school diploma / GED,"Less than $30,000",Republican,48.25,42,53,23,96,30,11,67,100,0,54,68,35,15,37,28,79.25,51.2,46,57,39,59,37.333333333333336,7,1
p00367,Measurement & modeling (1),Male,60+,Black / African American,Less than high school,"$56,000 to $99,999",Other,42.58333333333333,71,56,1,2,46,5,71,0,49,46,84,80,65,100,50,31.75,47.2,40,53,95,49.142857142857146,49.5,5,0
p00368,Measurement & modeling (1),Male,60+,Other,Master's degree / Professional degree,"$30,000 to $55,999",Republican,36.416666666666664,54,3,91,51,34,16,62,33,63,0,15,15,47,86,85,56.75,64.2,37,38,50,59.142857142857146,49,9,1
p00369,Measurement & modeling (1),Female,60+,Other,Doctorate degree / Ph.D.,"$56,000 to $99,999",Independent,57.33333333333333,71,100,25,62,62,50,30,15,80,58,100,35,0,32,92,51.75,46,35,20.333333333333332,39,57.142857142857146,43,2,0
p00370,Measurement & modeling (1),Other,60+,Asian / Asian American,Master's degree / Professional degree,"$168,000 or more",Republican,34.416666666666664,8,0,72,30,26,35,61,48,7,35,24,67,71,71,66,45.5,74.8,49,46.333333333333336,57,64.28571428571429,47.166666666666664,0,0
p00371,Measurement & modeling (1),Other,30-44,Other,High school diploma / GED,"$168,000 or more",Independent,45.416666666666664,77,28,39,16,62,95,14,13,37,75,19,70,97,91,72,26.5,56,83,56,23,58.285714285714285,63.666666666666664,10,1
p00372,Measurement & modeling (1),Other,60+,Hispanic / Latino,Doctorate degree / Ph.D.,"$168,000 or more",Democrat,45.41666666666667,94,37,42,53,5,0,49,35,28,64,68,70,88,36,6,50.5,45,54,36.666666666666664,40,62.42857142857143,53.666666666666664,10,1
p00373,Measurement & modeling (1),Female,60+,White / Caucasian,Doctorate degree / Ph.D.,"$168,000 or more",Other,49.5,48,83,15,73,35,62,38,37,14,89,92,8,43,15,35,46,61.4,76,67.33333333333333,75,53.142857142857146,39.833333333333336,0,0
p00374,Measurement & modeling (1),Female,45-59,Other,Doctorate degree / Ph.D.,"$100,000 to $167,999",Republican,45.833333333333336,49,45,0,4,32,47,57,78,87,5,92,54,34,73,29,50.25,47,69,50,60,75.71428571428571,54,4,1
p00375,Measurement & modeling (1),Female,60+,Asian / Asian American,Bachelor's degree,"$100,000 to $167,999",Democrat,56.25,73,43,17,76,45,53,55,55,84,85,21,68,27,71,27,39.75,50.6,38,51.666666666666664,98,63,35.833333333333336,10,0
p00376,Measurement & modeling (1),Female,60+,White / Caucasian,Less than high school,"$30,000 to $55,999",Independent,46.83333333333333,53,54,0,60,62,76,17,30,32,25,100,53,29,22,24,21.75,59.6,39,41.666666666666664,25,52.714285714285715,37.5,9,0
p00377,Measurement & modeling (1),Female,60+,White / Caucasian,Less than high school,"$30,000 to $55,999",Independent,42.49999999999999,63,46,16,32,43,80,35,69,13,0,59,54,44,85,33,71,59.8,49,45.666666666666664,18,44.57142857142857,40.5,10,1
p00378,Measurement & modeling (1),Male,30-44,Asian / Asian American,Less than high school,"$56,000 to $99,999",Independent,46.5,100,27,42,91,0,38,31,13,63,46,75,32,49,75,74,44.75,36.6,71,53,57,44.57142857142857,44.166666666666664,10,0
p00379,Measurement & modeling (1),Female,18-29,Asian / Asian American,Bachelor's degree,"Less than $30,000",Democrat,51.333333333333336,50,11,77,35,67,61,0,39,69,86,63,58,100,38,59,79.5,66.6,43,33.666666666666664,66,50.714285714285715,52,4,0
p00380,Measurement & modeling (1),Other,60+,Asian / Asian American,Some college or Associate's degree,"$30,000 to $55,999",Republican,50.666666666666664,45,30,78,36,82,16,80,31,59,78,9,64,0,43,84,45.25,44,72,56.333333333333336,70,56.142857142857146,46,6,0
p00381,Measurement & modeling (1),Male,60+,Hispanic / Latino,Less than high school,"Less than $30,000",Republican,47.91666666666667,95,55,65,15,10,70,49,62,37,40,15,62,44,21,52,57.5,41.6,51,46.666666666666664,62,63.42857142857143,48,10,0
p00382,Measurement & modeling (1),Female,60+,White / Caucasian,High school diploma / GED,"Less than $30,000",Democrat,59.75,30,71,47,60,29,97,60,83,63,16,77,84,87,92,48,65.5,47,42,46.333333333333336,0,40.285714285714285,38.833333333333336,1,0
p00383,Measurement & modeling (1),Female,60+,Other,Doctorate degree / Ph.D.,"$30,000 to $55,999",Other,50.25000000000001,37,76,34,28,26,76,76,38,55,10,92,55,50,69,0,57.25,60,85,54.333333333333336,96,44.142857142857146,33.666666666666664,9,1
p00384,Measurement & modeling (1),Male,18-29,Other,High school diploma / GED,"Less than $30,000",Democrat,41.75,27,28,28,32,69,43,36,72,42,54,17,53,51,19,48,28,38.8,31,44,70,59.714285714285715,50.166666666666664,9,0
p00385,Measurement & modeling (1),Female,30-44,Black / African American,Less than high school,"$100,000 to $167,999",Independent,51.833333333333336,31,92,29,71,25,10,73,43,68,70,77,33,65,35,9,53,72.8,45,44,100,63.714285714285715,43.5,0,0
p00386,Measurement & modeling (1),Male,45-59,Hispanic / Latino,Master's degree / Professional degree,"Less than $30,000",Republican,55.666666666666664,100,64,0,79,54,41,43,41,89,43,43,71,64,18,51,28.75,50.4,59,66.33333333333333,60,53.714285714285715,34.5,4,0
p00387,Measurement & modeling (1),Other,18-29,Asian / Asian American,Some college or Associate's degree,"$168,000 or more",Democrat,54.00000000000001,56,70,36,84,4,27,44,70,100,44,56,57,100,73,95,28.25,25.6,67,53,27,40.142857142857146,39.666666666666664,6,0
p00388,Measurement & modeling (1),Other,60+,Asian / Asian American,Some college or Associate's degree,"$30,000 to $55,999",Democrat,57.583333333333336,75,99,37,63,20,37,60,34,97,46,81,42,34,70,36,59.75,38.4,73,58.333333333333336,43,51.42857142857143,33.5,0,0
p00389,Measurement & modeling (1),Female,60+,Asian / Asian American,Bachelor's degree,"$56,000 to $99,999",Independent,51.416666666666664,29,52,50,17,63,98,83,62,32,29,44,58,66,54,46,40.5,48.4,18,46.333333333333336,72,31.857142857142858,46,0,0
p00390,Measurement & modeling (1),Female,60+,Hispanic / Latino,High school diploma / GED,"$100,000 to $167,999",Independent,37.16666666666667,32,70,46,16,40,43,12,10,53,44,62,18,31,64,17,39.5,32,42,45.666666666666664,70,50,75.33333333333333,5,0
p00391,Measurement & modeling (1),Other,60+,Hispanic / Latino,High school diploma / GED,"Less than $30,000",Republican,35.583333333333336,2,50,74,11,48,52,1,68,12,20,63,26,35,100,41,67.5,36.6,37,44.333333333333336,39,62.142857142857146,39.5,2,0
p00392,Measurement & modeling (1),Other,18-29,Asian / Asian American,Master's degree / Professional degree,"$168,000 or more",Other,57.66666666666667,100,65,54,28,18,90,59,94,36,18,91,39,16,73,44,37,68.8,26,67,64,58.857142857142854,60.166666666666664,9,0
p00393,Measurement & modeling (1),Other,45-59,Asian / Asian American,Less than high school,"Less than $30,000",Independent,46.75,18,62,16,53,40,46,67,48,49,77,48,37,75,20,35,69.75,50.8,52,81.66666666666667,39,44.142857142857146,49.333333333333336,9,0
p00394,Measurement & modeling (1),Female,60+,White / Caucasian,Master's degree / Professional degree,"$168,000 or more",Independent,48,74,79,52,37,25,76,34,76,38,15,0,70,43,76,16,57.75,50.8,39,56,31,52.142857142857146,34.5,8,0
p00395,Measurement & modeling (1),Male,30-44,Asian / Asian American,Bachelor's degree,"$30,000 to $55,999",Democrat,45.333333333333336,73,88,54,97,0,10,31,9,41,54,62,25,98,94,91,48.5,60.2,94,34.333333333333336,34,55,35.333333333333336,8,0
p00396,Measurement & modeling (1),Other,45-59,Hispanic / Latino,Master's degree / Professional degree,"$30,000 to $55,999",Democrat,63.58333333333333,34,51,100,54,57,47,75,71,78,61,38,97,24,72,35,22.5,40,98,34.666666666666664,68,51.857142857142854,50,7,0
p00397,Measurement & modeling (1),Female,30-44,Black / African American,Doctorate degree / Ph.D.,"$56,000 to $99,999",Democrat,42.5,61,36,46,19,3,43,47,90,0,51,67,47,28,24,84,25.5,19.2,25,22.333333333333332,21,67.28571428571429,57,2,0
p00398,Measurement & modeling (1),Female,18-29,White / Caucasian,High school diploma / GED,"$168,000 or more",Independent,31.583333333333336,24,29,38,0,10,46,54,57,22,38,35,26,44,36,41,40,36,43,44.666666666666664,36,46,61.166666666666664,7,0
p00399,Measurement & modeling (1),Male,60+,Other,High school diploma / GED,"$168,000 or more",Other,44.41666666666667,35,91,65,18,21,34,7,36,37,42,100,47,52,51,75,65.25,37.2,35,53.666666666666664,77,52.57142857142857,51.166666666666664,8,1
p00400,Measurement & modeling (1),Other,18-29,Other,Some college or Associate's degree,"$56,000 to $99,999",Democrat,61.74999999999999,55,42,73,21,90,75,45,82,100,52,56,50,2,37,53,42,56.8,68,44,31,54,33.666666666666664,7,1
p00401,Measurement & modeling (1),Other,45-59,Black / African American,Less than high school,"$56,000 to $99,999",Democrat,41.916666666666664,27,54,52,42,59,48,100,0,19,43,0,59,44,35,58,50.25,52.2,32,28.666666666666668,84,50.857142857142854,60,2,0
p00402,Measurement & modeling (1),Male,60+,Asian / Asian American,Some college or Associate's degree,"$30,000 to $55,999",Independent,54.49999999999999,75,78,87,74,33,12,98,15,60,39,38,45,0,23,19,45.5,50.8,63,66,63,32.714285714285715,59.166666666666664,7,0
p00403,Measurement & modeling (1),Female,30-44,Black / African American,Some college or Associate's degree,"$100,000 to $167,999",Republican,46.58333333333333,40,79,63,29,48,58,0,18,65,29,79,51,91,58,27,48.5,64,42,60,70,62.42857142857143,40,4,1
p00404,Measurement & modeling (1),Female,18-29,Black / African American,Doctorate degree / Ph.D.,"$168,000 or more",Independent,52.916666666666664,65,93,71,32,64,10,88,42,27,35,8,100,56,71,55,46.25,61.4,43,64.33333333333333,23,48.285714285714285,47.5,6,1
p00405,Measurement & modeling (1),Female,45-59,White / Caucasian,Bachelor's degree,"$56,000 to $99,999",Independent,57.25,56,66,78,51,76,87,72,28,67,0,74,32,22,37,49,36.75,57.6,59,76.33333333333333,6,54.42857142857143,41,6,1
p00406,Measurement & modeling (1),Other,60+,White / Caucasian,Bachelor's degree,"$56,000 to $99,999",Democrat,50.583333333333336,33,69,52,42,63,50,62,83,32,21,62,38,63,35,86,40.5,40.4,44,54,12,56.142857142857146,45.333333333333336,7,0
p00407,Measurement & modeling (1),Female,30-44,Hispanic / Latino,Less than high school,"$56,000 to $99,999",Democrat,56.58333333333333,57,99,42,64,74,17,58,80,36,44,36,72,66,30,87,52.25,54.2,44,68,96,45.857142857142854,42,9,0
p00408,Measurement & modeling (1),Female,60+,Other,Less than high school,"$56,000 to $99,999",Democrat,40.5,37,37,38,78,35,92,0,7,26,59,49,28,10,65,5,46.5,64.6,75,40.666666666666664,19,28.571428571428573,50.666666666666664,4,0
p00409,Measurement & modeling (1),Male,30-44,Asian / Asian American,Bachelor's degree,"$30,000 to $55,999",Other,38.833333333333336,75,20,44,38,59,57,24,3,11,44,31,60,15,68,50,46.75,21.2,49,25.333333333333332,5,49.285714285714285,42.833333333333336,10,0
p00410,Measurement & modeling (1),Other,30-44,Other,Less than high school,"$100,000 to $167,999",Republican,49.41666666666667,34,29,65,71,33,13,57,33,25,100,78,55,60,79,8,32.5,26.6,6,23.666666666666668,54,38.57142857142857,61.166666666666664,7,0
p00411,Measurement & modeling (1),Female,45-59,Asian / Asian American,Master's degree / Professional degree,"$30,000 to $55,999",Independent,51.25,64,51,45,57,69,37,77,53,60,7,35,60,1,23,49,71.75,56.4,39,68.33333333333333,38,33.57142857142857,49.666666666666664,5,0
p00412,Measurement & modeling (1),Female,30-44,Other,Master's degree / Professional degree,"$56,000 to $99,999",Republican,58.416666666666664,68,3,63,91,89,10,95,81,44,60,66,31,15,22,51,80.5,44.4,0,48.333333333333336,58,44,50.666666666666664,6,1
p00413,Measurement & modeling (1),Female,60+,Black / African American,Doctorate degree / Ph.D.,"$168,000 or more",Democrat,54.333333333333336,62,68,45,82,27,41,57,59,44,87,24,56,0,29,0,34,46.6,42,61.666666666666664,26,63.42857142857143,55.5,9,1
p00414,Measurement & modeling (1),Female,60+,Asian / Asian American,High school diploma / GED,"Less than $30,000",Independent,48,89,71,54,54,56,43,62,75,15,20,21,16,72,4,53,25.5,50.2,45,46.666666666666664,66,49,46.666666666666664,5,0
p00415,Measurement & modeling (1),Other,60+,Black / African American,Less than high school,"$168,000 or more",Democrat,58.83333333333333,85,72,36,73,100,8,28,78,34,57,100,35,57,43,27,57.5,45.2,32,33.333333333333336,18,53.57142857142857,43.666666666666664,3,0
p00416,Measurement & modeling (1),Other,18-29,Hispanic / Latino,High school diploma / GED,"Less than $30,000",Independent,45.333333333333336,9,84,82,31,0,61,21,27,8,51,100,70,54,61,17,48.25,31.6,0,31,94,28.285714285714285,43.166666666666664,6,0
p00417,Measurement & modeling (1),Other,45-59,Hispanic / Latino,Bachelor's degree,"$56,000 to $99,999",Democrat,56.16666666666667,61,100,89,77,11,46,15,68,77,34,73,23,52,41,61,74,65.8,53,23.666666666666668,70,46.42857142857143,58.333333333333336,3,0
p00418,Measurement & modeling (1),Female,18-29,Asian / Asian American,Master's degree / Professional degree,"$30,000 to $55,999",Republican,39.083333333333336,32,22,66,40,34,46,20,38,17,70,21,63,9,40,100,54.5,47.2,44,70,41,64.71428571428571,46.166666666666664,9,1
p00419,Measurement & modeling (1),Female,60+,Hispanic / Latino,Bachelor's degree,"Less than $30,000",Democrat,54.75,100,0,24,94,95,4,98,30,50,24,66,72,66,76,34,63,56,64,45,62,72.42857142857143,66.5,3,0
p00420,Measurement & modeling (1),Female,60+,Hispanic / Latino,Less than high school,"$30,000 to $55,999",Republican,47.33333333333333,0,0,38,16,16,52,92,33,92,71,58,100,87,41,63,66.75,55.4,53,43.666666666666664,76,59.285714285714285,53.833333333333336,6,0
p00421,Former skeptics,Male,60+,Hispanic / Latino,High school diploma / GED,"$168,000 or more",Independent,39.75,62,20,38,54,22,65,86,9,38,30,34,19,21,47,38,40.5,57.2,24,66.33333333333333,0,45.285714285714285,47.166666666666664,4,1
p00422,Former skeptics,Other,60+,White / Caucasian,Some college or Associate's degree,"$100,000 to $167,999",Democrat,48.166666666666664,5,89,79,51,68,100,24,24,59,2,47,30,71,70,100,48.25,40.4,42,47.333333333333336,24,39.714285714285715,60.5,1,0
p00423,Former skeptics,Female,45-59,Other,Bachelor's degree,"$56,000 to $99,999",Republican,63.08333333333333,53,85,82,61,51,52,60,70,46,28,91,78,100,100,31,64.25,40,0,13.666666666666666,89,63.857142857142854,51.333333333333336,5,0
p00424,Former skeptics,Female,60+,Asian / Asian American,High school diploma / GED,"Less than $30,000",Republican,51.75,21,32,100,0,70,67,58,5,53,84,67,64,21,60,59,53.5,66,54,45.666666666666664,69,35.142857142857146,40.333333333333336,2,0
p00425,Former skeptics,Male,60+,Black / African American,Bachelor's degree,"$56,000 to $99,999",Other,49.5,47,100,25,16,0,100,74,89,27,47,29,40,49,100,96,34,26,38,38,44,53.57142857142857,61.166666666666664,5,0
p00426,Former skeptics,Female,60+,Asian / Asian American,Doctorate degree / Ph.D.,"$100,000 to $167,999",Other,51.333333333333336,93,71,23,93,30,14,33,60,58,51,77,13,29,48,100,55.75,71.4,74,37.666666666666664,97,45.714285714285715,57.333333333333336,9,0
p00427,Former skeptics,Female,18-29,White / Caucasian,Doctorate degree / Ph.D.,"Less than $30,000",Other,48.333333333333336,43,22,69,100,68,68,41,2,41,17,46,63,30,36,39,35.5,49.2,43,29.333333333333332,82,46.285714285714285,39.666666666666664,1,0
p00428,Former skeptics,Female,60+,White / Caucasian,Bachelor's degree,"$100,000 to $167,999",Other,36.58333333333333,41,59,50,88,12,52,14,32,10,21,2,58,0,40,25,59.25,42.2,41,39.333333333333336,33,46.57142857142857,63.833333333333336,2,0
p00429,Former skeptics,Male,60+,White / Caucasian,Master's degree / Professional degree,"$100,000 to $167,999",Republican,47,11,60,40,39,4,5,56,79,84,47,70,69,36,39,42,52,62.4,5,72.66666666666667,76,36.285714285714285,49.5,2,1
p00430,Former skeptics,Other,18-29,Black / African American,Some college or Associate's degree,"$30,000 to $55,999",Republican,69.08333333333333,100,97,46,50,62,76,92,73,36,46,96,55,36,64,45,31.25,44.4,68,55.666666666666664,40,53.42857142857143,31.5,6,1
p00431,Former skeptics,Other,45-59,Other,Doctorate degree / Ph.D.,"$30,000 to $55,999",Republican,52.666666666666664,42,60,48,97,36,16,26,50,23,63,75,96,49,13,0,49.25,52.4,80,34.333333333333336,24,50.42857142857143,75.16666666666667,8,0
p00432,Former skeptics,Male,18-29,Other,Master's degree / Professional degree,"$100,000 to $167,999",Republican,50.333333333333336,45,53,77,49,28,52,61,63,57,56,15,48,40,44,28,51.25,72.4,78,37,49,48.142857142857146,36,7,1
p00433,Former skeptics,Male,30-44,Asian / Asian American,High school diploma / GED,"$100,000 to $167,999",Democrat,52.25,43,47,69,19,100,73,79,57,21,49,52,18,45,54,79,54.75,58.2,78,56.333333333333336,52,36.714285714285715,42.833333333333336,3,0
p00434,Former skeptics,Other,30-44,Asian / Asian American,High school diploma / GED,"$56,000 to $99,999",Other,44.083333333333336,89,57,7,64,55,26,19,22,55,22,89,24,66,21,83,26.25,57.6,38,55.333333333333336,32,50.857142857142854,66,7,0
p00435,Former skeptics,Female,60+,Black / African American,Bachelor's degree,"Less than $30,000",Democrat,45.333333333333336,36,54,31,55,48,40,74,0,64,7,45,90,12,26,67,26,52.4,62,48,50,53.857142857142854,56.166666666666664,3,0
p00436,Former skeptics,Male,18-29,Black / African American,High school diploma / GED,"$100,000 to $167,999",Other,44.166666666666664,42,35,45,54,79,74,6,43,45,28,20,59,74,57,11,48.5,58.6,53,58.333333333333336,71,50.142857142857146,40.666666666666664,8,0
p00437,Former skeptics,Male,45-59,Black / African American,Less than high school,"$168,000 or more",Democrat,60.333333333333336,39,66,82,49,53,63,100,54,79,24,71,44,71,49,88,33,47.8,25,60.333333333333336,45,46.714285714285715,59,1,1
p00438,Former skeptics,Other,18-29,Hispanic / Latino,Master's degree / Professional degree,"$100,000 to $167,999",Other,40.91666666666667,47,68,9,77,48,73,47,0,43,40,30,9,97,73,58,51.25,38.4,44,92,42,50.42857142857143,45.166666666666664,7,0
p00439,Former skeptics,Male,30-44,Asian / Asian American,Master's degree / Professional degree,"$56,000 to $99,999",Republican,48.5,15,16,52,17,55,44,58,83,100,64,46,32,73,58,26,63.25,45.6,52,37,36,35.42857142857143,44.833333333333336,9,0
p00440,Former skeptics,Female,60+,White / Caucasian,Bachelor's degree,"$56,000 to $99,999",Republican,41.75,100,32,90,43,3,30,39,33,3,0,41,87,66,37,21,56.5,49.6,49,59.333333333333336,67,41.857142857142854,37.5,0,0
p00441,Former skeptics,Female,30-44,Asian / Asian American,Some college or Associate's degree,"Less than $30,000",Democrat,54.75000000000001,46,43,71,62,64,33,59,28,73,67,46,65,64,30,38,53.5,56,33,66,88,53.714285714285715,61.333333333333336,8,0
p00442,Former skeptics,Male,60+,White / Caucasian,Less than high school,"$168,000 or more",Other,55.666666666666664,75,27,100,88,0,3,100,72,76,33,49,45,72,35,53,60.75,42.2,38,58.666666666666664,35,42.714285714285715,77.33333333333333,1,0
p00443,Former skeptics,Male,60+,Hispanic / Latino,Some college or Associate's degree,"$56,000 to $99,999",Independent,40.25,63,57,65,35,0,14,55,52,73,23,37,9,67,79,80,46.5,43.4,42,43,84,50.57142857142857,47.166666666666664,2,0
p00444,Former skeptics,Male,45-59,Hispanic / Latino,Some college or Associate's degree,"Less than $30,000",Other,45.08333333333333,47,15,48,78,38,45,46,10,19,76,80,39,61,43,40,37.25,48,93,45,23,58.714285714285715,43.5,8,0
p00445,Former skeptics,Female,60+,Asian / Asian American,Doctorate degree / Ph.D.,"Less than $30,000",Other,49.91666666666667,55,16,65,23,77,43,99,59,36,57,67,2,42,79,17,62.5,49.6,4,32.333333333333336,100,70.71428571428571,58.5,5,0
p00446,Former skeptics,Male,60+,Black / African American,Bachelor's degree,"$56,000 to $99,999",Independent,57.25,81,43,17,51,1,96,73,52,45,87,74,67,69,22,6,39.25,41,89,9,63,38.857142857142854,61.5,0,0
p00447,Former skeptics,Male,18-29,Black / African American,Less than high school,"$30,000 to $55,999",Democrat,53.83333333333333,43,53,62,100,0,65,83,39,42,46,13,100,97,0,45,32,53.6,80,60.333333333333336,34,49.285714285714285,46.166666666666664,9,0
p00448,Former skeptics,Other,30-44,White / Caucasian,High school diploma / GED,"Less than $30,000",Democrat,52.50000000000001,0,46,75,68,70,37,76,39,38,32,58,91,39,0,84,27.25,55,67,59.333333333333336,61,45.714285714285715,34.833333333333336,3,0
p00449,Former skeptics,Other,60+,Asian / Asian American,Some college or Associate's degree,"$56,000 to $99,999",Democrat,45.75,42,40,32,87,53,2,91,31,61,35,6,69,96,97,4,52.25,45.6,0,38.333333333333336,84,56.42857142857143,49.5,6,0
p00450,Former skeptics,Male,60+,Asian / Asian American,Less than high school,"$100,000 to $167,999",Republican,49.08333333333333,40,35,85,19,67,22,72,40,1,56,100,52,48,53,15,41.75,40.8,73,59,4,58.42857142857143,53.333333333333336,4,1
p00451,Former skeptics,Male,30-44,Other,Less than high school,"$56,000 to $99,999",Other,46.5,48,62,57,16,35,41,44,74,75,11,58,37,74,100,63,46,60.8,49,41.333333333333336,25,50.142857142857146,32.5,6,1
p00452,Former skeptics,Male,18-29,Black / African American,Doctorate degree / Ph.D.,"Less than $30,000",Other,43.416666666666664,20,48,17,91,0,55,29,27,61,74,60,39,27,29,35,66.25,84.8,33,60.333333333333336,55,41.42857142857143,47.833333333333336,10,1
p00453,Former skeptics,Male,60+,Black / African American,Doctorate degree / Ph.D.,"$100,000 to $167,999",Other,57.75,37,40,50,65,29,46,72,47,61,85,88,73,62,29,0,70.5,50.8,45,42,81,59.42857142857143,38.333333333333336,1,1
p00454,Former skeptics,Female,60+,Asian / Asian American,Some college or Associate's degree,"$168,000 or more",Independent,40.75,92,59,46,7,0,42,45,20,9,46,81,42,92,46,41,24.25,39.4,22,61.666666666666664,80,32.857142857142854,56.5,7,1
p00455,Former skeptics,Other,45-59,Other,Some college or Associate's degree,"$56,000 to $99,999",Independent,39.333333333333336,0,44,8,62,42,60,0,20,52,31,98,55,37,54,36,58.25,52,84,29.666666666666668,53,46.42857142857143,31.833333333333332,9,0
p00456,Former skeptics,Other,60+,White / Caucasian,Bachelor's degree,"$30,000 to $55,999",Other,56.333333333333336,68,79,77,100,56,24,5,55,27,67,47,71,40,43,32,63.5,58.4,100,60.333333333333336,51,77.28571428571429,53.5,9,0
p00457,Former skeptics,Other,60+,Black / African American,Bachelor's degree,"$56,000 to $99,999",Other,44.916666666666664,47,49,0,54,46,77,32,53,65,49,25,42,6,29,52,69,43.2,11,38,100,54.285714285714285,38.666666666666664,9,0
p00458,Former skeptics,Male,60+,Asian / Asian American,High school diploma / GED,"$168,000 or more",Democrat,42.916666666666664,51,64,41,50,70,35,36,32,35,46,37,18,73,48,34,42.5,51.4,47,26.333333333333332,8,49.42857142857143,30,10,0
p00459,Former skeptics,Other,30-44,White / Caucasian,Bachelor's degree,"Less than $30,000",Republican,52.24999999999999,66,60,100,29,93,55,81,30,0,19,54,40,56,83,42,46.5,70.2,49,47.666666666666664,17,55.285714285714285,40.5,2,0
p00460,Former skeptics,Other,45-59,Black / African American,High school diploma / GED,"$30,000 to $55,999",Other,53.66666666666667,38,37,88,28,39,85,73,67,32,31,49,77,57,20,74,50.25,62.8,100,73.33333333333333,80,57.57142857142857,57.833333333333336,3,0
p00461,Former skeptics,Male,30-44,White / Caucasian,Less than high school,"$168,000 or more",Democrat,49,66,0,51,61,55,50,100,84,46,0,64,11,0,59,60,47,47.6,62,32.333333333333336,76,42.285714285714285,25.833333333333332,0,0
p00462,Former skeptics,Female,60+,Black / African American,Less than high school,"$100,000 to $167,999",Democrat,64.33333333333333,51,52,85,100,19,67,47,64,89,74,51,73,100,81,70,44.5,36.4,38,56,43,51.857142857142854,49.5,10,0
p00463,Former skeptics,Female,30-44,Black / African American,Bachelor's degree,"$168,000 or more",Democrat,55.25000000000001,7,47,85,43,75,59,63,79,66,100,0,39,24,87,43,69.25,48.6,55,33.333333333333336,16,56.42857142857143,57.333333333333336,0,1
p00464,Former skeptics,Female,60+,Black / African American,High school diploma / GED,"$168,000 or more",Independent,45.833333333333336,33,37,38,56,61,70,40,44,52,36,70,13,58,4,48,57.25,38.8,38,50.666666666666664,91,34.57142857142857,47.666666666666664,8,0
p00465,Former skeptics,Male,45-59,Hispanic / Latino,Less than high school,"$168,000 or more",Independent,50.666666666666664,68,76,49,64,50,56,22,15,19,65,81,43,67,100,0,45,60.6,40,40.333333333333336,56,51.714285714285715,44,8,0
p00466,Former skeptics,Other,30-44,Asian / Asian American,Some college or Associate's degree,"$100,000 to $167,999",Democrat,44,96,31,72,74,33,11,28,23,67,78,15,0,95,54,14,53.25,31,100,46.333333333333336,48,38,52.666666666666664,6,0
p00467,Former skeptics,Male,60+,Other,Master's degree / Professional degree,"$100,000 to $167,999",Other,48.24999999999999,72,22,19,58,69,52,79,0,89,60,6,53,78,54,31,59.5,41,64,44.666666666666664,100,56.142857142857146,65.33333333333333,1,0
p00468,Former skeptics,Male,30-44,Black / African American,Bachelor's degree,"Less than $30,000",Other,50.5,49,51,35,32,36,68,13,86,35,87,64,50,70,67,36,43.25,55.2,84,43,43,49.714285714285715,55.333333333333336,1,0
p00469,Former skeptics,Female,60+,White / Caucasian,Some college or Associate's degree,"$100,000 to $167,999",Democrat,46.833333333333336,48,34,46,33,52,54,69,41,77,0,83,25,82,61,11,39.75,50.8,41,45.333333333333336,55,55.142857142857146,48,9,1
p00470,Former skeptics,Other,30-44,Asian / Asian American,High school diploma / GED,"$168,000 or more",Other,62.41666666666667,41,84,59,70,100,52,35,44,87,100,0,77,14,82,78,30,48.4,8,42.666666666666664,40,41,62.333333333333336,5,0
p00471,Former skeptics,Female,45-59,Other,Bachelor's degree,"$168,000 or more",Republican,54.08333333333333,71,76,44,45,43,21,29,34,84,54,68,80,47,19,45,67.5,82.4,24,36,25,47.285714285714285,51,9,1
p00472,Former skeptics,Female,18-29,Black / African American,Master's degree / Professional degree,"$56,000 to $99,999",Republican,34,73,36,17,42,21,30,37,33,21,28,17,53,56,36,19,43.75,47.2,61,58.666666666666664,65,49.285714285714285,45.333333333333336,6,0
p00473,Former skeptics,Other,60+,Black / African American,Some college or Associate's degree,"$168,000 or more",Democrat,42.916666666666664,19,35,61,36,81,100,31,22,39,0,37,54,65,17,18,32.5,51.2,56,31,0,68.42857142857143,48.5,3,0
p00474,Former skeptics,Male,60+,Other,Bachelor's degree,"$100,000 to $167,999",Other,47.66666666666667,7,53,61,43,47,67,39,72,24,52,100,7,21,20,43,68.75,35,15,47,47,57.142857142857146,66,10,0
p00475,Former skeptics,Other,30-44,Asian / Asian American,Less than high school,"$168,000 or more",Democrat,49.49999999999999,35,53,40,63,75,51,49,35,50,53,50,40,41,31,83,58.25,54.2,54,45.666666666666664,0,42.42857142857143,48.166666666666664,9,0
p00476,Former skeptics,Female,60+,Hispanic / Latino,Master's degree / Professional degree,"$100,000 to $167,999",Independent,48.66666666666667,64,78,42,35,67,53,56,71,39,0,37,42,31,8,84,68,67.2,5,49.333333333333336,45,36.285714285714285,64.16666666666667,5,0
p00477,Former skeptics,Female,60+,White / Caucasian,Bachelor's degree,"$30,000 to $55,999",Independent,53.24999999999999,30,45,53,17,100,8,54,62,100,32,51,87,18,35,83,59.5,46.4,63,76.66666666666667,7,47.714285714285715,39.5,0,0
p00478,Former skeptics,Female,45-59,Asian / Asian American,Master's degree / Professional degree,"Less than $30,000",Democrat,37.75,18,9,35,51,0,25,66,43,60,84,0,62,34,46,39,47.25,29.8,38,56,100,39,51.5,10,0
p00479,Former skeptics,Other,60+,Black / African American,Master's degree / Professional degree,"$56,000 to $99,999",Other,52.25,11,41,76,57,77,49,71,33,67,50,80,15,63,13,0,45.25,56.4,54,80,76,51.142857142857146,59.833333333333336,3,1
p00480,Former skeptics,Male,60+,Black / African American,Some college or Associate's degree,"$168,000 or more",Independent,58.25,57,77,54,69,84,57,56,45,34,60,39,67,60,47,35,35.5,53,61,48.666666666666664,69,51.142857142857146,59.166666666666664,9,0
p00481,High public trust,Male,18-29,Other,Some college or Associate's degree,"Less than $30,000",Other,33.916666666666664,21,1,61,13,17,16,36,49,77,38,59,19,74,19,44,39.5,67.2,60,68,64,45.57142857142857,55,3,0
p00482,High public trust,Female,45-59,Black / African American,Some college or Associate's degree,"$30,000 to $55,999",Democrat,44.416666666666664,0,56,17,76,40,46,60,43,60,35,65,35,0,21,32,71,38.2,61,43,56,63.285714285714285,45.333333333333336,7,0
p00483,High public trust,Female,45-59,Asian / Asian American,Less than high school,"$168,000 or more",Democrat,53.75,51,34,95,86,25,56,91,36,26,74,18,53,54,33,73,56.25,56.4,31,17.666666666666668,30,35.714285714285715,62.666666666666664,10,0
p00484,High public trust,Other,60+,Black / African American,Bachelor's degree,"$100,000 to $167,999",Democrat,45.416666666666664,65,64,69,37,43,80,23,55,32,36,20,21,50,37,0,33,67.8,49,34.333333333333336,32,52.57142857142857,49.333333333333336,9,1
p00485,High public trust,Male,45-59,Hispanic / Latino,High school diploma / GED,"$100,000 to $167,999",Independent,58.833333333333336,27,67,59,54,86,79,100,44,80,51,3,56,23,68,43,44.25,49.2,47,50,100,42.714285714285715,52.5,7,0
p00486,High public trust,Male,45-59,Hispanic / Latino,Master's degree / Professional degree,"$100,000 to $167,999",Independent,42.166666666666664,40,44,0,64,38,27,66,0,75,50,42,60,57,40,67,65,57,32,37.333333333333336,68,52,44.833333333333336,2,0
p00487,High public trust,Other,18-29,White / Caucasian,Some college or Associate's degree,"$30,000 to $55,999",Democrat,69.66666666666666,23,66,87,29,69,75,89,54,86,100,58,100,63,37,32,34.75,53,81,56.666666666666664,33,60.57142857142857,37.666666666666664,1,0
p00488,High public trust,Female,30-44,White / Caucasian,Some college or Associate's degree,"Less than $30,000",Republican,36.666666666666664,5,53,70,73,34,24,35,14,9,51,33,39,94,71,42,73.5,42.8,48,17,92,36.714285714285715,24.166666666666668,7,0
p00489,High public trust,Male,60+,Other,High school diploma / GED,"$30,000 to $55,999",Independent,45.25000000000001,37,50,75,0,61,2,71,66,66,39,76,0,71,52,33,38.5,76.8,52,71,60,57.42857142857143,62,4,0
p00490,High public trust,Other,60+,Asian / Asian American,Bachelor's degree,"$30,000 to $55,999",Independent,55.08333333333333,40,15,73,64,43,75,48,75,57,51,62,58,56,78,82,47.5,39.2,67,33,86,72.57142857142857,59.166666666666664,8,1
p00491,High public trust,Male,45-59,Black / African American,Master's degree / Professional degree,"$100,000 to $167,999",Democrat,39.083333333333336,49,75,18,38,15,53,26,52,30,54,40,19,11,42,39,36,64.6,68,73.33333333333333,65,57,47,5,0
p00492,High public trust,Other,60+,Hispanic / Latino,Some college or Associate's degree,"Less than $30,000",Republican,42.333333333333336,50,46,0,14,23,65,81,13,51,100,39,26,62,37,35,67.5,60.2,60,46.666666666666664,39,63,35.666666666666664,6,0
p00493,High public trust,Other,60+,Asian / Asian American,High school diploma / GED,"$168,000 or more",Other,57.333333333333336,46,58,100,56,61,33,60,53,47,48,65,61,34,50,91,35.75,73.4,40,49.333333333333336,56,44.57142857142857,44.333333333333336,4,0
p00494,High public trust,Other,45-59,Other,Bachelor's degree,"$168,000 or more",Independent,47.583333333333336,65,53,20,100,35,14,48,69,28,43,74,22,36,89,55,49.75,65.6,75,43.666666666666664,73,66.14285714285714,41.5,0,0
p00495,High public trust,Male,60+,White / Caucasian,Doctorate degree / Ph.D.,"$30,000 to $55,999",Republican,48.25,48,0,20,81,62,0,25,75,63,55,78,72,17,0,39,32.5,53.6,30,79.66666666666667,38,58,25.833333333333332,6,0
p00496,High public trust,Male,60+,White / Caucasian,High school diploma / GED,"$30,000 to $55,999",Democrat,42.666666666666664,70,38,6,41,26,14,47,73,53,57,36,51,51,59,34,61,40.6,73,79.33333333333333,27,58.714285714285715,37.666666666666664,3,0
p00497,High public trust,Female,60+,Hispanic / Latino,Less than high school,"Less than $30,000",Independent,46.666666666666664,62,32,46,60,19,11,43,46,64,23,62,92,84,36,100,55,32.8,82,60,55,52.142857142857146,55,3,1
p00498,High public trust,Female,60+,Black / African American,Bachelor's degree,"Less than $30,000",Democrat,61.58333333333333,50,46,100,85,38,3,72,59,75,77,87,47,82,77,13,29.25,52.8,29,30,89,57.57142857142857,33,0,0
p00499,High public trust,Other,60+,Asian / Asian American,High school diploma / GED,"$168,000 or more",Democrat,48.91666666666667,35,66,24,38,72,23,32,90,32,53,75,47,55,43,60,33.25,57.8,69,76,46,62.42857142857143,68.66666666666667,0,1
p00500,High public trust,Other,18-29,Black / African American,Doctorate degree / Ph.D.,"Less than $30,000",Other,53.333333333333336,50,96,30,68,28,35,43,97,72,54,20,47,53,55,19,42.25,46.8,65,40,58,52.285714285714285,38.666666666666664,8,1
p00501,High public trust,Male,60+,Other,Some college or Associate's degree,"$30,000 to $55,999",Republican,47,96,41,72,22,45,32,92,34,40,14,25,51,9,46,15,43.5,52.2,23,51.333333333333336,55,56,51.666666666666664,8,0
p00502,High public trust,Female,30-44,Asian / Asian American,Master's degree / Professional degree,"$30,000 to $55,999",Other,53.666666666666664,43,47,8,77,76,0,90,70,54,99,39,41,32,78,36,26.75,23.8,58,51.333333333333336,27,37,46.333333333333336,5,1
p00503,High public trust,Other,30-44,Asian / Asian American,Less than high school,"$168,000 or more",Democrat,44.24999999999999,69,9,65,65,13,53,70,18,35,27,78,29,84,8,100,35,24.2,14,45.333333333333336,52,60,51.666666666666664,0,0
p00504,High public trust,Other,60+,Asian / Asian American,Doctorate degree / Ph.D.,"$30,000 to $55,999",Independent,64,43,36,72,65,72,91,92,85,0,65,71,76,65,48,79,34.25,39.4,98,70.66666666666667,51,52.857142857142854,52.833333333333336,5,0
p00505,High public trust,Female,60+,White / Caucasian,Less than high school,"$56,000 to $99,999",Republican,44.33333333333333,5,17,23,66,1,55,56,61,46,70,47,85,35,70,70,46.75,53.8,78,46.333333333333336,92,60.42857142857143,52,6,0
p00506,High public trust,Male,60+,White / Caucasian,Bachelor's degree,"Less than $30,000",Republican,53.333333333333336,21,69,58,100,100,66,50,13,0,44,67,52,33,0,36,55.5,38.6,72,55.666666666666664,20,33.57142857142857,57.166666666666664,10,0
p00507,High public trust,Other,45-59,White / Caucasian,Less than high school,"$30,000 to $55,999",Other,50.5,61,24,26,63,46,34,26,14,91,45,89,87,41,73,39,54.5,53.2,48,45.666666666666664,87,61.285714285714285,62.166666666666664,2,0
p00508,High public trust,Other,30-44,Asian / Asian American,Some college or Associate's degree,"$100,000 to $167,999",Other,49.66666666666667,28,31,33,64,43,64,48,15,34,49,87,100,38,49,22,33.75,59,74,40.666666666666664,46,56.285714285714285,69.66666666666667,9,1
p00509,High public trust,Male,60+,Black / African American,Bachelor's degree,"Less than $30,000",Democrat,47.33333333333333,50,79,33,52,14,50,48,49,40,89,50,14,97,7,9,50,45.2,72,44,75,34.57142857142857,48.833333333333336,4,0
p00510,High public trust,Female,60+,Black / African American,Bachelor's degree,"$56,000 to $99,999",Independent,43.5,84,26,46,28,64,52,37,54,40,54,13,24,81,50,73,51.75,58.8,36,57,35,45.714285714285715,65,1,0
p00511,High public trust,Other,60+,White / Caucasian,Some college or Associate's degree,"$30,000 to $55,999",Other,57.58333333333333,82,80,79,0,6,61,48,75,50,77,33,100,82,67,51,49.5,61.8,63,71.66666666666667,54,44,57,6,0
p00512,High public trust,Other,18-29,Hispanic / Latino,Master's degree / Professional degree,"$30,000 to $55,999",Democrat,53.416666666666664,62,27,44,100,59,88,26,90,35,41,29,40,6,75,42,54.25,54.6,54,47.333333333333336,15,55.714285714285715,41.833333333333336,1,1
p00513,High public trust,Male,60+,Other,Some college or Associate's degree,"$100,000 to $167,999",Republican,45.25,100,61,0,37,0,64,35,72,71,30,67,6,49,63,93,24.25,34.8,73,40.333333333333336,50,46,43.166666666666664,3,1
p00514,High public trust,Other,45-59,Asian / Asian American,High school diploma / GED,"$100,000 to $167,999",Independent,54.75,87,95,23,11,54,22,48,73,40,80,67,57,100,56,79,59.25,58,18,27.333333333333332,0,60.42857142857143,42.166666666666664,3,1
p00515,High public trust,Male,60+,Hispanic / Latino,Master's degree / Professional degree,"$168,000 or more",Republican,39.66666666666667,51,19,35,87,37,17,49,37,0,44,48,52,95,93,73,71.25,41.2,100,27.333333333333332,89,41.42857142857143,38.666666666666664,6,1
p00516,High public trust,Other,30-44,Hispanic / Latino,High school diploma / GED,"$56,000 to $99,999",Independent,43.083333333333336,83,39,90,36,78,67,27,49,0,12,29,7,46,100,0,67.75,64.2,79,62.666666666666664,24,33.57142857142857,38.666666666666664,4,0
p00517,High public trust,Male,45-59,Black / African American,Less than high school,"Less than $30,000",Republican,42.5,68,93,26,0,63,34,79,26,20,23,56,22,75,6,65,54.75,32.2,52,61,76,53.57142857142857,51.333333333333336,0,1
p00518,High public trust,Female,60+,Hispanic / Latino,High school diploma / GED,"Less than $30,000",Republican,30.166666666666668,40,6,24,21,66,13,28,5,0,36,52,71,44,97,61,66.25,59.2,80,50.666666666666664,0,52.285714285714285,59.666666666666664,5,1
p00519,High public trust,Male,30-44,Asian / Asian American,Bachelor's degree,"$168,000 or more",Republican,61.33333333333333,70,73,100,53,80,52,72,38,75,20,41,62,20,20,66,29.75,35.6,49,46,65,59.42857142857143,35.833333333333336,5,0
p00520,High public trust,Other,60+,Black / African American,Bachelor's degree,"Less than $30,000",Democrat,49,30,46,82,44,56,82,43,7,15,60,58,65,53,4,84,45.75,47.4,32,73,59,35.714285714285715,38.666666666666664,5,1
p00521,High public trust,Male,18-29,Black / African American,Master's degree / Professional degree,"$100,000 to $167,999",Democrat,53,16,57,52,77,32,43,96,49,27,100,18,69,60,93,62,35.5,54.2,63,73,46,56.285714285714285,62.666666666666664,1,0
p00522,High public trust,Other,18-29,Other,Some college or Associate's degree,"$100,000 to $167,999",Republican,49.25,51,67,77,7,20,47,38,69,57,58,40,60,94,47,33,50.25,68.8,44,67,19,51,60.333333333333336,5,0
p00523,High public trust,Other,30-44,Asian / Asian American,Doctorate degree / Ph.D.,"$30,000 to $55,999",Other,45.74999999999999,56,70,44,46,0,65,45,6,83,42,68,24,55,69,72,49.5,34.2,59,78,29,54.142857142857146,49.333333333333336,7,0
p00524,High public trust,Other,45-59,Black / African American,Master's degree / Professional degree,"$100,000 to $167,999",Other,39.75,42,57,12,0,55,87,45,34,26,64,33,22,34,92,42,59.5,54.6,0,22.666666666666668,56,47.285714285714285,52.333333333333336,9,1
p00525,High public trust,Other,60+,Other,Less than high school,"$100,000 to $167,999",Independent,45.083333333333336,29,34,87,22,11,17,8,70,71,100,17,75,52,100,53,34.75,43.8,86,54.333333333333336,68,49.42857142857143,48.666666666666664,8,0
p00526,High public trust,Female,18-29,Black / African American,Some college or Associate's degree,"$56,000 to $99,999",Republican,42.25,0,97,11,54,47,29,0,75,69,49,7,69,66,60,52,39.75,53.6,67,60,87,51,65.33333333333333,6,0
p00527,High public trust,Other,18-29,Hispanic / Latino,Bachelor's degree,"$168,000 or more",Republican,54,79,86,19,46,79,37,39,51,75,74,35,28,24,55,29,45.25,47.2,0,68.33333333333333,56,47.142857142857146,61,10,1
p00528,High public trust,Male,60+,Hispanic / Latino,Some college or Associate's degree,"$30,000 to $55,999",Independent,52,57,22,62,62,45,27,59,61,57,97,62,13,55,63,51,57.75,65.2,57,29.333333333333332,53,46,44.833333333333336,8,0
p00529,High public trust,Male,30-44,Asian / Asian American,Bachelor's degree,"$30,000 to $55,999",Independent,54.75,87,69,100,76,55,23,93,26,31,35,26,36,28,13,37,42.25,45.6,76,44.666666666666664,97,51.714285714285715,39,3,0
p00530,High public trust,Female,60+,Other,Bachelor's degree,"$168,000 or more",Other,51.75,41,70,22,36,72,43,62,75,54,56,26,64,60,40,30,66.5,39.2,73,47.333333333333336,45,38,35,5,0
p00531,High public trust,Male,60+,Asian / Asian American,Bachelor's degree,"$168,000 or more",Independent,56.08333333333333,32,66,34,73,93,22,88,61,49,38,34,83,46,48,15,42.75,48.4,45,63,5,58,61.166666666666664,4,0
p00532,High public trust,Other,45-59,Other,Doctorate degree / Ph.D.,"$56,000 to $99,999",Democrat,60.00000000000001,62,93,22,26,55,48,100,58,99,62,31,64,83,78,94,75.25,68.2,100,57.666666666666664,74,44.57142857142857,62.333333333333336,5,0
p00533,High public trust,Other,30-44,Other,Master's degree / Professional degree,"$56,000 to $99,999",Independent,49.666666666666664,55,87,60,0,79,47,0,51,4,13,100,100,73,42,38,58.25,70.2,50,49.666666666666664,61,68.71428571428571,61.333333333333336,4,0
p00534,High public trust,Male,18-29,Asian / Asian American,Doctorate degree / Ph.D.,"$100,000 to $167,999",Democrat,42.66666666666667,35,49,55,89,0,38,46,58,22,19,59,42,25,64,33,74.75,44.8,29,89.33333333333333,8,43,33,7,0
p00535,High public trust,Male,30-44,Other,Some college or Associate's degree,"Less than $30,000",Independent,45.416666666666664,26,62,47,46,0,22,83,59,78,49,32,41,13,44,65,68.25,36.6,14,57.333333333333336,97,42.57142857142857,48.666666666666664,3,0
p00536,High public trust,Female,60+,Asian / Asian American,Less than high school,"$168,000 or more",Republican,57.08333333333333,47,73,39,58,100,77,59,50,29,82,28,43,73,59,0,35,45.4,48,49.666666666666664,30,57.714285714285715,44.333333333333336,8,0
p00537,High public trust,Other,30-44,Black / African American,Doctorate degree / Ph.D.,"$100,000 to $167,999",Republican,48.58333333333333,46,18,35,96,26,24,88,33,35,53,59,70,97,69,74,44.5,66,60,55.666666666666664,97,55,45.833333333333336,7,0
p00538,High public trust,Other,18-29,Asian / Asian American,High school diploma / GED,"$100,000 to $167,999",Republican,73.83333333333333,44,52,81,60,88,100,100,80,79,70,70,62,29,57,56,42,44,88,51.333333333333336,62,36.285714285714285,58.666666666666664,10,0
p00539,High public trust,Other,60+,Asian / Asian American,Some college or Associate's degree,"Less than $30,000",Other,52,25,72,14,71,47,73,24,66,70,15,47,100,22,81,99,53.25,44.4,74,40.333333333333336,100,55,55,1,1
p00540,High public trust,Other,60+,Hispanic / Latino,Bachelor's degree,"$30,000 to $55,999",Democrat,42.416666666666664,37,18,36,35,53,42,28,88,38,64,37,33,60,38,36,32.5,47,45,56,36,61.714285714285715,25,2,0
p00541,Measurement & modeling (2),Other,60+,Hispanic / Latino,Some college or Associate's degree,"$100,000 to $167,999",Democrat,36.25,0,47,83,19,51,33,83,9,46,52,6,6,100,70,45,55.5,50.2,40,56,20,60.285714285714285,51.166666666666664,7,0
p00542,Measurement & modeling (2),Other,30-44,Other,Bachelor's degree,"$30,000 to $55,999",Republican,41.25,0,11,34,93,48,8,21,25,23,52,100,80,69,50,39,34.25,48.8,56,61.666666666666664,21,52.714285714285715,49.333333333333336,1,0
p00543,Measurement & modeling (2),Other,18-29,Other,Master's degree / Professional degree,"Less than $30,000",Other,47.16666666666667,75,78,69,21,28,37,4,41,42,47,78,46,99,78,68,37,40.4,0,40.333333333333336,83,51.42857142857143,47.833333333333336,3,0
p00544,Measurement & modeling (2),Male,60+,Hispanic / Latino,High school diploma / GED,"Less than $30,000",Independent,49.58333333333333,93,46,28,40,45,44,37,96,71,27,20,48,10,50,7,48.25,59.8,71,33,70,44.57142857142857,31,8,0
p00545,Measurement & modeling (2),Female,30-44,Other,High school diploma / GED,"$100,000 to $167,999",Republican,44.5,33,52,60,43,63,58,5,4,60,4,61,91,89,38,75,36,50.8,63,40.333333333333336,65,68.71428571428571,51.5,10,0
p00546,Measurement & modeling (2),Male,60+,Other,Less than high school,"$56,000 to $99,999",Independent,48.833333333333336,58,39,84,49,54,29,58,57,53,76,6,23,100,66,35,49.5,46.8,64,59.666666666666664,87,49.57142857142857,52.5,1,0
p00547,Measurement & modeling (2),Other,45-59,White / Caucasian,Master's degree / Professional degree,"$168,000 or more",Other,46.333333333333336,52,43,88,29,25,88,0,58,52,61,12,48,72,67,34,65.25,42.8,19,54.666666666666664,46,43.142857142857146,39.833333333333336,10,0
p00548,Measurement & modeling (2),Male,60+,White / Caucasian,Some college or Associate's degree,"$100,000 to $167,999",Democrat,46.16666666666667,30,0,22,43,96,45,69,35,52,0,93,69,40,67,29,29.5,36.8,94,27.666666666666668,2,62,35.833333333333336,9,0
p00549,Measurement & modeling (2),Female,45-59,White / Caucasian,Bachelor's degree,"$56,000 to $99,999",Other,58.33333333333333,100,51,58,1,44,85,56,70,82,60,82,11,65,13,40,35.5,50.2,52,51.333333333333336,0,81.28571428571429,55.666666666666664,10,0
p00550,Measurement & modeling (2),Female,60+,Other,Master's degree / Professional degree,"Less than $30,000",Republican,58.66666666666667,65,0,58,52,77,66,100,61,25,88,33,79,33,53,51,43.5,62.8,36,24,67,53.285714285714285,56.5,7,0
p00551,Measurement & modeling (2),Male,45-59,Asian / Asian American,Master's degree / Professional degree,"$56,000 to $99,999",Democrat,53.08333333333333,64,51,78,86,66,56,26,23,35,64,19,69,61,76,58,63,58.2,70,46.333333333333336,53,47.57142857142857,62.333333333333336,5,0
p00552,Measurement & modeling (2),Other,30-44,Asian / Asian American,High school diploma / GED,"Less than $30,000",Other,38.75,0,36,34,84,48,57,80,50,19,33,24,0,55,29,0,41.75,48.6,52,26.333333333333332,31,51.42857142857143,36.333333333333336,9,0
p00553,Measurement & modeling (2),Other,30-44,Black / African American,Bachelor's degree,"$100,000 to $167,999",Independent,44.333333333333336,60,10,100,22,16,27,76,36,64,40,60,21,86,48,100,54.5,52.2,77,61.666666666666664,37,67,80.66666666666667,9,0
p00554,Measurement & modeling (2),Female,60+,Black / African American,Doctorate degree / Ph.D.,"$168,000 or more",Republican,55.416666666666664,47,48,69,71,44,22,63,79,58,60,43,61,40,58,45,45.75,54.8,8,65,71,51,39.666666666666664,0,0
p00555,Measurement & modeling (2),Male,60+,Asian / Asian American,Doctorate degree / Ph.D.,"Less than $30,000",Democrat,62.49999999999999,82,52,91,100,35,67,34,89,39,51,56,54,93,48,100,66.25,56.8,31,37,76,61.42857142857143,50.166666666666664,2,0
p00556,Measurement & modeling (2),Female,60+,Black / African American,Less than high school,"Less than $30,000",Republican,53.083333333333336,59,73,65,89,21,42,100,58,47,43,15,25,27,85,30,49.25,64.4,75,68,64,42.42857142857143,45,9,0
p00557,Measurement & modeling (2),Male,45-59,Other,Some college or Associate's degree,"Less than $30,000",Democrat,42.333333333333336,44,51,60,58,34,17,28,53,100,17,10,36,38,68,55,55.75,64.4,100,33,47,34.857142857142854,54.166666666666664,2,0
p00558,Measurement & modeling (2),Female,18-29,Asian / Asian American,Doctorate degree / Ph.D.,"Less than $30,000",Republican,53.91666666666667,72,44,82,55,39,41,0,35,74,88,53,64,44,68,60,58.75,20.4,43,38.666666666666664,37,41.42857142857143,78.33333333333333,2,1
p00559,Measurement & modeling (2),Other,60+,Asian / Asian American,Doctorate degree / Ph.D.,"$56,000 to $99,999",Other,45.166666666666664,93,2,24,50,80,45,65,52,66,0,56,9,76,49,55,69.25,73,88,32,32,65.85714285714286,44.333333333333336,4,0
p00560,Measurement & modeling (2),Other,18-29,Hispanic / Latino,Some college or Associate's degree,"$56,000 to $99,999",Other,50.333333333333336,44,53,68,100,52,87,43,17,0,58,35,47,72,83,18,34.25,65.8,31,34,35,38.42857142857143,39.333333333333336,4,0
p00561,Measurement & modeling (2),Other,45-59,White / Caucasian,Less than high school,"$168,000 or more",Independent,46.5,23,48,27,39,71,70,38,71,45,76,3,47,51,37,89,45.25,68,75,41.666666666666664,73,38.285714285714285,72.83333333333333,9,0
p00562,Measurement & modeling (2),Male,60+,Black / African American,Bachelor's degree,"$30,000 to $55,999",Republican,59.58333333333333,83,25,86,71,56,45,53,55,0,70,87,84,11,68,30,62.25,67.6,35,78,86,60.714285714285715,61.833333333333336,4,1
p00563,Measurement & modeling (2),Other,60+,Other,Bachelor's degree,"$100,000 to $167,999",Republican,45.75,28,41,48,76,41,67,30,13,67,32,61,45,76,62,17,79,71.4,67,41,52,81.85714285714286,63.5,3,0
p00564,Measurement & modeling (2),Male,18-29,Asian / Asian American,Less than high school,"Less than $30,000",Other,51.49999999999999,79,73,24,43,36,64,24,85,20,46,45,79,80,34,38,46.25,54,59,38.666666666666664,16,43,43.666666666666664,1,0
p00565,Measurement & modeling (2),Male,60+,Asian / Asian American,Master's degree / Professional degree,"$100,000 to $167,999",Republican,50.49999999999999,46,15,23,100,38,53,51,50,42,57,66,65,22,40,76,33.25,60.4,37,54,26,45.285714285714285,39.833333333333336,5,0
p00566,Measurement & modeling (2),Other,60+,Other,High school diploma / GED,"$30,000 to $55,999",Independent,53.5,42,46,56,44,42,28,17,94,49,82,71,71,8,88,12,82.75,35.8,68,19,45,39.857142857142854,44.166666666666664,0,0
p00567,Measurement & modeling (2),Female,30-44,Asian / Asian American,High school diploma / GED,"$30,000 to $55,999",Independent,55.5,64,46,49,52,44,45,63,21,100,30,99,53,66,67,83,29.75,68,55,70.66666666666667,14,48.42857142857143,33.833333333333336,2,0
p00568,Measurement & modeling (2),Female,60+,Black / African American,Bachelor's degree,"$30,000 to $55,999",Democrat,47.75,37,100,71,39,0,65,58,57,39,22,13,72,25,0,68,51.5,71.6,100,52.333333333333336,55,40.714285714285715,28.833333333333332,8,0
p00569,Measurement & modeling (2),Other,30-44,Other,Master's degree / Professional degree,"$30,000 to $55,999",Republican,63.916666666666664,86,79,69,70,90,13,75,49,88,21,38,89,9,66,11,44.25,65,36,34.333333333333336,76,48.42857142857143,62.5,2,1
p00570,Measurement & modeling (2),Male,45-59,Black / African American,Some college or Associate's degree,"$56,000 to $99,999",Republican,29.75,20,5,57,69,25,44,32,0,46,19,40,0,45,0,56,61.75,52,62,23.666666666666668,84,61.142857142857146,39.5,3,0
p00571,Measurement & modeling (2),Male,45-59,Black / African American,Bachelor's degree,"$100,000 to $167,999",Independent,45.583333333333336,50,52,39,80,100,13,0,63,77,17,21,35,75,62,100,44.75,44.8,14,47.666666666666664,56,62.285714285714285,65.5,3,0
p00572,Measurement & modeling (2),Other,60+,Asian / Asian American,High school diploma / GED,"Less than $30,000",Republican,65.5,100,73,87,55,100,66,62,85,97,0,8,53,25,49,49,75.5,29,43,52,61,41.857142857142854,46.666666666666664,5,0
p00573,Measurement & modeling (2),Female,60+,Black / African American,Master's degree / Professional degree,"$30,000 to $55,999",Other,43.25,74,74,56,71,60,10,12,43,28,4,49,38,67,63,16,56,47,38,32.333333333333336,44,31.571428571428573,65.66666666666667,8,0
p00574,Measurement & modeling (2),Male,45-59,White / Caucasian,Some college or Associate's degree,"$168,000 or more",Other,42.083333333333336,40,55,85,15,0,90,42,86,34,27,5,26,58,39,37,44.5,41.6,86,67,80,59.142857142857146,47.833333333333336,3,0
p00575,Measurement & modeling (2),Male,60+,Other,Doctorate degree / Ph.D.,"$30,000 to $55,999",Other,53.166666666666664,57,54,38,82,76,62,67,8,9,67,54,64,99,8,88,62.5,52,84,70,41,49.142857142857146,51.333333333333336,5,0
p00576,Measurement & modeling (2),Male,18-29,Asian / Asian American,Some college or Associate's degree,"$168,000 or more",Other,57.166666666666664,30,100,87,45,31,56,94,6,84,85,33,35,70,2,75,54,67,48,45.666666666666664,74,46,55.166666666666664,1,0
p00577,Measurement & modeling (2),Other,18-29,Asian / Asian American,High school diploma / GED,"$168,000 or more",Republican,58.166666666666664,53,50,0,72,100,93,87,53,43,66,10,71,19,87,37,38.25,35.4,90,65.33333333333333,61,43.714285714285715,48.5,1,0
p00578,Measurement & modeling (2),Other,30-44,Other,Some college or Associate's degree,"$100,000 to $167,999",Independent,49.25,36,27,49,0,52,53,72,56,37,76,80,53,11,77,4,40,67,14,49,54,50.142857142857146,50.833333333333336,7,0
p00579,Measurement & modeling (2),Female,18-29,Black / African American,Doctorate degree / Ph.D.,"$100,000 to $167,999",Other,55.25,40,72,34,63,22,26,63,55,86,82,47,73,93,62,38,44.75,47.2,9,60,32,52.285714285714285,50.166666666666664,5,1
p00580,Measurement & modeling (2),Male,60+,Asian / Asian American,Less than high school,"$56,000 to $99,999",Other,51.833333333333336,20,94,63,39,84,51,43,45,39,62,82,0,79,72,45,38.75,55.8,27,46.666666666666664,88,53.142857142857146,42.166666666666664,7,0
p00581,Measurement & modeling (2),Female,18-29,White / Caucasian,Less than high school,"$30,000 to $55,999",Democrat,47.5,42,52,69,43,31,77,0,11,93,40,46,66,0,92,86,74.75,70.2,26,43,68,40,52.166666666666664,6,1
p00582,Measurement & modeling (2),Female,18-29,Asian / Asian American,Less than high school,"$56,000 to $99,999",Democrat,56.58333333333333,67,61,81,46,33,58,64,34,42,66,84,43,100,74,14,37.5,50.4,63,49.333333333333336,63,52.142857142857146,62.166666666666664,10,1
p00583,Measurement & modeling (2),Other,45-59,White / Caucasian,Bachelor's degree,"$30,000 to $55,999",Other,49.333333333333336,60,14,38,15,88,67,25,88,59,54,57,27,29,61,48,31.25,53.4,48,52.666666666666664,48,51.285714285714285,55.833333333333336,6,0
p00584,Measurement & modeling (2),Male,45-59,Other,Doctorate degree / Ph.D.,"$100,000 to $167,999",Independent,57,81,48,23,4,100,27,61,77,42,100,49,72,83,40,67,52.5,39,36,61.333333333333336,36,59.42857142857143,74.5,6,1
p00585,Measurement & modeling (2),Male,18-29,Other,High school diploma / GED,"$56,000 to $99,999",Democrat,52.916666666666664,73,42,28,39,28,5,56,93,86,75,36,74,57,31,29,42.25,59.8,2,37,68,46.57142857142857,68.16666666666667,5,0
p00586,Measurement & modeling (2),Male,45-59,White / Caucasian,Bachelor's degree,"$168,000 or more",Other,57.16666666666666,0,59,94,82,23,74,46,44,5,100,92,67,48,37,42,71,74.4,41,72.66666666666667,76,52.285714285714285,48.333333333333336,6,0
p00587,Measurement & modeling (2),Female,60+,Black / African American,Bachelor's degree,"$56,000 to $99,999",Independent,62.08333333333333,53,43,68,27,39,84,53,97,51,89,85,56,100,85,40,57.5,53,15,54.333333333333336,53,55,61.666666666666664,5,0
p00588,Measurement & modeling (2),Male,30-44,Black / African American,Master's degree / Professional degree,"$30,000 to $55,999",Democrat,35.83333333333333,18,59,22,63,40,16,42,54,68,12,0,36,22,79,81,46.75,63.6,67,52.666666666666664,65,47.285714285714285,51.333333333333336,4,0
p00589,Measurement & modeling (2),Other,30-44,Black / African American,Master's degree / Professional degree,"$168,000 or more",Republican,51.24999999999999,13,17,51,35,65,46,75,65,84,63,27,74,35,12,74,16.75,59.4,80,70.33333333333333,22,22.857142857142858,42.166666666666664,4,0
p00590,Measurement & modeling (2),Other,30-44,Asian / Asian American,Doctorate degree / Ph.D.,"$168,000 or more",Republican,43.583333333333336,38,52,40,39,53,31,49,35,36,0,100,50,48,36,57,61.5,41.8,18,57.333333333333336,51,63.714285714285715,45.833333333333336,2,0
p00591,Measurement & modeling (2),Other,30-44,Asian / Asian American,Master's degree / Professional degree,"$100,000 to $167,999",Independent,45.58333333333333,17,74,64,30,88,19,23,59,8,74,53,38,24,79,52,31.75,55.8,53,36.333333333333336,83,54.285714285714285,67.33333333333333,10,0
p00592,Measurement & modeling (2),Female,30-44,Asian / Asian American,Bachelor's degree,"$100,000 to $167,999",Other,41.50000000000001,54,0,96,46,44,0,49,67,84,7,28,23,15,46,64,78.5,55.2,48,31,75,37.285714285714285,48.166666666666664,7,1
p00593,Measurement & modeling (2),Female,60+,White / Caucasian,Some college or Associate's degree,"$30,000 to $55,999",Republican,40.666666666666664,91,34,3,17,77,50,26,53,43,70,0,24,34,54,100,17.5,42.4,4,37,29,40.857142857142854,51.833333333333336,7,0
p00594,Measurement & modeling (2),Male,30-44,Other,Doctorate degree / Ph.D.,"$56,000 to $99,999",Other,51.083333333333336,30,25,45,63,27,95,56,31,52,47,99,43,70,27,0,42.5,29.6,60,57.333333333333336,60,47.857142857142854,52.166666666666664,7,1
p00595,Measurement & modeling (2),Other,30-44,Other,Some college or Associate's degree,"$168,000 or more",Democrat,42.83333333333333,98,0,9,14,61,0,82,100,9,43,48,50,92,13,91,60,69.6,64,28.333333333333332,35,66.71428571428571,44.333333333333336,1,0
p00596,Measurement & modeling (2),Male,45-59,Asian / Asian American,Bachelor's degree,"$100,000 to $167,999",Democrat,56.08333333333333,35,57,75,55,67,55,70,41,27,61,67,63,76,58,73,52.25,41,48,43.666666666666664,60,40.285714285714285,47.833333333333336,0,0
p00597,Measurement & modeling (2),Other,18-29,Black / African American,Doctorate degree / Ph.D.,"$30,000 to $55,999",Democrat,48.916666666666664,92,45,4,38,38,60,35,89,43,66,49,28,81,36,68,32.5,33.4,62,50,27,30.285714285714285,48.833333333333336,10,1
p00598,Measurement & modeling (2),Female,45-59,White / Caucasian,Less than high school,"$56,000 to $99,999",Democrat,43.333333333333336,36,39,43,17,37,19,63,48,0,53,90,75,0,36,45,59.25,62.8,28,55.333333333333336,36,61.57142857142857,48.333333333333336,0,1
p00599,Measurement & modeling (2),Female,45-59,Asian / Asian American,Doctorate degree / Ph.D.,"$168,000 or more",Independent,39.75,70,57,6,27,27,50,51,22,0,0,68,99,100,23,47,39.75,76.2,34,56.666666666666664,14,46.714285714285715,31,0,1
p00600,Measurement & modeling (2),Female,30-44,Asian / Asian American,High school diploma / GED,"$168,000 or more",Democrat,43.58333333333333,61,33,25,31,65,72,51,76,47,0,49,13,90,11,0,79,29,15,39.333333333333336,85,41.285714285714285,51.5,8,0
p00601,Peer-review,Female,60+,Hispanic / Latino,Less than high school,"$100,000 to $167,999",Democrat,59.00000000000001,93,43,32,47,33,55,64,72,88,5,87,89,60,17,35,41.75,55.2,61,53.666666666666664,48,69.57142857142857,51.666666666666664,8,0
p00602,Peer-review,Male,45-59,Asian / Asian American,Master's degree / Professional degree,"$30,000 to $55,999",Democrat,55.666666666666664,74,41,43,51,70,60,51,71,55,80,21,51,11,20,91,68,58,100,64,34,47,35.166666666666664,10,0
p00603,Peer-review,Male,60+,Hispanic / Latino,High school diploma / GED,"$168,000 or more",Other,35,45,29,32,29,56,61,22,56,52,13,25,0,46,83,53,27.5,35,43,36.666666666666664,11,44.57142857142857,41.833333333333336,0,1
p00604,Peer-review,Female,60+,Asian / Asian American,Master's degree / Professional degree,"$168,000 or more",Independent,50,26,29,86,38,73,38,0,25,71,77,92,45,47,77,56,61.5,46,82,49.666666666666664,55,50.714285714285715,53.5,0,1
p00605,Peer-review,Female,18-29,White / Caucasian,Master's degree / Professional degree,"$100,000 to $167,999",Other,47.083333333333336,70,62,15,0,73,56,37,22,65,40,83,42,37,46,75,50,55.6,75,31,63,59.285714285714285,49.333333333333336,10,0
p00606,Peer-review,Female,30-44,White / Caucasian,Bachelor's degree,"$56,000 to $99,999",Democrat,51.083333333333336,87,41,61,45,53,6,39,59,47,97,15,63,27,36,38,36,67.6,76,68.66666666666667,100,57,66.5,1,1
p00607,Peer-review,Other,60+,Asian / Asian American,Doctorate degree / Ph.D.,"$56,000 to $99,999",Democrat,56.58333333333333,57,76,30,74,42,29,54,56,65,64,80,52,80,13,46,66.75,55.4,100,16,68,58.57142857142857,22,9,1
p00608,Peer-review,Male,45-59,Other,Some college or Associate's degree,"Less than $30,000",Democrat,47.75000000000001,55,57,47,38,55,34,12,100,0,49,64,62,13,20,99,48.25,48,42,57.666666666666664,14,46.142857142857146,34.166666666666664,4,1
p00609,Peer-review,Other,18-29,Other,Some college or Associate's degree,"$168,000 or more",Other,54.916666666666664,94,28,60,100,95,66,24,44,40,1,61,46,91,23,82,51.25,50.2,17,46,11,39.285714285714285,62,0,0
p00610,Peer-review,Other,60+,Hispanic / Latino,Some college or Associate's degree,"$56,000 to $99,999",Other,55.833333333333336,43,100,61,100,64,51,63,22,17,36,66,47,30,67,40,21.75,67,100,44.333333333333336,38,32.142857142857146,34.833333333333336,9,0
p00611,Peer-review,Male,30-44,Hispanic / Latino,Less than high school,"$168,000 or more",Other,49.75,52,49,74,42,41,81,0,20,79,69,65,25,94,22,59,33.5,57.6,28,30,55,59,54.166666666666664,7,0
p00612,Peer-review,Other,30-44,Other,Some college or Associate's degree,"$56,000 to $99,999",Democrat,42.16666666666667,39,53,40,0,69,15,51,45,43,60,13,78,71,40,68,49.5,65.6,60,27.666666666666668,51,32.285714285714285,67.16666666666667,0,1
p00613,Peer-review,Other,18-29,Other,Some college or Associate's degree,"$168,000 or more",Other,57.16666666666667,63,87,25,57,1,38,60,34,89,96,85,51,44,8,43,52.5,50.2,83,54,55,61.714285714285715,62.333333333333336,3,0
p00614,Peer-review,Other,30-44,Asian / Asian American,Less than high school,"Less than $30,000",Republican,50.66666666666667,67,48,24,68,72,46,41,44,30,75,43,50,99,58,31,37.25,44,35,61.666666666666664,72,56.285714285714285,54.833333333333336,10,1
p00615,Peer-review,Female,60+,Hispanic / Latino,Less than high school,"Less than $30,000",Independent,44.08333333333333,83,14,6,75,37,76,97,0,19,0,40,82,48,18,62,47.75,41.6,39,40.333333333333336,59,37.142857142857146,47.166666666666664,1,0
p00616,Peer-review,Other,60+,Other,Doctorate degree / Ph.D.,"$100,000 to $167,999",Democrat,51.166666666666664,41,42,71,57,79,6,54,65,62,62,35,40,14,20,0,49.75,66.6,22,32,45,41.714285714285715,58,3,0
p00617,Peer-review,Other,60+,Other,Some college or Associate's degree,"$168,000 or more",Democrat,57.83333333333333,93,77,48,83,64,97,82,73,0,29,40,8,21,32,17,31.25,62,64,23.333333333333332,36,39.142857142857146,45.166666666666664,3,0
p00618,Peer-review,Other,18-29,Black / African American,Some college or Associate's degree,"$56,000 to $99,999",Republican,48.416666666666664,35,58,78,29,84,67,29,43,29,49,47,33,57,63,20,41,40.2,32,66.33333333333333,0,54.42857142857143,55.166666666666664,0,0
p00619,Peer-review,Female,60+,Black / African American,Master's degree / Professional degree,"$168,000 or more",Republican,50.583333333333336,26,44,10,49,59,67,68,97,0,34,93,60,27,20,73,51.75,35.4,72,42,44,36.142857142857146,60.5,10,0
p00620,Peer-review,Other,45-59,Other,Bachelor's degree,"$56,000 to $99,999",Republican,38.16666666666667,25,29,63,15,48,63,9,51,40,59,0,56,19,45,21,65.5,55.2,36,26.666666666666668,0,51.142857142857146,49.166666666666664,5,0
p00621,Peer-review,Male,60+,Other,Doctorate degree / Ph.D.,"$100,000 to $167,999",Democrat,62.916666666666664,83,83,64,83,43,73,71,33,45,30,89,58,0,93,38,55,43.4,80,54,47,61,72.66666666666667,2,0
p00622,Peer-review,Male,18-29,Other,Less than high school,"Less than $30,000",Republican,51.5,28,49,64,71,54,22,42,58,38,87,55,50,0,61,31,53,47.6,34,37.333333333333336,64,43.714285714285715,63.5,9,0
p00623,Peer-review,Female,30-44,Other,Less than high school,"$56,000 to $99,999",Democrat,57.16666666666667,73,77,25,75,98,64,43,81,42,47,48,13,29,70,66,51.5,27.6,0,26.333333333333332,24,50.57142857142857,57.833333333333336,0,0
p00624,Peer-review,Male,45-59,Other,Doctorate degree / Ph.D.,"$56,000 to $99,999",Other,50.25,80,38,35,50,43,47,18,94,66,35,52,45,0,62,76,36.25,50.2,48,13,38,50.285714285714285,41,2,0
p00625,Peer-review,Male,60+,Asian / Asian American,Master's degree / Professional degree,"$168,000 or more",Independent,48.33333333333333,13,49,61,29,27,75,0,100,18,95,60,53,77,49,29,67.75,27.6,0,49.666666666666664,16,55,72.33333333333333,2,0
p00626,Peer-review,Male,45-59,White / Caucasian,Doctorate degree / Ph.D.,"Less than $30,000",Other,57.25,62,65,87,67,95,29,66,68,28,30,17,73,29,85,29,32.25,32.6,34,81,19,35.857142857142854,53.5,1,1
p00627,Peer-review,Other,30-44,Hispanic / Latino,Master's degree / Professional degree,"Less than $30,000",Independent,61.24999999999999,50,79,96,72,65,45,56,92,28,62,24,66,48,52,51,58.75,42.2,22,34.666666666666664,77,44.142857142857146,58.333333333333336,7,0
p00628,Peer-review,Male,30-44,Hispanic / Latino,Less than high school,"$56,000 to $99,999",Republican,44.916666666666664,0,90,82,35,34,22,67,49,20,68,16,56,78,67,56,57.75,31.6,76,39.666666666666664,8,66.57142857142857,58.666666666666664,2,0
p00629,Peer-review,Other,60+,Hispanic / Latino,Master's degree / Professional degree,"Less than $30,000",Other,42.08333333333333,53,61,64,0,87,11,25,60,0,19,67,58,23,21,45,29.25,43.4,18,32.333333333333336,52,40.57142857142857,32.166666666666664,6,0
p00630,Peer-review,Other,18-29,Black / African American,Less than high school,"$168,000 or more",Other,59.66666666666667,35,78,70,22,100,100,68,82,47,36,28,50,57,70,86,55,44,53,79.66666666666667,15,56.714285714285715,44.166666666666664,1,0
p00631,Peer-review,Female,18-29,Hispanic / Latino,Bachelor's degree,"$168,000 or more",Independent,37.33333333333333,11,81,54,19,81,33,2,6,11,30,66,54,73,55,96,59,36.2,89,47,38,60.857142857142854,59.666666666666664,0,1
p00632,Peer-review,Other,60+,Asian / Asian American,Master's degree / Professional degree,"$30,000 to $55,999",Other,51.08333333333333,52,19,82,36,64,93,8,56,65,56,47,35,40,0,21,45.75,41,23,68,40,48.142857142857146,42.5,10,0
p00633,Peer-review,Female,30-44,White / Caucasian,Master's degree / Professional degree,"Less than $30,000",Republican,55.83333333333333,55,53,56,40,37,65,100,39,46,75,42,62,62,86,29,48.75,40.4,32,42.666666666666664,80,50.857142857142854,46.666666666666664,1,0
p00634,Peer-review,Other,60+,Other,Master's degree / Professional degree,"$100,000 to $167,999",Other,55.58333333333333,82,48,87,91,42,84,29,37,41,55,30,41,46,57,54,25.5,50.6,30,11.333333333333334,44,55.285714285714285,57.666666666666664,8,0
p00635,Peer-review,Other,45-59,Other,Less than high school,"$168,000 or more",Independent,46.833333333333336,79,56,48,60,52,82,74,17,55,0,0,39,52,100,28,61.5,39,70,40,80,52.57142857142857,45.166666666666664,6,0
p00636,Peer-review,Other,60+,Other,Some college or Associate's degree,"$30,000 to $55,999",Other,45.5,16,71,48,26,93,59,17,61,30,28,40,57,50,78,13,70.75,47.6,80,47.333333333333336,67,45.57142857142857,50,10,1
p00637,Peer-review,Male,60+,Other,Master's degree / Professional degree,"Less than $30,000",Other,54.08333333333333,19,78,94,83,18,28,19,7,59,88,84,72,38,63,80,40,53.8,41,46,52,53.57142857142857,51.333333333333336,4,0
p00638,Peer-review,Male,60+,Hispanic / Latino,Master's degree / Professional degree,"$168,000 or more",Democrat,44.66666666666667,89,40,28,48,43,41,85,67,68,4,0,23,32,43,42,34.5,47.2,33,36,40,44.57142857142857,61.333333333333336,5,1
p00639,Peer-review,Male,60+,White / Caucasian,Doctorate degree / Ph.D.,"Less than $30,000",Independent,48,56,39,3,31,25,56,19,63,53,65,66,100,39,66,85,55.75,63.8,62,52.333333333333336,23,54.857142857142854,38.5,10,1
p00640,Peer-review,Other,18-29,Asian / Asian American,Some college or Associate's degree,"$168,000 or more",Independent,59.916666666666664,41,64,68,51,45,53,60,40,48,58,91,100,65,90,9,55.75,43.8,30,86,47,50,60.833333333333336,8,0
p00641,Peer-review,Male,45-59,Asian / Asian American,Doctorate degree / Ph.D.,"$30,000 to $55,999",Republican,45.5,55,8,44,49,17,11,38,88,100,40,62,34,71,68,33,31,52,74,28.666666666666668,36,34.57142857142857,41.333333333333336,0,0
p00642,Peer-review,Female,30-44,White / Caucasian,Some college or Associate's degree,"$100,000 to $167,999",Independent,48.166666666666664,72,28,96,39,83,34,8,16,45,13,100,44,99,70,16,47,58.8,42,8.333333333333334,47,47,49.833333333333336,8,0
p00643,Peer-review,Male,60+,White / Caucasian,Master's degree / Professional degree,"$56,000 to $99,999",Other,44.5,62,50,31,40,37,32,51,32,40,51,54,54,17,17,46,60.5,54,0,66.33333333333333,0,41.714285714285715,56,0,0
p00644,Peer-review,Other,45-59,Other,Doctorate degree / Ph.D.,"$100,000 to $167,999",Independent,49,12,35,45,83,76,76,27,35,48,55,52,44,70,31,62,54,52.8,61,34.666666666666664,46,57.857142857142854,62.333333333333336,9,0
p00645,Peer-review,Female,45-59,White / Caucasian,High school diploma / GED,"Less than $30,000",Independent,64.75,37,60,86,94,100,9,72,76,41,87,63,52,84,53,37,44.25,64.4,54,45,52,51.142857142857146,42.166666666666664,7,1
p00646,Peer-review,Female,45-59,Other,Bachelor's degree,"$30,000 to $55,999",Other,51.25,43,57,79,61,39,94,0,33,84,68,20,37,21,21,42,53,46.8,73,75,39,63,55.333333333333336,7,0
p00647,Peer-review,Other,60+,White / Caucasian,Some college or Associate's degree,"$168,000 or more",Republican,49.5,46,46,58,79,67,61,57,26,17,50,69,18,67,42,64,30.75,58.8,96,53,28,29.714285714285715,49.333333333333336,1,0
p00648,Peer-review,Male,45-59,White / Caucasian,Some college or Associate's degree,"Less than $30,000",Republican,49.083333333333336,9,58,34,51,25,51,49,32,100,75,67,38,56,40,65,48.5,50.2,32,46.666666666666664,91,25.142857142857142,51,8,0
p00649,Peer-review,Other,30-44,Other,Master's degree / Professional degree,"$168,000 or more",Other,49.583333333333336,77,18,91,90,83,0,64,34,5,76,25,32,30,61,36,67,39.8,72,33,71,56.42857142857143,31,1,0
p00650,Peer-review,Other,45-59,Asian / Asian American,Doctorate degree / Ph.D.,"$56,000 to $99,999",Other,49.416666666666664,57,66,23,40,50,57,31,59,19,100,40,51,50,0,98,56,43.4,36,55,100,47.57142857142857,56.666666666666664,9,0
p00651,Peer-review,Female,45-59,Asian / Asian American,Bachelor's degree,"$30,000 to $55,999",Independent,50.83333333333333,55,72,69,67,43,33,19,0,82,50,71,49,38,82,15,67,43.2,73,34.666666666666664,87,46.57142857142857,36,2,0
p00652,Peer-review,Male,30-44,Hispanic / Latino,Bachelor's degree,"$56,000 to $99,999",Democrat,42.333333333333336,72,89,51,11,38,70,30,31,11,76,29,0,45,51,37,49.5,45,1,46,49,56.857142857142854,51,5,0
p00653,Peer-review,Female,60+,Black / African American,Master's degree / Professional degree,"Less than $30,000",Democrat,46,25,28,61,0,69,66,55,82,0,42,27,97,51,57,27,65.75,61.4,33,55,26,27,45.166666666666664,3,0
p00654,Peer-review,Other,60+,Other,High school diploma / GED,"$56,000 to $99,999",Republican,55.41666666666667,9,82,51,30,45,49,42,24,77,78,85,93,29,16,63,36.5,46.6,56,38.666666666666664,38,34.142857142857146,57.5,3,0
p00655,Peer-review,Other,45-59,Hispanic / Latino,Less than high school,"$30,000 to $55,999",Republican,52.58333333333333,39,52,56,22,84,61,53,7,14,80,92,71,58,34,16,37,51.8,28,49.333333333333336,28,44.42857142857143,32.333333333333336,10,0
p00656,Peer-review,Other,60+,Other,Less than high school,"$168,000 or more",Other,45.75,0,30,57,60,30,55,67,6,91,19,76,58,82,3,54,34.25,46.2,41,68.33333333333333,48,21.714285714285715,38.166666666666664,1,0
p00657,Peer-review,Other,60+,Asian / Asian American,Less than high school,"$30,000 to $55,999",Other,44.083333333333336,74,26,65,15,75,26,58,0,66,29,21,74,0,68,59,30.5,47.4,42,41.333333333333336,82,45.285714285714285,37,3,0
p00658,Peer-review,Female,45-59,Asian / Asian American,Bachelor's degree,"$100,000 to $167,999",Other,57.166666666666664,50,14,68,61,42,53,46,93,43,85,98,33,35,32,0,57,56.2,32,45.333333333333336,46,52.714285714285715,43.333333333333336,10,1
p00659,Peer-review,Female,60+,Asian / Asian American,Bachelor's degree,"$168,000 or more",Republican,64.91666666666667,59,74,94,54,87,29,47,98,64,60,44,69,50,89,88,49.25,55.8,80,91.66666666666667,38,68.85714285714286,44,5,0
p00660,Peer-review,Other,30-44,Other,Doctorate degree / Ph.D.,"$100,000 to $167,999",Democrat,49.74999999999999,21,91,71,67,31,33,0,61,37,80,56,49,74,31,0,55.75,64.8,80,57,65,43.42857142857143,27,8,0
p00661,Scientist community helpers,Male,30-44,Asian / Asian American,Less than high school,"Less than $30,000",Independent,44.58333333333333,4,79,39,98,46,60,14,32,10,40,46,67,89,46,20,34.5,37.2,1,61,28,42.285714285714285,44.666666666666664,3,1
p00662,Scientist community helpers,Female,30-44,Asian / Asian American,Less than high school,"$100,000 to $167,999",Other,35.33333333333333,17,0,0,60,25,20,62,88,14,35,63,40,67,60,76,44,57.8,54,31.333333333333332,56,43.714285714285715,34.5,5,0
p00663,Scientist community helpers,Male,60+,White / Caucasian,Doctorate degree / Ph.D.,"$100,000 to $167,999",Other,51.25,0,31,58,67,89,73,40,33,34,79,66,45,69,59,46,51.75,47,38,55.333333333333336,14,52.42857142857143,59.166666666666664,9,0
p00664,Scientist community helpers,Female,60+,Black / African American,High school diploma / GED,"$168,000 or more",Independent,60.416666666666664,47,45,56,62,65,100,53,81,30,53,84,49,1,28,36,66,47,87,47.333333333333336,42,27.285714285714285,51.666666666666664,1,0
p00665,Scientist community helpers,Other,60+,Other,Master's degree / Professional degree,"$168,000 or more",Independent,50.5,91,51,16,40,83,43,18,86,14,96,45,23,53,45,92,8,61.2,24,40.666666666666664,66,42.142857142857146,57,1,0
p00666,Scientist community helpers,Female,45-59,Black / African American,Doctorate degree / Ph.D.,"$168,000 or more",Other,55.5,32,99,78,15,48,27,12,87,45,75,48,100,78,54,36,40.75,29.8,38,46.666666666666664,100,45.285714285714285,42.833333333333336,3,0
p00667,Scientist community helpers,Male,18-29,Hispanic / Latino,Bachelor's degree,"Less than $30,000",Republican,61.66666666666667,11,82,75,38,58,64,56,66,66,57,74,93,59,38,59,43.25,41.8,55,26.333333333333332,53,52.714285714285715,48.833333333333336,3,1
p00668,Scientist community helpers,Female,45-59,Asian / Asian American,High school diploma / GED,"$30,000 to $55,999",Other,41.99999999999999,55,24,99,44,86,63,7,43,12,17,23,31,48,50,100,45,46.2,2,68.66666666666667,56,63.57142857142857,48.666666666666664,1,1
p00669,Scientist community helpers,Female,60+,Hispanic / Latino,High school diploma / GED,"$30,000 to $55,999",Republican,40.5,70,13,41,31,8,79,3,20,77,74,34,36,29,11,27,35,49.2,68,29.666666666666668,32,41.285714285714285,60.5,9,0
p00670,Scientist community helpers,Male,45-59,Hispanic / Latino,High school diploma / GED,"$56,000 to $99,999",Republican,61.75,35,7,93,65,48,61,76,100,32,44,92,88,100,50,31,49.5,43.6,50,64.66666666666667,11,81,52.333333333333336,10,0
p00671,Scientist community helpers,Other,60+,Other,Bachelor's degree,"$168,000 or more",Other,54,36,52,52,68,70,17,64,98,32,50,43,66,81,33,60,73,41.2,47,80.33333333333333,69,52.714285714285715,60,6,0
p00672,Scientist community helpers,Other,18-29,White / Caucasian,Bachelor's degree,"$168,000 or more",Republican,59.666666666666664,100,38,59,52,100,38,55,50,53,40,83,48,74,53,92,78.25,59,93,56.333333333333336,76,39.57142857142857,52,8,1
p00673,Scientist community helpers,Other,30-44,Hispanic / Latino,Less than high school,"Less than $30,000",Independent,67.91666666666667,67,89,74,65,100,38,58,78,42,64,67,73,15,27,67,41.25,69.4,48,53.333333333333336,60,58.714285714285715,50,8,0
p00674,Scientist community helpers,Female,30-44,Black / African American,High school diploma / GED,"$56,000 to $99,999",Republican,55.666666666666664,94,19,89,27,71,38,50,61,69,57,30,63,61,34,53,49.5,56.2,71,48,34,62.57142857142857,41.333333333333336,8,0
p00675,Scientist community helpers,Female,45-59,Hispanic / Latino,Bachelor's degree,"$56,000 to $99,999",Independent,45.33333333333333,100,95,37,99,45,26,20,0,0,43,16,63,71,62,30,45.5,56.4,59,28.333333333333332,62,56.714285714285715,49,4,0
p00676,Scientist community helpers,Female,45-59,Other,Master's degree / Professional degree,"$30,000 to $55,999",Democrat,45.5,47,66,4,86,40,73,65,28,58,60,19,0,25,60,47,64.5,30.8,47,31,18,46.285714285714285,45.333333333333336,10,0
p00677,Scientist community helpers,Male,60+,Hispanic / Latino,Less than high school,"$168,000 or more",Democrat,49.25,0,35,69,80,60,74,37,65,49,73,16,33,0,61,17,57.5,31.4,67,14,55,42,59.5,7,0
p00678,Scientist community helpers,Male,45-59,Black / African American,Less than high school,"$56,000 to $99,999",Other,38.333333333333336,0,44,8,87,0,76,89,41,55,0,49,11,34,46,81,70,67.6,76,20.666666666666668,59,53.42857142857143,58.5,3,0
p00679,Scientist community helpers,Other,45-59,Hispanic / Latino,High school diploma / GED,"Less than $30,000",Democrat,46.75,81,36,17,43,16,70,63,80,61,0,59,35,49,84,48,45.75,64.2,28,73.33333333333333,63,47.42857142857143,56.333333333333336,10,0
p00680,Scientist community helpers,Other,30-44,White / Caucasian,Bachelor's degree,"Less than $30,000",Republican,64.25,100,59,56,52,95,100,0,81,45,61,89,33,77,53,87,44,55.8,80,59.666666666666664,61,44.142857142857146,33.166666666666664,10,0
p00681,Scientist community helpers,Male,30-44,Hispanic / Latino,Doctorate degree / Ph.D.,"$56,000 to $99,999",Democrat,31.833333333333336,0,82,48,20,11,47,50,1,0,26,46,51,74,36,0,66,63.2,35,46.666666666666664,100,50.285714285714285,60.333333333333336,9,0
p00682,Scientist community helpers,Other,18-29,Black / African American,Some college or Associate's degree,"$56,000 to $99,999",Independent,42.333333333333336,29,15,67,3,42,73,50,66,17,28,74,44,63,100,77,51.5,38.6,37,52.666666666666664,57,56.857142857142854,53.833333333333336,8,0
p00683,Scientist community helpers,Other,45-59,Other,Master's degree / Professional degree,"$100,000 to $167,999",Democrat,51.416666666666664,42,75,39,65,64,89,0,21,55,34,77,56,38,70,94,43.75,43.8,0,27.666666666666668,48,42.42857142857143,45.666666666666664,3,0
p00684,Scientist community helpers,Male,60+,Black / African American,Bachelor's degree,"$56,000 to $99,999",Independent,51.666666666666664,39,48,19,36,90,92,97,32,56,57,25,29,79,97,44,53.5,51.6,60,33,57,44,41.833333333333336,9,0
p00685,Scientist community helpers,Female,45-59,Black / African American,Doctorate degree / Ph.D.,"Less than $30,000",Republican,50.666666666666664,54,61,100,16,20,98,86,61,11,48,29,24,69,41,61,74,52.6,62,37.333333333333336,39,51.714285714285715,62.833333333333336,10,0
p00686,Scientist community helpers,Other,45-59,Other,Bachelor's degree,"$100,000 to $167,999",Independent,34.74999999999999,44,34,62,58,19,40,46,44,35,35,0,0,83,39,86,45.5,54,53,66.33333333333333,60,75,36.666666666666664,1,0
p00687,Scientist community helpers,Male,45-59,Asian / Asian American,Some college or Associate's degree,"Less than $30,000",Independent,49.5,30,30,34,52,61,40,72,19,54,40,100,62,79,18,39,60.5,59.8,24,56,37,53.857142857142854,69.5,1,0
p00688,Scientist community helpers,Other,60+,White / Caucasian,Less than high school,"$100,000 to $167,999",Other,52.83333333333333,68,9,22,63,29,68,57,76,34,15,93,100,39,48,58,69.75,57.4,100,22.333333333333332,56,61.57142857142857,50.333333333333336,3,1
p00689,Scientist community helpers,Other,60+,Black / African American,Master's degree / Professional degree,"$30,000 to $55,999",Republican,55.08333333333333,95,43,21,67,72,29,56,57,83,100,31,7,36,87,0,73,67.4,59,55.666666666666664,100,39.714285714285715,48.666666666666664,2,0
p00690,Scientist community helpers,Female,60+,Asian / Asian American,Doctorate degree / Ph.D.,"$100,000 to $167,999",Democrat,44.41666666666667,53,0,40,39,37,44,94,49,32,83,23,39,68,54,63,63.25,47.6,42,48,80,59.285714285714285,58.166666666666664,1,0
p00691,Scientist community helpers,Female,30-44,Hispanic / Latino,Some college or Associate's degree,"$30,000 to $55,999",Democrat,56.5,52,61,92,0,85,44,81,78,100,5,24,56,54,71,84,67.75,57.2,42,40.666666666666664,28,26.428571428571427,66.83333333333333,4,1
p00692,Scientist community helpers,Male,60+,White / Caucasian,Bachelor's degree,"Less than $30,000",Republican,55.25000000000001,70,66,82,61,39,76,12,56,62,8,75,56,68,47,27,47.25,69,65,65.33333333333333,67,51.714285714285715,64.16666666666667,8,0
p00693,Scientist community helpers,Female,45-59,White / Caucasian,Doctorate degree / Ph.D.,"$30,000 to $55,999",Independent,53.416666666666664,30,57,73,74,61,85,63,53,50,31,31,33,35,67,39,47,56.4,13,41.666666666666664,67,48.285714285714285,54,0,0
p00694,Scientist community helpers,Other,45-59,Other,High school diploma / GED,"$168,000 or more",Democrat,55.666666666666664,52,94,16,46,49,91,47,67,21,5,82,98,92,59,41,46.75,40.8,48,57,81,46,59.5,4,0
p00695,Scientist community helpers,Male,60+,Black / African American,Some college or Associate's degree,"$168,000 or more",Independent,55.66666666666667,15,57,64,50,66,16,90,47,80,55,52,76,33,74,8,37.5,40.2,56,38.333333333333336,47,29.428571428571427,54.5,4,0
p00696,Scientist community helpers,Female,18-29,Black / African American,High school diploma / GED,"$100,000 to $167,999",Republican,64.66666666666667,60,66,58,86,51,71,19,65,100,11,100,89,53,91,33,46.5,49.4,3,39.333333333333336,21,47.142857142857146,51.333333333333336,9,1
p00697,Scientist community helpers,Male,60+,Other,Less than high school,"$100,000 to $167,999",Independent,46.16666666666667,76,64,23,28,58,19,66,33,16,28,86,57,34,44,13,53.75,31.8,47,33.333333333333336,48,38.714285714285715,58,10,0
p00698,Scientist community helpers,Female,60+,Asian / Asian American,Master's degree / Professional degree,"$30,000 to $55,999",Democrat,39.833333333333336,35,16,86,38,9,77,73,32,37,32,28,15,16,62,29,59,32.2,85,79,0,50.42857142857143,46.166666666666664,1,0
p00699,Scientist community helpers,Female,18-29,Other,Less than high school,"$56,000 to $99,999",Independent,69.5,62,52,55,100,73,99,28,83,77,88,74,43,51,67,38,62,44,81,38,71,64,47.833333333333336,3,1
p00700,Scientist community helpers,Other,60+,Asian / Asian American,Less than high school,"$56,000 to $99,999",Democrat,56.41666666666667,67,86,36,67,46,68,51,60,18,56,82,40,49,11,69,41.75,59,0,30.333333333333332,0,47.142857142857146,59.666666666666664,4,1
p00701,Scientist community helpers,Female,18-29,White / Caucasian,Doctorate degree / Ph.D.,"Less than $30,000",Republican,62.916666666666664,31,52,79,47,100,93,19,39,70,55,100,70,53,32,89,29.25,58.2,0,63.333333333333336,12,55.42857142857143,57.333333333333336,2,0
p00702,Scientist community helpers,Other,30-44,Other,Bachelor's degree,"$100,000 to $167,999",Democrat,62.75,69,10,24,100,83,19,81,54,87,82,44,100,27,87,97,49,81,75,48,19,51.142857142857146,37,10,0
p00703,Scientist community helpers,Other,18-29,Other,Bachelor's degree,"$168,000 or more",Other,50.416666666666664,43,75,10,63,66,47,70,71,46,46,22,46,24,57,33,50.5,55.8,61,56.666666666666664,100,45.142857142857146,41.5,5,1
p00704,Scientist community helpers,Other,60+,Other,Less than high school,"$30,000 to $55,999",Other,48.583333333333336,50,47,62,72,80,75,46,65,23,14,20,29,0,0,18,31.75,44.6,67,31.666666666666668,85,51.57142857142857,55,8,0
p00705,Scientist community helpers,Male,30-44,Asian / Asian American,Bachelor's degree,"$100,000 to $167,999",Independent,38.833333333333336,19,83,97,77,7,26,13,35,27,14,34,34,83,44,95,41.5,27.4,46,52,38,57.285714285714285,59.833333333333336,0,1
p00706,Scientist community helpers,Other,45-59,White / Caucasian,Less than high school,"$168,000 or more",Democrat,47.416666666666664,51,62,24,39,36,41,77,55,33,6,45,100,36,66,74,49.5,40.2,9,53.666666666666664,47,46.285714285714285,54.666666666666664,5,0
p00707,Scientist community helpers,Other,60+,White / Caucasian,Some college or Associate's degree,"Less than $30,000",Republican,30.749999999999996,65,51,66,34,18,34,0,0,34,17,41,9,30,81,27,28.5,46,61,44.333333333333336,3,62.142857142857146,36.666666666666664,8,0
p00708,Scientist community helpers,Female,60+,White / Caucasian,Less than high school,"$30,000 to $55,999",Democrat,51.24999999999999,50,33,54,42,32,58,90,76,58,36,61,25,55,14,74,70.5,52.4,23,88,43,31.285714285714285,53,1,0
p00709,Scientist community helpers,Other,30-44,Black / African American,Some college or Associate's degree,"Less than $30,000",Other,28.500000000000004,43,25,22,16,53,17,50,41,10,5,12,48,66,78,12,60.75,55,82,28,57,56,38.333333333333336,6,0
p00710,Scientist community helpers,Male,60+,Asian / Asian American,Some college or Associate's degree,"Less than $30,000",Republican,51.416666666666664,23,89,11,70,28,59,72,78,71,19,49,48,78,21,78,48.25,35,11,46.333333333333336,20,34.857142857142854,52.166666666666664,4,0
p00711,Scientist community helpers,Other,45-59,Other,Doctorate degree / Ph.D.,"Less than $30,000",Democrat,41.416666666666664,22,16,0,57,7,60,40,29,77,69,83,37,73,70,58,77.5,48.2,10,58.333333333333336,92,64.85714285714286,51.666666666666664,9,0
p00712,Scientist community helpers,Female,18-29,Black / African American,High school diploma / GED,"$100,000 to $167,999",Republican,36.916666666666664,40,63,22,38,48,32,28,58,24,40,15,35,77,20,65,50.5,30.4,11,30.333333333333332,69,46.57142857142857,68,8,0
p00713,Scientist community helpers,Male,60+,Asian / Asian American,Some college or Associate's degree,"$168,000 or more",Republican,47.5,12,92,54,59,37,10,75,47,16,20,68,80,51,60,43,30,40.6,53,43.333333333333336,48,59.857142857142854,51.166666666666664,8,0
p00714,Scientist community helpers,Other,60+,White / Caucasian,Less than high school,"$30,000 to $55,999",Democrat,57.833333333333336,77,50,0,100,53,62,62,84,51,97,6,52,66,0,63,27.75,59.4,13,37,65,60,57.5,0,0
p00715,Scientist community helpers,Male,60+,White / Caucasian,Bachelor's degree,"$56,000 to $99,999",Democrat,40.25,40,78,68,45,39,27,62,58,28,0,0,38,63,58,20,46.5,54.6,34,63,56,44.857142857142854,52.166666666666664,7,0
p00716,Scientist community helpers,Other,30-44,White / Caucasian,Doctorate degree / Ph.D.,"$100,000 to $167,999",Other,51,57,3,100,68,49,29,59,45,70,95,27,10,65,0,87,52,45.6,72,55,50,56.57142857142857,18,0,1
p00717,Scientist community helpers,Female,30-44,Hispanic / Latino,Master's degree / Professional degree,"$168,000 or more",Other,44.91666666666667,91,73,26,75,0,44,28,38,70,55,39,0,48,24,57,67.5,43.6,72,46.333333333333336,50,40.857142857142854,62.166666666666664,4,0
p00718,Scientist community helpers,Male,60+,Hispanic / Latino,High school diploma / GED,"$30,000 to $55,999",Other,42.49999999999999,45,43,52,39,59,30,44,27,49,34,30,58,65,54,0,46.5,44.8,79,33.666666666666664,25,40,54.5,5,0
p00719,Scientist community helpers,Male,60+,Other,Doctorate degree / Ph.D.,"Less than $30,000",Democrat,60.08333333333333,94,66,36,34,53,33,47,27,77,90,93,71,0,75,66,57.75,47.8,44,55,36,55.857142857142854,53.166666666666664,7,0
p00720,Scientist community helpers,Female,18-29,Asian / Asian American,Doctorate degree / Ph.D.,"$56,000 to $99,999",Democrat,55.91666666666667,41,100,60,59,76,7,5,100,37,100,28,58,80,0,54,39.5,60.4,10,53.666666666666664,11,42.42857142857143,49.166666666666664,6,0
p00721,Consensus,Male,45-59,White / Caucasian,Some college or Associate's degree,"$100,000 to $167,999",Independent,55.58333333333333,83,69,73,20,67,71,29,19,92,81,6,57,56,12,45,35.5,38.8,89,42.666666666666664,2,48.42857142857143,52.166666666666664,6,0
p00722,Consensus,Male,60+,Black / African American,Doctorate degree / Ph.D.,"$100,000 to $167,999",Independent,57.83333333333333,63,37,35,58,47,17,79,84,42,96,83,53,61,69,95,56.25,42.2,30,52.666666666666664,77,49.57142857142857,27,5,0
p00723,Consensus,Female,30-44,Hispanic / Latino,Some college or Associate's degree,"$56,000 to $99,999",Independent,50.66666666666667,0,57,87,34,15,99,66,42,70,52,38,48,27,56,9,49.75,57.6,1,20.666666666666668,35,52.142857142857146,62.666666666666664,6,0
p00724,Consensus,Female,30-44,Hispanic / Latino,Bachelor's degree,"Less than $30,000",Democrat,53.25000000000001,49,71,66,57,52,45,22,49,68,54,70,36,21,42,35,37,31.8,40,60,15,57.857142857142854,51.666666666666664,1,0
p00725,Consensus,Female,45-59,Other,Less than high school,"$30,000 to $55,999",Independent,48.75,16,98,18,0,38,84,36,49,48,70,81,47,51,75,75,51.25,58.8,100,40.333333333333336,40,42.142857142857146,72,2,0
p00726,Consensus,Female,45-59,White / Caucasian,High school diploma / GED,"$100,000 to $167,999",Republican,36.333333333333336,76,0,56,61,17,49,49,31,18,21,4,54,62,28,19,33.75,49.8,18,50,62,44.285714285714285,63.5,6,1
p00727,Consensus,Female,60+,Black / African American,High school diploma / GED,"$168,000 or more",Other,46.25,74,14,59,61,72,52,17,8,77,52,0,69,31,52,25,75.25,53,26,40.666666666666664,24,47.285714285714285,62,7,0
p00728,Consensus,Other,30-44,Other,Bachelor's degree,"$100,000 to $167,999",Other,58.58333333333333,42,41,84,46,82,32,28,53,78,79,62,76,63,35,49,43.5,64.8,44,69.33333333333333,28,53.142857142857146,42.5,0,0
p00729,Consensus,Male,30-44,Hispanic / Latino,High school diploma / GED,"$56,000 to $99,999",Democrat,41.666666666666664,0,79,30,65,25,24,17,90,90,20,45,15,73,45,41,45.75,36.2,38,77,74,53.42857142857143,26.666666666666668,9,0
p00730,Consensus,Female,18-29,White / Caucasian,Doctorate degree / Ph.D.,"Less than $30,000",Other,41.41666666666667,19,30,82,22,32,22,78,28,60,61,9,54,25,83,44,42.5,60.2,37,33,20,65.14285714285714,45.666666666666664,1,0
p00731,Consensus,Male,60+,Other,Doctorate degree / Ph.D.,"$56,000 to $99,999",Democrat,61.91666666666667,47,100,32,98,7,46,70,82,40,100,64,57,55,31,59,64.75,57.8,61,63.666666666666664,57,66,57.833333333333336,3,0
p00732,Consensus,Male,60+,Other,Doctorate degree / Ph.D.,"Less than $30,000",Democrat,36.66666666666667,61,25,0,0,51,72,75,38,33,6,28,51,66,44,30,58.5,49.8,35,47,76,66.85714285714286,62,5,0
p00733,Consensus,Male,60+,Asian / Asian American,Bachelor's degree,"$56,000 to $99,999",Other,57.083333333333336,16,63,81,80,17,74,71,58,51,80,53,41,57,36,58,68.75,44.2,50,61,98,39,37.5,8,1
p00734,Consensus,Female,45-59,Other,High school diploma / GED,"$168,000 or more",Republican,51.416666666666664,87,4,73,43,33,65,75,21,43,72,39,62,83,3,0,53.5,38.8,65,35.333333333333336,37,45,50,3,1
p00735,Consensus,Male,45-59,Asian / Asian American,Some college or Associate's degree,"$100,000 to $167,999",Other,50.16666666666667,72,78,34,67,0,75,0,22,100,66,79,9,23,65,0,78.75,40.4,45,66.33333333333333,17,51.857142857142854,76.5,9,0
p00736,Consensus,Female,60+,White / Caucasian,Doctorate degree / Ph.D.,"$100,000 to $167,999",Independent,43.833333333333336,46,46,47,77,46,83,33,68,10,0,48,22,84,42,66,41.75,32.6,46,71.33333333333333,46,39.42857142857143,74.83333333333333,3,0
p00737,Consensus,Male,45-59,Asian / Asian American,High school diploma / GED,"$30,000 to $55,999",Independent,49.916666666666664,11,21,41,100,51,81,67,48,49,30,61,39,9,22,0,63.75,66.4,72,33.333333333333336,20,42,83.33333333333333,3,0
p00738,Consensus,Other,60+,Asian / Asian American,Doctorate degree / Ph.D.,"$56,000 to $99,999",Republican,50.33333333333333,74,91,64,3,54,79,13,22,55,63,38,48,76,25,54,56.25,60.4,58,60,73,49,59.333333333333336,4,0
p00739,Consensus,Other,45-59,Other,Less than high school,"$168,000 or more",Democrat,36.333333333333336,69,54,39,3,61,0,72,10,1,11,65,51,100,24,38,25.75,55.8,67,31.666666666666668,41,44.42857142857143,57.333333333333336,4,1
p00740,Consensus,Male,60+,White / Caucasian,High school diploma / GED,"$168,000 or more",Republican,63.91666666666667,100,100,4,80,19,42,88,63,97,100,26,48,65,0,26,65.75,35.8,23,57,64,63.857142857142854,43.166666666666664,2,0
p00741,Consensus,Male,30-44,Asian / Asian American,Some college or Associate's degree,"$56,000 to $99,999",Republican,48,41,30,53,39,49,57,0,53,35,76,80,63,70,45,30,38.25,62.2,100,61.333333333333336,31,52.285714285714285,49.333333333333336,4,0
p00742,Consensus,Other,45-59,White / Caucasian,Doctorate degree / Ph.D.,"$56,000 to $99,999",Other,50.166666666666664,39,37,89,83,33,64,65,31,11,71,57,22,9,91,22,42,58.2,100,63.666666666666664,39,61.57142857142857,55.333333333333336,8,0
p00743,Consensus,Other,18-29,White / Caucasian,Some college or Associate's degree,"$100,000 to $167,999",Democrat,52.5,64,23,100,83,7,62,94,46,26,37,49,39,38,9,75,46.75,69.6,34,27,36,59,45.333333333333336,7,0
p00744,Consensus,Male,45-59,Hispanic / Latino,High school diploma / GED,"$168,000 or more",Independent,54.666666666666664,23,65,32,51,78,100,31,54,60,98,37,27,45,68,61,56.5,44.4,50,61.666666666666664,63,34.857142857142854,55.833333333333336,9,0
p00745,Consensus,Other,60+,Asian / Asian American,Master's degree / Professional degree,"$56,000 to $99,999",Republican,50.583333333333336,7,52,42,53,46,97,52,93,30,47,25,63,55,38,97,51.5,39.2,50,56.666666666666664,52,57.42857142857143,46.166666666666664,6,0
p00746,Consensus,Other,30-44,Asian / Asian American,High school diploma / GED,"$100,000 to $167,999",Independent,48.91666666666667,0,61,62,55,13,24,28,79,33,84,100,48,55,82,46,42.75,20,55,52,65,45.57142857142857,47.833333333333336,6,1
p00747,Consensus,Other,30-44,Other,High school diploma / GED,"$30,000 to $55,999",Other,40.99999999999999,46,38,15,72,66,23,36,11,87,84,0,14,82,71,0,12.25,59.8,77,28.666666666666668,65,60.714285714285715,57.166666666666664,8,0
p00748,Consensus,Male,30-44,Black / African American,Less than high school,"Less than $30,000",Democrat,47.833333333333336,51,81,0,44,62,50,65,48,50,51,30,42,57,57,90,59.5,63.8,73,51.666666666666664,10,48.714285714285715,43.166666666666664,7,0
p00749,Consensus,Male,18-29,Black / African American,Doctorate degree / Ph.D.,"$168,000 or more",Republican,63.25,64,100,60,56,70,46,91,32,57,57,43,83,47,83,30,22.75,40.6,38,59,59,70.71428571428571,52.5,2,1
p00750,Consensus,Male,60+,Asian / Asian American,Less than high school,"$100,000 to $167,999",Other,47.333333333333336,82,19,82,9,51,75,100,0,68,20,45,17,54,37,68,45.25,40.4,44,50.333333333333336,54,46,49.166666666666664,3,0
p00751,Consensus,Female,30-44,Black / African American,Bachelor's degree,"$56,000 to $99,999",Independent,56.25000000000001,24,74,35,63,72,51,75,60,85,13,72,51,39,42,56,45.25,47,66,58,80,48.42857142857143,48.333333333333336,6,0
p00752,Consensus,Other,45-59,White / Caucasian,Master's degree / Professional degree,"$168,000 or more",Republican,43.83333333333333,65,18,19,47,29,61,100,37,64,39,47,0,97,59,50,48,41.6,75,38.666666666666664,57,51.285714285714285,52.833333333333336,2,1
p00753,Consensus,Male,45-59,Hispanic / Latino,Bachelor's degree,"$168,000 or more",Democrat,49.25,77,56,49,32,42,43,75,3,40,21,100,53,30,24,47,55.25,53.4,60,68.66666666666667,68,68.57142857142857,37.333333333333336,3,0
p00754,Consensus,Male,30-44,Hispanic / Latino,Some college or Associate's degree,"Less than $30,000",Other,51.25,61,22,18,42,75,74,29,65,64,22,80,63,45,52,83,63.25,33.4,43,53.666666666666664,86,59.42857142857143,46.333333333333336,10,0
p00755,Consensus,Female,45-59,Other,Less than high school,"$30,000 to $55,999",Republican,45.916666666666664,3,97,33,44,23,30,83,71,36,41,57,33,22,73,53,49.75,48.2,23,42.333333333333336,59,48.42857142857143,36.666666666666664,3,0
p00756,Consensus,Female,60+,Asian / Asian American,Master's degree / Professional degree,"$168,000 or more",Independent,59.166666666666664,82,60,46,93,84,47,23,33,93,87,18,44,65,75,75,36,50.2,84,31.333333333333332,100,45.285714285714285,47.166666666666664,0,1
p00757,Consensus,Other,60+,White / Caucasian,Doctorate degree / Ph.D.,"$30,000 to $55,999",Republican,59.41666666666667,93,75,59,80,86,16,53,73,15,25,50,88,39,54,21,55.25,60.2,36,54.333333333333336,11,57.57142857142857,42.666666666666664,10,0
p00758,Consensus,Male,18-29,Asian / Asian American,Less than high school,"Less than $30,000",Independent,54.666666666666664,23,67,73,76,31,46,64,62,41,63,68,42,21,23,73,52.5,46.4,9,46.666666666666664,80,50.57142857142857,38.333333333333336,7,0
p00759,Consensus,Other,60+,Other,Master's degree / Professional degree,"$56,000 to $99,999",Independent,68.91666666666666,100,85,82,34,90,56,37,90,66,100,52,35,74,73,32,71.5,21.4,60,57.333333333333336,44,43,43.833333333333336,3,0
p00760,Consensus,Male,45-59,White / Caucasian,Master's degree / Professional degree,"$168,000 or more",Republican,58.75,19,63,48,33,89,88,27,47,82,63,88,58,64,45,52,50,72.6,61,54.666666666666664,37,38.57142857142857,52.833333333333336,3,1
p00761,Consensus,Female,60+,Black / African American,Less than high school,"$56,000 to $99,999",Other,44.583333333333336,64,82,72,100,37,0,11,50,9,91,19,0,44,56,31,45.5,50,30,24.333333333333332,36,39.857142857142854,49,4,0
p00762,Consensus,Other,30-44,White / Caucasian,Master's degree / Professional degree,"Less than $30,000",Democrat,53.41666666666667,53,32,14,51,83,60,46,69,62,41,67,63,85,52,73,39.25,65.4,63,21.666666666666668,60,46.857142857142854,47.666666666666664,4,0
p00763,Consensus,Female,45-59,White / Caucasian,Less than high school,"$30,000 to $55,999",Democrat,36.166666666666664,43,0,32,18,0,64,78,22,65,25,35,52,69,9,32,56.25,36.4,52,61.333333333333336,27,49.142857142857146,57,10,1
p00764,Consensus,Female,45-59,Other,Less than high school,"Less than $30,000",Independent,63.83333333333333,29,74,100,100,69,0,46,100,39,76,90,43,47,59,34,27,39.6,52,37.666666666666664,24,54.285714285714285,42.666666666666664,7,0
p00765,Consensus,Female,18-29,Asian / Asian American,Bachelor's degree,"Less than $30,000",Independent,59.83333333333333,77,85,30,87,60,58,0,68,43,47,100,63,74,10,71,49.75,47.8,27,60,0,52.57142857142857,54.333333333333336,4,0
p00766,Consensus,Other,60+,White / Caucasian,Doctorate degree / Ph.D.,"$168,000 or more",Independent,56.66666666666667,48,53,84,47,73,19,80,89,25,38,55,69,0,76,22,63.75,54,36,20,100,43.142857142857146,32.666666666666664,1,0
p00767,Consensus,Male,60+,White / Caucasian,Master's degree / Professional degree,"$56,000 to $99,999",Republican,55,0,33,37,63,57,63,41,29,66,97,83,91,74,16,62,50.75,66.6,34,56.666666666666664,73,35.57142857142857,44.333333333333336,10,0
p00768,Consensus,Female,60+,White / Caucasian,Master's degree / Professional degree,"$56,000 to $99,999",Democrat,46.66666666666667,13,68,79,84,78,57,39,28,39,68,0,7,34,2,54,66,58,57,29.666666666666668,0,61.285714285714285,31.666666666666668,1,0
p00769,Consensus,Other,18-29,White / Caucasian,Some college or Associate's degree,"$168,000 or more",Republican,53.25,100,19,21,72,12,59,100,43,42,94,4,73,39,94,41,32.75,77,72,22.666666666666668,0,63.57142857142857,43.166666666666664,0,1
p00770,Consensus,Male,45-59,Black / African American,Less than high school,"$56,000 to $99,999",Independent,67.16666666666667,66,76,78,57,73,76,53,39,44,65,79,100,34,54,41,37.5,47.8,69,35.333333333333336,60,58.42857142857143,57.333333333333336,3,0
p00771,Consensus,Female,60+,Other,Some college or Associate's degree,"Less than $30,000",Other,42.833333333333336,40,26,40,35,68,51,52,36,64,48,49,5,100,71,62,46,40.8,87,53.333333333333336,36,40.285714285714285,54.666666666666664,6,1
p00772,Consensus,Female,60+,Asian / Asian American,High school diploma / GED,"$30,000 to $55,999",Democrat,65.5,56,100,73,6,30,93,60,100,100,37,62,69,34,69,43,52.5,52.8,93,21.333333333333332,45,60.857142857142854,46.5,5,0
p00773,Consensus,Female,18-29,White / Caucasian,Master's degree / Professional degree,"$56,000 to $99,999",Other,58.5,82,53,65,78,38,27,56,100,66,86,0,51,58,35,12,51.5,44.6,77,51,42,41.57142857142857,43.5,10,0
p00774,Consensus,Female,60+,Hispanic / Latino,Some college or Associate's degree,"Less than $30,000",Republican,55.083333333333336,40,57,0,48,49,99,29,79,76,88,70,26,74,19,48,50.75,46.8,67,67.33333333333333,42,41.142857142857146,74.16666666666667,9,0
p00775,Consensus,Other,30-44,White / Caucasian,Master's degree / Professional degree,"$30,000 to $55,999",Democrat,59.99999999999999,46,76,55,83,81,74,89,75,3,73,43,22,57,2,26,43.75,69.8,58,62,4,51,55,8,0
p00776,Consensus,Other,30-44,Other,Master's degree / Professional degree,"$100,000 to $167,999",Democrat,60.08333333333333,35,33,64,84,49,62,61,40,88,60,45,100,100,44,0,37.75,43.6,62,27.333333333333332,48,44,57,4,0
p00777,Consensus,Other,30-44,Other,Less than high school,"$168,000 or more",Independent,56.91666666666667,78,58,58,0,87,53,51,86,100,66,13,33,41,15,31,34.75,36.2,81,46.333333333333336,100,52.42857142857143,47.333333333333336,5,0
p00778,Consensus,Male,45-59,Other,Bachelor's degree,"$56,000 to $99,999",Republican,51.333333333333336,36,88,48,95,21,19,47,37,51,35,69,70,40,0,97,29,66.4,60,46.666666666666664,25,53.42857142857143,56.666666666666664,7,1
p00779,Consensus,Female,30-44,Other,High school diploma / GED,"$56,000 to $99,999",Republican,43.25,52,13,14,76,85,50,9,68,1,54,62,35,24,27,52,43.75,37.6,48,56,14,58.857142857142854,50.833333333333336,8,0
p00780,Consensus,Female,45-59,White / Caucasian,Some college or Associate's degree,"$168,000 or more",Other,39.666666666666664,0,65,0,40,31,64,43,76,62,31,33,31,0,67,1,19.75,46.2,77,49,51,61.42857142857143,53.333333333333336,8,0
p00781,Portrait Prof. Cherry,Other,60+,Other,Some college or Associate's degree,"Less than $30,000",Other,48.583333333333336,11,77,36,60,48,51,61,60,30,0,65,84,6,62,18,54.5,39,57,49,39,33.142857142857146,54.666666666666664,4,0
p00782,Portrait Prof. Cherry,Other,60+,Other,Less than high school,"$30,000 to $55,999",Other,43.25,0,70,100,35,32,23,52,39,48,7,76,37,86,42,45,53,61.2,20,42.666666666666664,71,68.57142857142857,34.333333333333336,5,1
p00783,Portrait Prof. Cherry,Female,60+,Black / African American,Doctorate degree / Ph.D.,"$56,000 to $99,999",Democrat,43.16666666666667,14,27,68,17,63,50,93,41,51,46,48,0,55,51,16,31.75,42.2,28,36,65,59.857142857142854,55.5,2,0
p00784,Portrait Prof. Cherry,Male,45-59,Black / African American,Bachelor's degree,"$100,000 to $167,999",Republican,38.16666666666667,26,39,92,0,55,50,17,24,3,100,40,12,36,74,41,45.25,34.4,70,37,56,42.285714285714285,48.333333333333336,0,0
p00785,Portrait Prof. Cherry,Female,60+,White / Caucasian,Some college or Associate's degree,"Less than $30,000",Other,39,39,53,17,27,51,17,24,42,30,16,52,100,75,0,18,62.75,24.2,36,53.666666666666664,44,49.857142857142854,48.666666666666664,5,0
p00786,Portrait Prof. Cherry,Male,45-59,Asian / Asian American,Master's degree / Professional degree,"$168,000 or more",Independent,42.24999999999999,27,47,28,83,39,18,12,49,88,0,57,59,78,57,57,67.75,57.8,46,56,30,38.714285714285715,45.166666666666664,10,0
p00787,Portrait Prof. Cherry,Male,45-59,Black / African American,High school diploma / GED,"$100,000 to $167,999",Democrat,49.916666666666664,70,71,61,8,91,0,82,74,45,59,0,38,47,2,78,79.5,58,49,39.666666666666664,57,60.42857142857143,48.666666666666664,1,0
p00788,Portrait Prof. Cherry,Male,60+,White / Caucasian,Bachelor's degree,"$30,000 to $55,999",Democrat,51.25,63,58,41,32,100,48,59,15,100,4,68,27,86,34,46,53,59.2,46,58.333333333333336,65,46.285714285714285,46.166666666666664,10,0
p00789,Portrait Prof. Cherry,Male,30-44,Asian / Asian American,Doctorate degree / Ph.D.,"$30,000 to $55,999",Republican,52.083333333333336,51,39,40,42,56,37,100,33,38,36,74,79,43,21,78,35.25,35.8,50,44.666666666666664,36,52.142857142857146,65,3,0
p00790,Portrait Prof. Cherry,Other,30-44,White / Caucasian,Bachelor's degree,"Less than $30,000",Democrat,56.41666666666667,31,58,44,42,100,47,60,75,78,66,64,12,74,79,65,58,55.6,51,31.666666666666668,75,34.42857142857143,66.16666666666667,3,1
p00791,Portrait Prof. Cherry,Other,30-44,Asian / Asian American,High school diploma / GED,"Less than $30,000",Other,47.666666666666664,100,14,65,71,36,50,0,80,19,37,33,67,9,53,33,51.25,51.4,78,49.666666666666664,68,62.285714285714285,48.833333333333336,1,1
p00792,Portrait Prof. Cherry,Male,60+,White / Caucasian,Some college or Associate's degree,"$30,000 to $55,999",Republican,40.333333333333336,5,53,24,56,74,48,30,70,0,54,46,24,6,61,60,45.5,57,32,21.666666666666668,29,54.42857142857143,37.5,5,0
p00793,Portrait Prof. Cherry,Female,45-59,Hispanic / Latino,Bachelor's degree,"Less than $30,000",Republican,53.41666666666667,59,21,24,84,28,100,21,48,67,61,31,97,7,91,45,29.5,57.6,45,45.333333333333336,4,39.714285714285715,49.833333333333336,2,0
p00794,Portrait Prof. Cherry,Other,60+,White / Caucasian,Some college or Associate's degree,"Less than $30,000",Republican,46.66666666666667,10,40,20,30,31,68,69,7,70,87,52,76,11,32,36,34.5,38,80,37,69,56.857142857142854,62.166666666666664,6,0
p00795,Portrait Prof. Cherry,Other,30-44,Asian / Asian American,Some college or Associate's degree,"$56,000 to $99,999",Independent,54.75000000000001,38,67,6,37,35,72,73,72,76,73,24,84,73,56,41,31,60.6,44,66,88,35.714285714285715,42.333333333333336,9,0
p00796,Portrait Prof. Cherry,Male,18-29,Hispanic / Latino,Doctorate degree / Ph.D.,"Less than $30,000",Independent,46.416666666666664,80,11,40,32,19,81,93,55,44,31,34,37,47,68,40,43.25,56.2,33,48,33,60,40.833333333333336,5,0
p00797,Portrait Prof. Cherry,Female,18-29,Black / African American,Some college or Associate's degree,"Less than $30,000",Democrat,35.75,25,24,0,42,75,45,33,51,25,25,29,55,0,65,65,50,40.6,67,61.333333333333336,76,46.142857142857146,35.166666666666664,9,1
p00798,Portrait Prof. Cherry,Other,60+,Asian / Asian American,Bachelor's degree,"$168,000 or more",Other,53.083333333333336,40,54,100,36,45,30,99,37,56,15,38,87,48,94,53,28.25,41,38,49.333333333333336,39,45.285714285714285,51.333333333333336,9,1
p00799,Portrait Prof. Cherry,Other,45-59,Black / African American,Less than high school,"Less than $30,000",Democrat,46.416666666666664,55,55,100,29,54,2,49,21,65,66,22,39,51,65,97,51.25,55.2,69,28,17,52.42857142857143,41,4,0
p00800,Portrait Prof. Cherry,Male,30-44,White / Caucasian,High school diploma / GED,"$168,000 or more",Independent,50.33333333333333,56,76,89,22,90,72,42,47,0,28,45,37,14,60,55,54.25,50.4,49,62.666666666666664,20,58.57142857142857,64.16666666666667,7,0
p00801,Portrait Prof. Cherry,Female,60+,White / Caucasian,Doctorate degree / Ph.D.,"$56,000 to $99,999",Republican,45.66666666666667,62,68,0,23,57,23,49,60,82,46,41,37,58,67,62,53.5,54.4,4,48.333333333333336,59,34.285714285714285,40,7,0
p00802,Portrait Prof. Cherry,Female,60+,Asian / Asian American,Less than high school,"$168,000 or more",Other,41.66666666666667,97,48,49,0,4,66,40,69,51,12,27,37,34,25,2,62,35.4,25,51.333333333333336,21,59.142857142857146,50.333333333333336,1,0
p00803,Portrait Prof. Cherry,Female,60+,Hispanic / Latino,Doctorate degree / Ph.D.,"$168,000 or more",Republican,52.5,51,35,0,58,38,32,100,86,49,84,76,21,35,61,48,25.25,36,63,55,75,47.285714285714285,38.333333333333336,6,0
p00804,Portrait Prof. Cherry,Male,45-59,Hispanic / Latino,Bachelor's degree,"$100,000 to $167,999",Other,60.083333333333336,93,96,71,31,62,76,77,84,75,1,4,51,63,60,57,26.25,37.2,0,50,100,50.142857142857146,47.666666666666664,9,1
p00805,Portrait Prof. Cherry,Other,45-59,Other,Master's degree / Professional degree,"$100,000 to $167,999",Republican,61.166666666666664,100,43,42,50,95,74,16,23,100,6,97,88,55,100,10,33,38.2,71,59.666666666666664,40,55.857142857142854,52,10,0
p00806,Portrait Prof. Cherry,Male,60+,Black / African American,Master's degree / Professional degree,"$56,000 to $99,999",Independent,42.75,11,15,38,24,65,81,8,80,41,50,45,55,15,24,75,65.5,21.4,58,45.333333333333336,22,63.42857142857143,62,3,0
p00807,Portrait Prof. Cherry,Male,30-44,White / Caucasian,Some college or Associate's degree,"$168,000 or more",Other,61.66666666666667,88,63,24,100,17,55,100,84,41,68,50,50,36,66,23,53.5,38.8,48,47.666666666666664,39,57.714285714285715,34,1,0
p00808,Portrait Prof. Cherry,Female,30-44,Asian / Asian American,Less than high school,"$30,000 to $55,999",Independent,48.33333333333333,44,61,87,31,80,38,62,53,11,63,50,0,34,35,15,42.25,32.4,40,57.666666666666664,0,46,22.166666666666668,5,0
p00809,Portrait Prof. Cherry,Other,30-44,Other,Bachelor's degree,"$56,000 to $99,999",Independent,48.75,91,13,51,53,51,43,17,42,55,41,78,50,36,84,85,49,36,48,54,30,46.285714285714285,62.333333333333336,9,0
p00810,Portrait Prof. Cherry,Other,45-59,White / Caucasian,Less than high school,"Less than $30,000",Other,45.583333333333336,25,63,42,48,59,31,42,3,53,53,88,40,56,6,41,61.5,52.2,100,26.333333333333332,100,54.714285714285715,48.5,3,1
p00811,Portrait Prof. Cherry,Other,60+,White / Caucasian,Less than high school,"$100,000 to $167,999",Democrat,47.75,48,60,33,30,63,75,55,67,36,44,62,0,50,39,45,39.5,64.6,100,46.333333333333336,2,44.857142857142854,64.83333333333333,10,0
p00812,Portrait Prof. Cherry,Male,45-59,Black / African American,Doctorate degree / Ph.D.,"$100,000 to $167,999",Other,41.333333333333336,79,19,31,57,53,19,43,43,56,29,18,49,31,63,38,43.5,43.2,100,69.33333333333333,95,30.142857142857142,35.166666666666664,10,1
p00813,Portrait Prof. Cherry,Other,45-59,Asian / Asian American,Master's degree / Professional degree,"Less than $30,000",Independent,43.91666666666667,41,25,82,0,34,63,50,13,56,69,54,40,16,7,0,23.25,37.4,71,45.666666666666664,37,65.71428571428571,47.5,1,0
p00814,Portrait Prof. Cherry,Male,30-44,White / Caucasian,Bachelor's degree,"$56,000 to $99,999",Republican,49.583333333333336,69,34,31,65,49,22,66,31,53,55,79,41,53,76,53,51,34.8,56,80.66666666666667,45,58.714285714285715,60,9,0
p00815,Portrait Prof. Cherry,Male,45-59,White / Caucasian,Master's degree / Professional degree,"$168,000 or more",Republican,59.50000000000001,64,82,26,51,45,56,90,42,89,28,65,76,84,55,47,38.5,55,34,33.666666666666664,9,68,44.333333333333336,10,1
p00816,Portrait Prof. Cherry,Female,60+,White / Caucasian,Some college or Associate's degree,"$56,000 to $99,999",Independent,51.08333333333333,69,60,83,0,64,51,54,16,76,45,12,83,0,39,61,48,58.6,100,59.333333333333336,67,63.857142857142854,57.333333333333336,5,0
p00817,Portrait Prof. Cherry,Other,60+,White / Caucasian,Less than high school,"$168,000 or more",Democrat,43.00000000000001,66,78,48,50,70,31,30,40,24,47,32,0,0,29,23,27.5,45.8,85,37,0,58.57142857142857,67.33333333333333,9,0
p00818,Portrait Prof. Cherry,Other,60+,Other,Doctorate degree / Ph.D.,"$56,000 to $99,999",Democrat,43,50,88,41,22,32,28,78,67,40,0,30,40,30,71,76,37.75,57,30,38.666666666666664,69,36.42857142857143,46.5,2,0
p00819,Portrait Prof. Cherry,Male,45-59,Asian / Asian American,Bachelor's degree,"$100,000 to $167,999",Other,63.083333333333336,50,43,68,100,92,50,9,51,78,47,81,88,76,14,82,41.75,76.8,87,28,76,39.57142857142857,48.166666666666664,4,1
p00820,Portrait Prof. Cherry,Other,30-44,Black / African American,Less than high school,"$100,000 to $167,999",Independent,43.75,26,49,32,29,29,96,45,59,29,67,40,24,13,0,65,80.75,41.4,82,72.66666666666667,96,32.714285714285715,63,7,0
p00821,Portrait Prof. Cherry,Other,18-29,Asian / Asian American,Some college or Associate's degree,"$100,000 to $167,999",Other,49.916666666666664,97,36,75,95,45,10,39,48,59,41,46,8,75,65,20,31.5,46.6,90,64.33333333333333,72,56.285714285714285,62.333333333333336,8,0
p00822,Portrait Prof. Cherry,Other,45-59,Hispanic / Latino,Less than high school,"$100,000 to $167,999",Other,47.5,34,77,75,36,20,70,35,40,49,48,44,42,38,16,54,65.25,51.4,56,44.666666666666664,73,58.142857142857146,39.833333333333336,0,0
p00823,Portrait Prof. Cherry,Male,45-59,Other,Bachelor's degree,"Less than $30,000",Democrat,52.08333333333333,24,85,22,35,100,40,100,34,21,42,75,47,33,14,42,55.5,50,65,42,93,44,50.5,3,1
p00824,Portrait Prof. Cherry,Female,60+,Asian / Asian American,Less than high school,"Less than $30,000",Other,46.83333333333333,29,49,65,34,31,33,61,67,68,54,5,66,75,41,19,51.5,38.4,64,56,78,55.285714285714285,46,8,0
p00825,Portrait Prof. Cherry,Other,18-29,White / Caucasian,Some college or Associate's degree,"Less than $30,000",Republican,52.166666666666664,54,43,51,48,51,80,57,76,66,14,53,33,25,66,55,53.75,37.2,43,63.666666666666664,50,38.285714285714285,46.333333333333336,6,0
p00826,Portrait Prof. Cherry,Other,45-59,Other,Less than high school,"$168,000 or more",Republican,51.75000000000001,58,73,61,15,3,6,82,92,47,43,100,41,50,56,33,77.5,53,36,20,66,39.142857142857146,47.833333333333336,0,1
p00827,Portrait Prof. Cherry,Other,18-29,Other,Bachelor's degree,"Less than $30,000",Republican,39.58333333333333,46,7,23,61,65,60,0,83,58,36,18,18,77,9,54,70.75,19.8,18,43,92,36,34.833333333333336,1,0
p00828,Portrait Prof. Cherry,Other,60+,Asian / Asian American,Master's degree / Professional degree,"$56,000 to $99,999",Independent,60.583333333333336,12,92,57,18,59,100,76,43,89,43,76,62,42,57,14,36.75,46,63,30.333333333333332,74,47,51.833333333333336,10,0
p00829,Portrait Prof. Cherry,Other,45-59,Hispanic / Latino,Some college or Associate's degree,"$168,000 or more",Independent,47.08333333333333,68,59,74,46,56,36,0,46,10,42,67,61,42,60,100,28.75,56,33,46.333333333333336,32,51.857142857142854,54.166666666666664,10,0
p00830,Portrait Prof. Cherry,Male,60+,Hispanic / Latino,Some college or Associate's degree,"$56,000 to $99,999",Other,39.16666666666667,37,37,62,0,33,57,0,0,41,59,44,100,53,51,17,32.75,70.2,60,49.333333333333336,46,31.285714285714285,54,4,0
p00831,Portrait Prof. Cherry,Female,60+,White / Caucasian,Some college or Associate's degree,"$168,000 or more",Independent,73.16666666666666,97,84,62,100,2,68,68,86,59,100,72,80,88,3,17,64.25,52.6,84,63,30,54,49.833333333333336,9,0
p00832,Portrait Prof. Cherry,Other,45-59,White / Caucasian,High school diploma / GED,"$168,000 or more",Other,55.833333333333336,53,50,0,100,62,63,20,52,100,55,78,37,70,14,36,52.25,46.4,39,78.66666666666667,75,48.142857142857146,41.166666666666664,4,0
p00833,Portrait Prof. Cherry,Female,30-44,Asian / Asian American,Less than high school,"$56,000 to $99,999",Democrat,53.916666666666664,60,31,43,65,65,80,64,56,4,6,86,87,78,42,38,59.75,61.8,67,46,50,68,57.5,0,0
p00834,Portrait Prof. Cherry,Male,60+,White / Caucasian,Master's degree / Professional degree,"$100,000 to $167,999",Democrat,43.16666666666667,15,87,73,75,46,7,17,12,65,10,11,100,27,43,85,76.75,62.4,21,44.333333333333336,91,62.42857142857143,37.833333333333336,0,0
p00835,Portrait Prof. Cherry,Female,45-59,Hispanic / Latino,Some college or Associate's degree,"$100,000 to $167,999",Independent,47.25,76,69,3,50,65,100,17,56,32,45,0,54,80,44,58,41.5,40,52,45.333333333333336,0,42.142857142857146,59,7,1
p00836,Portrait Prof. Cherry,Male,45-59,Hispanic / Latino,Master's degree / Professional degree,"$168,000 or more",Other,56.83333333333333,78,44,94,2,0,80,69,51,91,59,38,76,53,82,44,39.75,54.4,54,63,47,67.14285714285714,58.166666666666664,4,0
p00837,Portrait Prof. Cherry,Female,60+,Black / African American,Some college or Associate's degree,"$168,000 or more",Democrat,53.833333333333336,20,66,100,41,52,75,40,21,44,69,71,47,36,41,38,30.75,65.4,76,80.33333333333333,70,49.285714285714285,41,6,0
p00838,Portrait Prof. Cherry,Other,60+,Asian / Asian American,Some college or Associate's degree,"$30,000 to $55,999",Other,45.16666666666667,82,31,31,34,88,29,24,48,55,19,43,58,40,48,21,27.5,51.4,54,64.66666666666667,92,38.857142857142854,53.5,3,0
p00839,Portrait Prof. Cherry,Female,60+,Hispanic / Latino,High school diploma / GED,"$100,000 to $167,999",Democrat,54.33333333333333,81,28,100,26,58,25,86,100,34,11,27,76,74,53,62,43.25,67.2,78,44.333333333333336,41,54.714285714285715,58,10,0
p00840,Portrait Prof. Cherry,Female,30-44,Black / African American,High school diploma / GED,"$100,000 to $167,999",Independent,37.083333333333336,60,3,24,19,20,0,84,27,69,50,89,0,50,32,64,53.5,62.4,40,76.66666666666667,40,45.42857142857143,56.333333333333336,7,0
p00841,Model accuracy,Male,30-44,Hispanic / Latino,Master's degree / Professional degree,"$56,000 to $99,999",Other,52.66666666666667,39,79,100,34,100,33,16,40,55,52,51,33,43,68,58,50,47.8,37,71,11,69.14285714285714,44.5,8,0
p00842,Model accuracy,Other,60+,Asian / Asian American,High school diploma / GED,"$168,000 or more",Democrat,49.24999999999999,40,70,66,10,70,52,34,18,73,66,47,45,84,92,0,45,57.8,35,38.333333333333336,65,67.85714285714286,55.666666666666664,7,0
p00843,Model accuracy,Female,60+,White / Caucasian,Bachelor's degree,"$56,000 to $99,999",Republican,38.166666666666664,34,0,39,47,0,47,79,78,8,45,32,49,42,94,38,44.25,70.4,38,68.66666666666667,80,59.857142857142854,59.333333333333336,7,1
p00844,Model accuracy,Male,60+,Other,Bachelor's degree,"$168,000 or more",Other,37,17,0,11,33,51,49,18,100,0,45,48,72,33,64,33,35.5,60.6,72,72.33333333333333,49,44.42857142857143,29.166666666666668,0,1
p00845,Model accuracy,Female,60+,Other,Some college or Associate's degree,"$56,000 to $99,999",Republican,54.666666666666664,65,40,27,68,75,97,19,64,40,65,28,68,31,17,53,55.25,31.4,11,49,73,39.142857142857146,62.5,6,1
p00846,Model accuracy,Other,60+,Black / African American,Some college or Associate's degree,"$100,000 to $167,999",Other,48.333333333333336,25,42,48,54,64,34,100,40,49,22,95,7,0,68,53,41.5,47.2,55,54.333333333333336,7,42.285714285714285,27,7,0
p00847,Model accuracy,Female,30-44,Black / African American,Bachelor's degree,"$168,000 or more",Independent,35.083333333333336,49,66,9,22,43,85,30,0,66,38,5,8,22,82,0,45.75,29.2,49,81.33333333333333,0,47.714285714285715,71,8,0
p00848,Model accuracy,Other,30-44,Asian / Asian American,Some college or Associate's degree,"$30,000 to $55,999",Other,50.08333333333333,48,72,2,36,25,49,44,100,54,40,35,96,73,44,49,29.25,48.4,54,64.66666666666667,57,53.714285714285715,49.833333333333336,5,0
p00849,Model accuracy,Other,30-44,Asian / Asian American,Some college or Associate's degree,"$168,000 or more",Other,42.25,47,38,29,62,35,15,31,53,56,55,32,54,55,44,0,13.5,38.4,61,49.333333333333336,100,43.57142857142857,65.16666666666667,0,0
p00850,Model accuracy,Female,60+,Asian / Asian American,Doctorate degree / Ph.D.,"$100,000 to $167,999",Other,37.416666666666664,0,0,100,58,81,54,3,2,3,37,51,60,17,69,35,62.25,45.8,92,38,18,58,55.166666666666664,2,0
p00851,Model accuracy,Male,60+,White / Caucasian,Master's degree / Professional degree,"$168,000 or more",Democrat,51.583333333333336,56,45,20,85,20,43,88,85,79,0,80,18,90,60,24,53.25,49.8,31,27,67,34.42857142857143,54.166666666666664,2,0
p00852,Model accuracy,Male,18-29,White / Caucasian,High school diploma / GED,"Less than $30,000",Republican,46.00000000000001,64,47,18,25,17,35,59,68,56,79,27,57,37,79,80,48.5,54.2,43,56.333333333333336,11,60.714285714285715,63.166666666666664,4,1
p00853,Model accuracy,Female,60+,Black / African American,Less than high school,"$100,000 to $167,999",Democrat,41,73,21,0,34,47,0,1,47,100,58,47,64,31,89,38,66.25,50.2,24,63,37,67.14285714285714,40.666666666666664,5,1
p00854,Model accuracy,Male,18-29,Other,High school diploma / GED,"$168,000 or more",Democrat,48.33333333333333,74,53,50,51,27,63,42,42,65,10,46,57,77,46,46,48.25,32.8,71,40,85,45,52,8,0
p00855,Model accuracy,Male,30-44,Black / African American,Less than high school,"$168,000 or more",Other,46.74999999999999,53,93,50,66,0,39,72,35,34,61,54,4,29,18,44,61.75,66.4,10,47.666666666666664,52,39.42857142857143,72.33333333333333,3,0
p00856,Model accuracy,Female,60+,Other,Some college or Associate's degree,"Less than $30,000",Independent,44.666666666666664,21,53,45,73,70,38,47,45,43,35,47,19,34,81,0,50.75,43,44,34,0,62,41.833333333333336,2,0
p00857,Model accuracy,Male,45-59,Other,Master's degree / Professional degree,"$56,000 to $99,999",Other,49.25000000000001,60,67,39,52,26,61,69,30,21,45,64,57,8,41,11,44.25,57.8,33,64,17,42.42857142857143,37,9,0
p00858,Model accuracy,Female,45-59,Hispanic / Latino,Doctorate degree / Ph.D.,"$100,000 to $167,999",Republican,48.5,43,61,1,59,41,39,65,33,39,46,75,80,53,51,49,47,70.8,75,45,12,58.285714285714285,61.5,1,0
p00859,Model accuracy,Male,45-59,Black / African American,Master's degree / Professional degree,"$168,000 or more",Republican,35.00000000000001,63,0,0,29,32,72,55,63,39,10,25,32,77,100,5,26.25,49,30,53.333333333333336,54,36.57142857142857,69.83333333333333,10,1
p00860,Model accuracy,Female,30-44,Other,Master's degree / Professional degree,"$56,000 to $99,999",Democrat,57.58333333333333,60,98,57,67,87,45,35,0,45,73,54,70,60,36,45,51.5,33.8,19,51.666666666666664,8,62.714285714285715,57.666666666666664,8,0
p00861,Model accuracy,Other,60+,Asian / Asian American,Doctorate degree / Ph.D.,"$100,000 to $167,999",Independent,51.916666666666664,68,26,85,70,6,64,75,46,14,65,69,35,33,73,67,72.75,70.6,36,50.666666666666664,67,43.857142857142854,25.833333333333332,5,0
p00862,Model accuracy,Other,60+,Hispanic / Latino,Some college or Associate's degree,"$168,000 or more",Democrat,48.75,67,17,66,14,82,63,80,25,4,21,46,100,55,55,79,55.75,43,34,40.333333333333336,51,48.857142857142854,70.66666666666667,7,0
p00863,Model accuracy,Other,30-44,Black / African American,Some college or Associate's degree,"$56,000 to $99,999",Independent,52.166666666666664,57,78,18,91,45,31,55,92,66,3,90,0,37,25,20,34.5,49.4,42,39,65,45.714285714285715,46,5,0
p00864,Model accuracy,Female,30-44,Black / African American,High school diploma / GED,"$168,000 or more",Other,61.416666666666664,65,48,68,43,66,96,55,64,49,7,76,100,85,0,76,73.5,59.8,48,41,36,60.714285714285715,52.333333333333336,0,1
p00865,Model accuracy,Other,60+,Black / African American,Master's degree / Professional degree,"Less than $30,000",Republican,52.166666666666664,73,0,53,73,30,48,69,77,81,42,23,57,62,23,35,74,27.8,46,55.666666666666664,38,53,53.166666666666664,3,1
p00866,Model accuracy,Male,60+,Hispanic / Latino,Less than high school,"$168,000 or more",Democrat,43.666666666666664,36,83,10,33,77,36,29,26,28,12,94,60,61,46,59,43.25,46.8,90,32.333333333333336,7,54.42857142857143,41.666666666666664,1,0
p00867,Model accuracy,Female,60+,Asian / Asian American,Some college or Associate's degree,"Less than $30,000",Republican,59.666666666666664,46,100,71,47,74,33,99,28,73,40,78,27,71,67,100,70.75,49,55,41.666666666666664,24,62.142857142857146,60.5,5,0
p00868,Model accuracy,Other,60+,Hispanic / Latino,Less than high school,"Less than $30,000",Democrat,40.41666666666667,39,6,57,0,78,12,42,31,69,100,22,29,36,77,0,20.25,45.4,100,54,51,45.57142857142857,54.666666666666664,2,0
p00869,Model accuracy,Male,60+,Hispanic / Latino,Less than high school,"$56,000 to $99,999",Republican,47.50000000000001,2,57,6,55,65,66,54,72,45,55,48,45,37,76,100,61.5,36.2,37,59.666666666666664,65,50.42857142857143,42.166666666666664,9,0
p00870,Model accuracy,Female,30-44,Other,Less than high school,"$100,000 to $167,999",Republican,55.58333333333333,76,0,100,65,61,0,41,67,69,78,21,89,51,55,0,68.25,44.6,35,20.333333333333332,57,55.57142857142857,33.166666666666664,1,0
p00871,Model accuracy,Female,45-59,White / Caucasian,High school diploma / GED,"$168,000 or more",Other,52.25,72,57,25,38,20,90,72,64,64,61,53,11,73,82,96,17.5,46.8,22,61.333333333333336,43,60.714285714285715,48,0,0
p00872,Model accuracy,Other,60+,Hispanic / Latino,Some college or Associate's degree,"$30,000 to $55,999",Other,51.083333333333336,38,34,78,39,54,40,48,48,81,44,16,93,68,17,40,28,72,51,75.66666666666667,0,46.42857142857143,48,8,0
p00873,Model accuracy,Female,60+,Asian / Asian American,Doctorate degree / Ph.D.,"$168,000 or more",Other,54.24999999999999,6,68,30,75,53,56,66,78,94,51,17,57,70,67,28,47.5,50.8,38,69.66666666666667,20,59.714285714285715,64.33333333333333,7,0
p00874,Model accuracy,Other,60+,Hispanic / Latino,Less than high school,"Less than $30,000",Other,48.74999999999999,58,22,31,79,17,41,15,72,95,54,46,55,0,46,46,42.5,43.6,100,36.333333333333336,53,34.57142857142857,27.666666666666668,9,0
p00875,Model accuracy,Other,18-29,White / Caucasian,Doctorate degree / Ph.D.,"$56,000 to $99,999",Democrat,56,65,56,44,69,45,57,38,71,79,35,63,50,43,71,55,36.75,50.2,46,47,47,52.57142857142857,60.666666666666664,10,0
p00876,Model accuracy,Other,18-29,Black / African American,Master's degree / Professional degree,"$100,000 to $167,999",Republican,44.333333333333336,69,46,22,36,74,68,36,60,0,66,11,44,8,63,27,45.75,44.6,43,12,42,35.857142857142854,42.166666666666664,7,0
p00877,Model accuracy,Male,45-59,Black / African American,Master's degree / Professional degree,"$168,000 or more",Democrat,53,59,49,35,44,79,48,86,27,70,51,37,51,4,19,13,52.75,45.4,17,54.666666666666664,91,62,46.5,5,0
p00878,Model accuracy,Female,18-29,Other,Doctorate degree / Ph.D.,"$30,000 to $55,999",Other,67.99999999999999,61,91,83,100,38,54,45,78,88,25,65,88,43,82,73,48.25,38.2,78,70.33333333333333,19,36.42857142857143,60.5,2,0
p00879,Model accuracy,Female,60+,Black / African American,Doctorate degree / Ph.D.,"$168,000 or more",Other,47.5,35,77,30,71,62,12,72,18,35,18,85,55,53,37,47,26,46.2,64,36.333333333333336,90,59.142857142857146,46.5,6,1
p00880,Model accuracy,Female,45-59,Hispanic / Latino,High school diploma / GED,"$168,000 or more",Republican,58.5,66,40,42,64,45,89,43,64,63,100,28,58,0,78,46,41.75,33.8,74,47.333333333333336,46,53.285714285714285,46.166666666666664,6,0
p00881,Model accuracy,Female,45-59,White / Caucasian,Some college or Associate's degree,"$30,000 to $55,999",Democrat,44.083333333333336,50,49,22,34,57,30,59,35,80,39,50,24,45,87,67,44,46.2,39,77.33333333333333,60,51.714285714285715,51,4,0
p00882,Model accuracy,Other,30-44,Black / African American,Some college or Associate's degree,"$30,000 to $55,999",Republican,50,19,74,32,82,59,51,43,28,73,32,75,32,100,51,13,44,61.8,20,55.333333333333336,44,47.57142857142857,52.5,1,0
p00883,Model accuracy,Female,60+,Hispanic / Latino,Master's degree / Professional degree,"Less than $30,000",Republican,60.16666666666667,64,92,41,98,80,92,73,0,48,12,81,41,43,46,75,42.75,56.6,29,63.333333333333336,89,41.57142857142857,43,5,1
p00884,Model accuracy,Female,60+,Other,High school diploma / GED,"Less than $30,000",Other,44.916666666666664,22,41,10,39,82,0,94,59,82,23,51,36,99,75,76,45.25,41.6,40,33,6,41.142857142857146,73.83333333333333,6,1
p00885,Model accuracy,Male,60+,Black / African American,High school diploma / GED,"Less than $30,000",Republican,50.666666666666664,44,44,28,31,95,38,56,61,56,52,45,58,5,16,28,30.5,35,46,64,48,37.142857142857146,66.33333333333333,1,1
p00886,Model accuracy,Male,60+,White / Caucasian,Bachelor's degree,"$168,000 or more",Other,48.166666666666664,16,56,37,31,44,66,74,52,29,47,48,78,51,53,56,52.75,42,55,81.33333333333333,32,53.714285714285715,63.666666666666664,6,0
p00887,Model accuracy,Male,45-59,Black / African American,Less than high school,"$56,000 to $99,999",Other,50.166666666666664,65,69,21,32,19,28,50,99,56,49,100,14,65,0,37,26.5,55.2,16,42.666666666666664,30,52.142857142857146,47.666666666666664,1,0
p00888,Model accuracy,Female,45-59,Asian / Asian American,Bachelor's degree,"$30,000 to $55,999",Other,62.083333333333336,75,77,90,46,82,59,26,52,63,48,51,76,62,38,100,55.75,39.2,27,55.333333333333336,39,49.42857142857143,51.833333333333336,9,0
p00889,Model accuracy,Male,30-44,Asian / Asian American,High school diploma / GED,"$30,000 to $55,999",Democrat,50.83333333333333,25,58,15,48,27,39,53,100,2,69,83,91,37,29,38,29.75,64.2,49,58.666666666666664,77,62.857142857142854,55.666666666666664,5,0
p00890,Model accuracy,Other,30-44,Hispanic / Latino,Master's degree / Professional degree,"$30,000 to $55,999",Other,42.916666666666664,63,0,0,83,17,58,58,54,60,60,62,0,55,71,63,56.5,80.2,32,72,41,68.42857142857143,64.16666666666667,4,0
p00891,Model accuracy,Female,60+,Black / African American,Bachelor's degree,"Less than $30,000",Democrat,55.083333333333336,0,27,100,55,67,76,57,67,46,19,66,81,40,60,60,41.75,49.4,0,44.333333333333336,82,30.285714285714285,45.166666666666664,0,0
p00892,Model accuracy,Other,30-44,Asian / Asian American,Master's degree / Professional degree,"$168,000 or more",Independent,61.5,82,84,81,70,77,26,71,10,83,80,35,39,75,0,80,44,54.8,44,65,64,35.42857142857143,41.5,9,1
p00893,Model accuracy,Other,45-59,White / Caucasian,Master's degree / Professional degree,"$168,000 or more",Republican,51.5,44,6,30,60,48,81,52,75,61,39,58,64,80,81,43,37.75,59.4,40,54,64,41.57142857142857,68.66666666666667,6,0
p00894,Model accuracy,Other,30-44,Black / African American,Some college or Associate's degree,"Less than $30,000",Other,52.416666666666664,52,54,89,50,29,49,34,42,88,24,56,62,14,37,61,56.75,48.2,34,40.666666666666664,45,52.42857142857143,43.666666666666664,0,0
p00895,Model accuracy,Female,60+,Other,Some college or Associate's degree,"$30,000 to $55,999",Republican,62.5,65,90,72,53,46,40,84,74,24,91,69,42,31,8,54,55.5,44.6,11,39,84,46.142857142857146,37.5,4,0
p00896,Model accuracy,Male,45-59,White / Caucasian,Some college or Associate's degree,"$56,000 to $99,999",Democrat,44.666666666666664,47,25,36,89,29,20,25,76,34,62,14,79,55,34,36,62.25,40.8,68,41.666666666666664,78,50.714285714285715,69.33333333333333,10,0
p00897,Model accuracy,Male,45-59,Hispanic / Latino,Some college or Associate's degree,"$168,000 or more",Independent,41.75,47,70,37,23,52,0,65,0,61,45,7,94,69,65,54,76.25,49.6,33,64.66666666666667,74,36.857142857142854,51.666666666666664,6,0
p00898,Model accuracy,Other,45-59,Hispanic / Latino,Less than high school,"Less than $30,000",Republican,52.91666666666667,49,48,65,43,43,38,80,28,84,52,31,74,57,87,35,38,62.8,10,61.333333333333336,25,57.142857142857146,55.833333333333336,1,1
p00899,Model accuracy,Female,60+,Hispanic / Latino,Less than high school,"$168,000 or more",Independent,49.583333333333336,50,28,67,33,87,44,0,56,38,55,77,60,63,69,71,40,44,57,53.333333333333336,91,60.857142857142854,40,1,0
p00900,Model accuracy,Female,45-59,Asian / Asian American,Less than high school,"$30,000 to $55,999",Republican,62.583333333333336,37,85,85,67,55,49,77,30,91,52,32,91,7,0,31,38.5,62.8,95,44.666666666666664,83,44.57142857142857,55.833333333333336,0,0
p00901,Interview Prof. Sebille,Male,45-59,Other,Less than high school,"Less than $30,000",Independent,61.66666666666667,96,37,62,42,79,29,74,26,65,82,48,100,60,72,61,61.75,38.8,48,55,55,35.42857142857143,55.166666666666664,3,0
p00902,Interview Prof. Sebille,Other,45-59,Other,Bachelor's degree,"$168,000 or more",Independent,53.666666666666664,57,75,68,87,55,0,34,56,30,100,73,9,50,44,51,36.75,46.8,35,32.333333333333336,5,47.142857142857146,54.666666666666664,5,1
p00903,Interview Prof. Sebille,Male,60+,Black / African American,Doctorate degree / Ph.D.,"$100,000 to $167,999",Republican,46.41666666666667,27,47,83,18,100,6,43,5,30,47,51,100,40,46,60,46.75,33.6,99,63.333333333333336,56,47.857142857142854,45.666666666666664,10,0
p00904,Interview Prof. Sebille,Other,30-44,White / Caucasian,Less than high school,"$30,000 to $55,999",Independent,73.66666666666667,92,67,90,91,100,52,50,77,59,93,50,63,55,100,40,62.25,43.8,22,36,76,39.57142857142857,66.5,7,0
p00905,Interview Prof. Sebille,Female,60+,Asian / Asian American,Master's degree / Professional degree,"$30,000 to $55,999",Republican,61.5,51,55,87,78,22,65,100,43,66,60,33,78,15,9,29,48,22.4,36,65,28,47.285714285714285,52,7,0
p00906,Interview Prof. Sebille,Male,45-59,White / Caucasian,Some college or Associate's degree,"$56,000 to $99,999",Independent,56.166666666666664,60,48,86,50,67,69,59,12,65,25,44,89,25,20,89,36,48.2,63,58.666666666666664,71,66.57142857142857,37.333333333333336,10,0
p00907,Interview Prof. Sebille,Male,60+,Other,Bachelor's degree,"Less than $30,000",Republican,42.75,77,24,96,91,81,0,15,23,61,33,11,1,39,0,32,75.5,50.2,50,31.333333333333332,76,45.42857142857143,54.666666666666664,10,0
p00908,Interview Prof. Sebille,Other,45-59,Hispanic / Latino,Some college or Associate's degree,"$100,000 to $167,999",Independent,36.5,73,0,0,66,0,96,30,38,28,48,40,19,35,53,34,66,63,43,51.333333333333336,76,49.857142857142854,47.5,0,0
p00909,Interview Prof. Sebille,Male,18-29,Black / African American,Less than high school,"$168,000 or more",Democrat,44.33333333333333,86,30,45,28,33,29,69,60,0,26,57,69,38,100,60,38,47.4,75,57.666666666666664,86,45.42857142857143,53.166666666666664,6,0
p00910,Interview Prof. Sebille,Male,30-44,White / Caucasian,Doctorate degree / Ph.D.,"$168,000 or more",Other,54.583333333333336,40,59,18,91,88,88,64,30,50,25,48,54,20,40,66,56.75,26.6,44,38.666666666666664,100,52.714285714285715,55.5,1,0
p00911,Interview Prof. Sebille,Female,18-29,Hispanic / Latino,Master's degree / Professional degree,"$168,000 or more",Democrat,70.5,33,96,39,62,73,73,100,60,100,70,73,67,83,48,54,69.75,66.8,27,53.666666666666664,49,53.42857142857143,41.833333333333336,5,0
p00912,Interview Prof. Sebille,Female,30-44,White / Caucasian,Master's degree / Professional degree,"Less than $30,000",Democrat,46.5,56,55,19,52,23,12,73,46,100,43,12,67,38,59,65,59.5,46.6,73,45.666666666666664,56,43.285714285714285,61.5,5,0
p00913,Interview Prof. Sebille,Other,30-44,Asian / Asian American,High school diploma / GED,"$168,000 or more",Independent,54.16666666666667,54,56,52,6,20,33,64,91,54,54,99,67,58,53,5,40.25,44,12,59.666666666666664,36,39,50.666666666666664,6,0
p00914,Interview Prof. Sebille,Female,60+,Hispanic / Latino,Master's degree / Professional degree,"$168,000 or more",Democrat,32.416666666666664,100,19,49,10,0,68,28,43,23,23,23,3,52,39,57,60.5,30.4,80,52,53,48.285714285714285,57.166666666666664,9,0
p00915,Interview Prof. Sebille,Male,18-29,Hispanic / Latino,Less than high school,"Less than $30,000",Independent,57.666666666666664,100,65,22,87,20,61,81,20,69,62,98,7,64,41,16,29.5,42.8,26,29.666666666666668,45,56.857142857142854,55.5,3,0
p00916,Interview Prof. Sebille,Male,45-59,White / Caucasian,Bachelor's degree,"$100,000 to $167,999",Other,54.25,92,15,38,73,79,33,65,11,51,91,34,69,18,24,56,72.25,46.4,31,38,79,46.42857142857143,52.5,8,0
p00917,Interview Prof. Sebille,Male,45-59,White / Caucasian,Some college or Associate's degree,"$56,000 to $99,999",Other,63.74999999999999,63,82,100,29,55,100,80,48,77,17,55,59,100,36,74,49.25,38.8,68,24.333333333333332,46,52.42857142857143,61.666666666666664,4,0
p00918,Interview Prof. Sebille,Other,60+,Hispanic / Latino,High school diploma / GED,"Less than $30,000",Republican,54.08333333333333,70,52,50,78,32,60,44,25,53,42,78,65,45,82,50,45,49,5,33,0,42.285714285714285,31.333333333333332,3,0
p00919,Interview Prof. Sebille,Male,30-44,Other,High school diploma / GED,"Less than $30,000",Republican,43,64,36,49,100,28,58,41,11,32,27,30,40,70,95,38,43.5,76,10,45.666666666666664,33,63.57142857142857,50.333333333333336,5,0
p00920,Interview Prof. Sebille,Other,60+,Hispanic / Latino,Some college or Associate's degree,"$56,000 to $99,999",Other,40,100,56,0,72,0,42,50,30,43,38,24,25,100,66,89,30.75,40.4,50,44.666666666666664,38,58.142857142857146,43.5,4,0
p00921,Interview Prof. Sebille,Female,60+,White / Caucasian,Some college or Associate's degree,"$56,000 to $99,999",Democrat,46.41666666666667,70,90,17,23,68,51,24,33,61,36,0,84,70,0,43,49.5,52,26,41,0,36,62.333333333333336,3,0
p00922,Interview Prof. Sebille,Other,60+,Black / African American,Bachelor's degree,"$100,000 to $167,999",Other,53.08333333333333,66,64,9,63,58,16,42,97,99,14,52,57,46,42,31,58,41,70,54,0,30.714285714285715,45.833333333333336,0,0
p00923,Interview Prof. Sebille,Female,18-29,Asian / Asian American,Some college or Associate's degree,"$56,000 to $99,999",Republican,30.833333333333336,32,39,46,26,37,40,24,3,48,21,21,33,70,42,44,46.25,66.4,29,51.333333333333336,53,49.142857142857146,40.666666666666664,0,0
p00924,Interview Prof. Sebille,Male,30-44,Asian / Asian American,Master's degree / Professional degree,"$168,000 or more",Independent,42.5,8,54,54,0,31,78,80,57,44,33,34,37,42,69,40,31.75,58.4,26,62.333333333333336,29,39.285714285714285,45.333333333333336,5,0
p00925,Interview Prof. Sebille,Female,60+,Asian / Asian American,Some college or Associate's degree,"$168,000 or more",Republican,58,62,79,25,57,53,86,3,100,62,70,17,82,32,38,74,34,30.2,42,43.333333333333336,72,40.57142857142857,58,2,0
p00926,Interview Prof. Sebille,Male,60+,Other,Doctorate degree / Ph.D.,"$30,000 to $55,999",Other,43.41666666666667,62,74,18,44,9,80,0,0,65,45,68,56,37,56,56,50,70.4,90,63.333333333333336,85,50.42857142857143,38,4,1
p00927,Interview Prof. Sebille,Male,60+,Hispanic / Latino,Doctorate degree / Ph.D.,"Less than $30,000",Other,49.5,54,50,85,52,68,81,16,81,28,18,54,7,53,28,81,62.5,50.8,88,66.33333333333333,18,35.57142857142857,55.333333333333336,2,0
p00928,Interview Prof. Sebille,Other,18-29,White / Caucasian,Master's degree / Professional degree,"Less than $30,000",Independent,52.416666666666664,68,51,51,35,64,15,100,36,51,59,45,54,78,50,98,41.25,59,38,36.666666666666664,29,38.857142857142854,32.5,3,0
p00929,Interview Prof. Sebille,Other,30-44,Asian / Asian American,High school diploma / GED,"$100,000 to $167,999",Democrat,45.916666666666664,88,10,24,46,41,55,9,93,53,10,57,65,36,27,42,59.5,46.4,20,66,42,50.714285714285715,43.5,0,0
p00930,Interview Prof. Sebille,Male,60+,Asian / Asian American,Master's degree / Professional degree,"Less than $30,000",Independent,56.00000000000001,58,42,66,94,86,63,27,45,19,100,30,42,0,33,51,49.75,38.8,30,48,100,51.42857142857143,51,6,0
p00931,Interview Prof. Sebille,Female,30-44,Black / African American,Master's degree / Professional degree,"$168,000 or more",Other,60.41666666666667,57,55,38,46,100,76,40,86,55,28,66,78,75,54,40,31.75,51.6,68,54,30,55.857142857142854,56.5,9,1
p00932,Interview Prof. Sebille,Female,60+,Hispanic / Latino,Master's degree / Professional degree,"Less than $30,000",Other,44.5,76,55,32,15,40,80,36,5,69,15,31,80,49,17,65,46,63.8,6,36.666666666666664,48,52.285714285714285,36.833333333333336,5,1
p00933,Interview Prof. Sebille,Female,60+,Other,Less than high school,"Less than $30,000",Independent,41.16666666666667,76,86,22,29,41,7,18,42,43,65,43,22,52,7,81,34.5,25.6,78,44.333333333333336,82,36.714285714285715,53,5,0
p00934,Interview Prof. Sebille,Other,30-44,Other,Some college or Associate's degree,"$56,000 to $99,999",Democrat,64.25,43,44,36,38,43,100,58,91,40,100,82,96,38,27,30,30.25,48.4,14,62,0,59.42857142857143,50.833333333333336,0,0
p00935,Interview Prof. Sebille,Female,45-59,White / Caucasian,High school diploma / GED,"$56,000 to $99,999",Republican,47.583333333333336,60,100,49,51,41,46,24,43,32,49,30,46,84,29,57,46.25,56.2,100,50.666666666666664,61,57.714285714285715,51.833333333333336,2,0
p00936,Interview Prof. Sebille,Female,18-29,Hispanic / Latino,Bachelor's degree,"$168,000 or more",Republican,42,57,35,43,22,42,37,47,30,15,67,62,47,85,20,90,54.75,55.4,40,36.666666666666664,38,55.714285714285715,50.833333333333336,2,0
p00937,Interview Prof. Sebille,Other,45-59,Asian / Asian American,Less than high school,"Less than $30,000",Other,55.66666666666667,71,66,12,65,40,100,49,22,62,78,47,56,86,70,21,70.75,50.6,65,49.333333333333336,14,51.57142857142857,52.5,9,0
p00938,Interview Prof. Sebille,Male,18-29,Other,Doctorate degree / Ph.D.,"$100,000 to $167,999",Independent,60.41666666666667,41,60,52,56,55,46,65,88,100,57,53,52,58,38,19,44.25,65.2,41,56.666666666666664,73,64.42857142857143,53,8,0
p00939,Interview Prof. Sebille,Male,60+,Hispanic / Latino,Bachelor's degree,"$168,000 or more",Independent,37.166666666666664,15,18,51,41,100,32,32,32,32,23,33,37,3,28,70,44,58.2,15,41,96,53.42857142857143,63,0,1
p00940,Interview Prof. Sebille,Male,45-59,Other,Master's degree / Professional degree,"Less than $30,000",Democrat,44.41666666666667,26,51,46,49,43,77,30,51,66,12,41,41,33,5,31,54,46.2,21,39.666666666666664,54,41.42857142857143,45.5,4,0
p00941,Interview Prof. Sebille,Female,60+,Hispanic / Latino,Less than high school,"$168,000 or more",Other,45.25000000000001,3,19,51,49,59,76,53,100,36,0,28,69,98,55,24,57.25,52.6,76,94.33333333333333,62,51.42857142857143,46.5,5,0
p00942,Interview Prof. Sebille,Other,45-59,Black / African American,High school diploma / GED,"$100,000 to $167,999",Independent,44.25,66,61,35,30,45,65,60,51,0,80,38,0,23,66,57,36.5,59.8,30,33.333333333333336,44,64.57142857142857,43.333333333333336,8,0
p00943,Interview Prof. Sebille,Other,60+,White / Caucasian,Some college or Associate's degree,"$56,000 to $99,999",Other,27.750000000000004,21,24,41,62,13,5,42,40,35,37,8,5,65,15,88,35.75,57,9,81,80,52,39.666666666666664,0,1
p00944,Interview Prof. Sebille,Female,60+,Asian / Asian American,Doctorate degree / Ph.D.,"Less than $30,000",Republican,57,100,46,37,7,69,23,56,83,68,92,58,45,43,39,46,33.5,50.8,70,37.333333333333336,36,56.142857142857146,75,1,0
p00945,Interview Prof. Sebille,Other,60+,Asian / Asian American,Some college or Associate's degree,"Less than $30,000",Other,59.833333333333336,71,100,14,61,55,90,72,44,55,41,77,38,54,64,61,47,57,52,35,44,55.857142857142854,35.5,1,0
p00946,Interview Prof. Sebille,Female,18-29,Asian / Asian American,Some college or Associate's degree,"$100,000 to $167,999",Republican,42.66666666666667,70,31,47,68,0,37,27,36,72,21,32,71,88,77,92,59.75,71.8,78,40,52,57.142857142857146,49.166666666666664,7,1
p00947,Interview Prof. Sebille,Male,60+,Asian / Asian American,Master's degree / Professional degree,"$168,000 or more",Other,55.08333333333333,49,61,88,19,60,37,83,41,59,0,99,65,96,76,76,65.75,60.4,92,62,13,49.285714285714285,58.833333333333336,3,0
p00948,Interview Prof. Sebille,Male,45-59,Black / African American,Doctorate degree / Ph.D.,"$30,000 to $55,999",Other,56.91666666666666,34,78,49,1,42,71,51,58,100,80,88,31,36,21,54,70.25,57,0,63.666666666666664,72,55.57142857142857,55.666666666666664,3,0
p00949,Interview Prof. Sebille,Female,60+,Black / African American,Bachelor's degree,"$30,000 to $55,999",Independent,69.58333333333334,22,73,99,48,96,52,80,43,95,100,70,57,90,9,52,50.5,56,19,60,76,63.57142857142857,47.666666666666664,6,0
p00950,Interview Prof. Sebille,Male,18-29,White / Caucasian,Some college or Associate's degree,"$30,000 to $55,999",Other,49.33333333333333,62,40,81,67,58,27,78,69,30,22,11,47,44,1,80,28.75,39.4,25,66.33333333333333,81,70.71428571428571,58.333333333333336,5,1
p00951,Interview Prof. Sebille,Female,18-29,Hispanic / Latino,Doctorate degree / Ph.D.,"$56,000 to $99,999",Independent,57.24999999999999,61,97,16,25,72,56,56,49,100,26,89,40,85,90,79,52.5,51.6,56,34.666666666666664,30,57.57142857142857,53,9,0
p00952,Interview Prof. Sebille,Other,45-59,Hispanic / Latino,Doctorate degree / Ph.D.,"$56,000 to $99,999",Republican,48.833333333333336,13,35,68,87,21,39,100,43,62,68,43,7,92,40,24,26.75,43.6,65,49.666666666666664,45,44.57142857142857,63.333333333333336,9,0
p00953,Interview Prof. Sebille,Other,30-44,Hispanic / Latino,Some college or Associate's degree,"$100,000 to $167,999",Independent,55,100,45,74,73,37,62,72,73,50,4,2,68,58,64,47,36.25,36.8,36,65,49,65.85714285714286,38.333333333333336,0,0
p00954,Interview Prof. Sebille,Male,60+,Other,High school diploma / GED,"$30,000 to $55,999",Republican,34.416666666666664,3,86,59,46,49,39,26,17,20,27,19,22,59,0,36,42.25,44,67,50,44,45,47.333333333333336,9,0
p00955,Interview Prof. Sebille,Other,45-59,Other,Less than high school,"Less than $30,000",Democrat,43.666666666666664,51,61,13,42,80,12,100,23,41,15,63,23,50,0,25,42,50.4,19,29.666666666666668,66,49,45.5,0,0
p00956,Interview Prof. Sebille,Other,60+,White / Caucasian,High school diploma / GED,"Less than $30,000",Democrat,46.08333333333333,58,32,74,41,0,66,1,43,53,52,68,65,69,54,64,44.75,47.6,100,30.333333333333332,22,58.285714285714285,57.333333333333336,5,1
p00957,Interview Prof. Sebille,Other,60+,Asian / Asian American,Some college or Associate's degree,"$100,000 to $167,999",Independent,46.916666666666664,55,37,44,78,37,28,100,33,22,49,73,7,32,40,43,67,45.2,52,33.333333333333336,76,58.42857142857143,41.5,2,0
p00958,Interview Prof. Sebille,Other,30-44,Asian / Asian American,Master's degree / Professional degree,"$30,000 to $55,999",Democrat,53.833333333333336,46,53,64,100,100,9,26,24,61,82,42,39,44,50,36,52.75,50,16,53.666666666666664,3,44,61.666666666666664,6,0
p00959,Interview Prof. Sebille,Male,60+,Black / African American,Less than high school,"Less than $30,000",Republican,49.5,2,100,32,90,13,41,100,28,31,54,34,69,24,86,57,33.25,24.8,25,44.333333333333336,72,43.285714285714285,48.5,10,0
p00960,Interview Prof. Sebille,Male,30-44,Black / African American,Less than high school,"Less than $30,000",Other,39.91666666666667,51,15,49,78,11,34,41,20,35,57,19,69,56,4,57,37.5,35.2,55,56,36,50.714285714285715,42.5,7,1
p00961,Extreme weather predictions,Other,30-44,Asian / Asian American,Some college or Associate's degree,"$168,000 or more",Republican,40.75,34,55,31,86,54,31,17,3,36,58,17,67,34,28,74,62.5,30.8,66,46,25,64,46.666666666666664,4,0
p00962,Extreme weather predictions,Male,45-59,White / Caucasian,High school diploma / GED,"$168,000 or more",Republican,46.416666666666664,100,58,66,37,34,35,53,18,63,53,4,36,100,53,61,37.75,49.8,74,43.333333333333336,72,62.857142857142854,38.166666666666664,9,0
p00963,Extreme weather predictions,Other,60+,Hispanic / Latino,Less than high school,"$168,000 or more",Republican,53.58333333333333,52,34,69,88,55,62,14,43,68,39,46,73,60,68,53,56.5,23.4,37,69,52,60.142857142857146,56.666666666666664,8,0
p00964,Extreme weather predictions,Female,60+,Asian / Asian American,High school diploma / GED,"$100,000 to $167,999",Democrat,58.08333333333333,29,65,44,38,100,32,49,45,82,42,83,88,65,70,26,54.25,40.6,16,23.333333333333332,26,54.714285714285715,67.16666666666667,7,0
p00965,Extreme weather predictions,Other,60+,White / Caucasian,Bachelor's degree,"Less than $30,000",Republican,48.166666666666664,59,10,67,75,89,64,35,53,4,57,28,37,67,76,66,63.5,41,54,55.666666666666664,90,35.42857142857143,32.666666666666664,10,0
p00966,Extreme weather predictions,Male,30-44,Asian / Asian American,Master's degree / Professional degree,"$168,000 or more",Other,50.50000000000001,78,0,46,30,30,100,52,55,43,60,69,43,55,68,40,72.5,53.6,42,65.66666666666667,59,64.57142857142857,50.166666666666664,2,0
p00967,Extreme weather predictions,Other,18-29,Asian / Asian American,Master's degree / Professional degree,"$100,000 to $167,999",Democrat,56.166666666666664,37,51,77,86,20,67,66,89,49,76,0,56,18,56,35,43.5,51,58,58.666666666666664,42,56.714285714285715,48.5,0,0
p00968,Extreme weather predictions,Male,45-59,White / Caucasian,Master's degree / Professional degree,"Less than $30,000",Democrat,53.083333333333336,21,51,59,41,71,48,47,77,30,97,65,30,66,51,55,72.25,47.6,17,49.666666666666664,42,56.57142857142857,51.5,6,0
p00969,Extreme weather predictions,Female,60+,White / Caucasian,Bachelor's degree,"$168,000 or more",Democrat,50.41666666666667,100,29,57,36,100,15,64,0,47,100,55,2,28,46,13,62.75,32.6,56,60,9,51.857142857142854,37.333333333333336,3,1
p00970,Extreme weather predictions,Other,30-44,Hispanic / Latino,High school diploma / GED,"Less than $30,000",Other,54.583333333333336,42,56,49,70,73,34,37,43,77,63,55,56,77,89,34,43,56.8,81,66.33333333333333,98,38.42857142857143,42.5,6,0
p00971,Extreme weather predictions,Other,60+,White / Caucasian,Less than high school,"Less than $30,000",Independent,57.25,67,88,37,68,92,67,80,31,23,0,55,79,68,27,0,34.5,62.8,55,28.666666666666668,67,52.42857142857143,41.833333333333336,3,0
p00972,Extreme weather predictions,Male,60+,White / Caucasian,Less than high school,"$100,000 to $167,999",Independent,58.75,26,81,92,61,78,27,29,59,60,68,57,67,49,50,68,31,22.8,88,56.333333333333336,57,26,55.833333333333336,5,0
p00973,Extreme weather predictions,Other,60+,Hispanic / Latino,Master's degree / Professional degree,"$56,000 to $99,999",Independent,38.833333333333336,0,9,0,47,0,28,68,59,97,58,52,48,58,76,55,55.5,57.8,71,54,48,61.42857142857143,57.833333333333336,3,0
p00974,Extreme weather predictions,Other,18-29,Black / African American,Some college or Associate's degree,"$168,000 or more",Republican,47.583333333333336,34,49,62,47,31,14,71,61,98,87,0,17,0,85,11,44.75,43.8,66,45.666666666666664,42,49.857142857142854,54.833333333333336,9,0
p00975,Extreme weather predictions,Male,45-59,Asian / Asian American,Less than high school,"$100,000 to $167,999",Democrat,53.166666666666664,34,26,43,43,62,68,95,61,63,100,32,11,77,66,36,54.75,48,30,47,52,39.142857142857146,62.166666666666664,8,0
p00976,Extreme weather predictions,Male,30-44,Black / African American,Some college or Associate's degree,"Less than $30,000",Republican,48.166666666666664,44,62,38,52,87,4,48,67,0,78,75,23,68,94,33,53.25,46.8,42,83.66666666666667,77,64.71428571428571,29.666666666666668,8,0
p00977,Extreme weather predictions,Other,18-29,Other,Doctorate degree / Ph.D.,"$30,000 to $55,999",Independent,48.166666666666664,59,40,80,0,55,62,86,86,0,47,53,10,56,54,62,59.5,53.6,52,77.66666666666667,35,71,52.5,6,0
p00978,Extreme weather predictions,Other,60+,White / Caucasian,High school diploma / GED,"$100,000 to $167,999",Republican,54,70,66,94,13,3,76,47,35,83,62,47,52,72,23,59,30.25,29.4,79,41.333333333333336,46,62.42857142857143,49.333333333333336,4,0
p00979,Extreme weather predictions,Female,18-29,Asian / Asian American,Master's degree / Professional degree,"Less than $30,000",Republican,53.166666666666664,100,15,8,85,47,70,33,71,55,89,19,46,44,54,69,35.75,37.4,0,57,9,37.285714285714285,54.666666666666664,1,0
p00980,Extreme weather predictions,Male,60+,White / Caucasian,High school diploma / GED,"$100,000 to $167,999",Democrat,44.25,56,39,44,67,47,17,76,71,0,20,39,55,49,0,11,20.75,55,90,55,44,65.71428571428571,46.666666666666664,5,0
p00981,Extreme weather predictions,Female,45-59,White / Caucasian,High school diploma / GED,"Less than $30,000",Other,34.08333333333333,57,55,61,0,4,0,44,67,44,28,47,2,84,22,53,70.5,54,33,39.666666666666664,51,45.142857142857146,60.166666666666664,6,0
p00982,Extreme weather predictions,Male,60+,Black / African American,Master's degree / Professional degree,"$56,000 to $99,999",Independent,42.25,0,39,61,56,17,75,91,38,46,42,30,12,85,38,73,48.25,53.6,100,38,91,59.142857142857146,48.833333333333336,8,0
p00983,Extreme weather predictions,Other,45-59,Hispanic / Latino,Doctorate degree / Ph.D.,"$168,000 or more",Republican,56.58333333333333,61,91,0,0,24,84,81,59,86,41,100,52,28,46,37,47,56.8,23,72,62,46.714285714285715,49.5,4,0
p00984,Extreme weather predictions,Other,60+,Hispanic / Latino,Some college or Associate's degree,"$56,000 to $99,999",Other,49.666666666666664,24,49,21,60,73,38,71,66,54,32,64,44,26,98,57,65,42.2,17,45.333333333333336,56,42,37,4,0
p00985,Extreme weather predictions,Male,18-29,Other,Doctorate degree / Ph.D.,"$56,000 to $99,999",Independent,57.5,99,63,45,81,57,57,81,49,24,23,27,84,45,75,82,63.5,35.2,64,25.333333333333332,21,50.857142857142854,36,7,0
p00986,Extreme weather predictions,Female,18-29,Other,Less than high school,"$30,000 to $55,999",Republican,46.583333333333336,69,32,0,49,84,45,45,6,66,74,49,40,38,54,56,61.75,56.6,62,46,8,41.142857142857146,35.833333333333336,1,1
p00987,Extreme weather predictions,Other,60+,Asian / Asian American,Bachelor's degree,"Less than $30,000",Democrat,47.583333333333336,77,48,62,89,87,58,34,42,9,5,33,27,39,30,100,52,45.8,56,54.333333333333336,28,65,37.166666666666664,10,0
p00988,Extreme weather predictions,Male,18-29,Asian / Asian American,Bachelor's degree,"$168,000 or more",Independent,63.5,59,71,77,71,56,68,20,71,95,13,70,91,30,79,15,65.75,42.8,66,60.333333333333336,89,53.57142857142857,28.5,3,0
p00989,Extreme weather predictions,Other,30-44,White / Caucasian,Some college or Associate's degree,"$30,000 to $55,999",Other,35.833333333333336,25,52,31,51,78,15,17,0,60,46,0,55,0,100,27,51.75,58.4,32,42,68,42,47.333333333333336,1,1
p00990,Extreme weather predictions,Male,60+,Asian / Asian American,Bachelor's degree,"$30,000 to $55,999",Republican,37.83333333333333,49,55,78,48,44,52,51,0,9,44,18,6,53,44,9,39,44,69,38.666666666666664,56,62.285714285714285,45.666666666666664,9,1
p00991,Extreme weather predictions,Female,60+,Other,Doctorate degree / Ph.D.,"Less than $30,000",Republican,58.83333333333333,51,52,62,52,38,90,63,100,30,10,65,93,0,12,33,71.25,47,49,53.666666666666664,50,60.57142857142857,16.833333333333332,8,0
p00992,Extreme weather predictions,Male,45-59,White / Caucasian,Some college or Associate's degree,"$100,000 to $167,999",Republican,49.25,15,52,47,0,31,59,77,72,27,91,57,63,68,62,48,34.75,47.8,53,45.666666666666664,40,53.57142857142857,71.66666666666667,4,0
p00993,Extreme weather predictions,Male,45-59,White / Caucasian,High school diploma / GED,"$30,000 to $55,999",Independent,47.50000000000001,51,79,3,65,22,94,51,39,15,53,32,66,79,48,60,48.25,27.8,20,49,54,53.142857142857146,41.833333333333336,6,0
p00994,Extreme weather predictions,Other,30-44,White / Caucasian,Some college or Associate's degree,"$56,000 to $99,999",Other,50.41666666666667,46,32,65,8,65,48,67,51,42,52,73,56,81,30,11,69.75,52,18,48.666666666666664,60,33.285714285714285,53,1,0
p00995,Extreme weather predictions,Male,60+,Black / African American,High school diploma / GED,"$56,000 to $99,999",Other,50.916666666666664,40,56,100,67,56,79,0,20,85,24,22,62,35,52,13,37.25,56.2,46,60.666666666666664,59,51,60,5,0
p00996,Extreme weather predictions,Other,45-59,Other,Less than high school,"Less than $30,000",Democrat,51.416666666666664,52,100,41,51,46,29,67,35,93,38,15,50,36,0,92,43.75,42.6,75,43.333333333333336,16,64.14285714285714,34,5,1
p00997,Extreme weather predictions,Female,45-59,Other,Bachelor's degree,"Less than $30,000",Republican,60.58333333333333,65,97,33,93,100,63,46,44,28,50,36,72,72,63,26,54.25,40.4,32,67.33333333333333,37,39.714285714285715,64.16666666666667,10,0
p00998,Extreme weather predictions,Other,60+,Black / African American,Bachelor's degree,"$168,000 or more",Independent,51.166666666666664,66,30,72,0,81,33,97,34,58,43,100,0,39,86,4,48.25,61.8,79,73,8,47.57142857142857,64.33333333333333,10,0
p00999,Extreme weather predictions,Female,30-44,Hispanic / Latino,Bachelor's degree,"Less than $30,000",Democrat,62.25000000000001,52,55,36,67,73,69,100,100,32,63,82,18,16,11,65,61,54.6,50,69.66666666666667,60,41.285714285714285,53.833333333333336,1,1
p01000,Extreme weather predictions,Female,45-59,Other,High school diploma / GED,"$56,000 to $99,999",Independent,49,53,27,57,63,34,43,42,51,64,64,35,55,29,100,78,53.5,54.4,51,39.666666666666664,35,60.857142857142854,38.166666666666664,0,0
p01001,Extreme weather predictions,Male,60+,Black / African American,High school diploma / GED,"$30,000 to $55,999",Democrat,50.333333333333336,50,22,16,65,52,59,64,55,52,55,64,50,23,96,40,61,56.6,85,55.333333333333336,53,55.285714285714285,51.5,4,0
p01002,Extreme weather predictions,Female,45-59,Hispanic / Latino,Doctorate degree / Ph.D.,"$30,000 to $55,999",Independent,49.083333333333336,80,40,50,48,91,0,60,13,36,47,57,67,55,49,60,66.5,41.6,87,48.666666666666664,32,40.42857142857143,53.5,9,0
p01003,Extreme weather predictions,Male,45-59,Hispanic / Latino,Doctorate degree / Ph.D.,"Less than $30,000",Democrat,41.66666666666667,0,82,84,0,100,15,0,49,40,43,19,68,50,46,97,57.5,40,96,54.333333333333336,51,44.57142857142857,62,0,0
p01004,Extreme weather predictions,Male,30-44,Black / African American,Less than high school,"Less than $30,000",Republican,56.33333333333333,80,53,28,100,46,20,53,57,75,69,41,54,42,100,54,54.5,60,24,22,33,63.714285714285715,51.666666666666664,7,0
p01005,Extreme weather predictions,Other,45-59,White / Caucasian,High school diploma / GED,"$56,000 to $99,999",Democrat,45.75,70,52,66,69,38,39,30,0,53,56,76,0,24,56,62,59.5,62.8,9,84,11,38.142857142857146,50.333333333333336,1,1
p01006,Extreme weather predictions,Other,30-44,Other,Master's degree / Professional degree,"Less than $30,000",Republican,49.5,6,94,38,64,55,42,44,43,100,58,0,50,30,33,34,46.25,30.6,84,52.333333333333336,65,53.57142857142857,60,7,0
p01007,Extreme weather predictions,Female,30-44,Asian / Asian American,Master's degree / Professional degree,"$30,000 to $55,999",Other,42.083333333333336,64,53,31,24,25,30,29,24,66,43,54,62,73,59,82,78.25,30,64,42,25,66.42857142857143,63.166666666666664,0,1
p01008,Extreme weather predictions,Male,45-59,Hispanic / Latino,Doctorate degree / Ph.D.,"$30,000 to $55,999",Other,48.416666666666664,86,91,1,59,55,26,52,0,53,51,67,40,62,57,93,64.25,62.2,100,60,34,56.857142857142854,61.833333333333336,7,1
p01009,Extreme weather predictions,Female,45-59,Other,Some college or Associate's degree,"$100,000 to $167,999",Republican,54.666666666666664,78,62,55,44,100,66,26,56,37,69,32,31,87,87,37,32.25,54,40,51.333333333333336,21,53.285714285714285,57.5,3,0
p01010,Extreme weather predictions,Other,60+,Asian / Asian American,Bachelor's degree,"$30,000 to $55,999",Other,48.75,56,37,63,12,54,41,100,62,4,45,49,62,62,55,44,59.75,48.4,100,65.66666666666667,84,64.57142857142857,45.833333333333336,0,1
p01011,Extreme weather predictions,Female,60+,Asian / Asian American,Doctorate degree / Ph.D.,"$168,000 or more",Democrat,59.16666666666667,46,70,33,94,76,74,36,21,64,47,49,100,68,57,65,51.75,76.8,59,30.333333333333332,47,46.285714285714285,45,8,0
p01012,Extreme weather predictions,Other,60+,Asian / Asian American,High school diploma / GED,"Less than $30,000",Republican,51.91666666666667,45,63,45,52,84,51,62,25,70,54,23,49,32,64,89,49.75,83,39,46.666666666666664,80,30.428571428571427,75.66666666666667,1,0
p01013,Extreme weather predictions,Other,60+,Asian / Asian American,Some college or Associate's degree,"$30,000 to $55,999",Independent,48.75,22,33,68,75,63,25,22,59,81,68,62,7,15,56,68,27.75,53.6,48,41,26,58.57142857142857,50.5,9,0
p01014,Extreme weather predictions,Other,60+,Asian / Asian American,Doctorate degree / Ph.D.,"Less than $30,000",Independent,61.41666666666667,18,81,98,58,88,40,44,26,55,93,59,77,29,100,65,42.5,43,39,52.666666666666664,13,40.42857142857143,39.333333333333336,4,0
p01015,Extreme weather predictions,Female,45-59,Black / African American,Doctorate degree / Ph.D.,"$168,000 or more",Republican,37.25,41,44,57,20,0,13,60,0,54,80,33,45,74,60,58,56.75,62.4,34,69.33333333333333,55,48.42857142857143,65.16666666666667,1,0
p01016,Extreme weather predictions,Male,18-29,Black / African American,Less than high school,"$56,000 to $99,999",Democrat,49.75,74,43,0,88,76,0,72,94,29,38,41,42,71,58,58,44,70.6,16,37.333333333333336,0,45.57142857142857,48.166666666666664,5,0
p01017,Extreme weather predictions,Male,60+,Other,Doctorate degree / Ph.D.,"$56,000 to $99,999",Democrat,55.333333333333336,57,100,100,14,18,50,59,44,51,79,20,72,0,51,61,40,40.2,14,36,49,50.285714285714285,62.833333333333336,5,1
p01018,Extreme weather predictions,Female,30-44,Black / African American,Master's degree / Professional degree,"$168,000 or more",Democrat,45.083333333333336,44,6,0,13,48,56,83,55,89,72,39,36,62,49,68,54.75,59,53,60.666666666666664,68,49.57142857142857,45.833333333333336,2,0
p01019,Extreme weather predictions,Other,60+,Hispanic / Latino,Less than high school,"$100,000 to $167,999",Other,57.416666666666664,80,72,80,31,45,71,54,24,31,65,70,66,0,52,25,47,44.4,39,45.666666666666664,60,41.42857142857143,39.833333333333336,5,0
p01020,Extreme weather predictions,Other,60+,Asian / Asian American,High school diploma / GED,"$100,000 to $167,999",Democrat,61.66666666666667,71,100,56,100,72,100,66,28,45,11,65,26,64,48,31,52,28,35,46,44,45.57142857142857,53.5,0,0
