condition,moderator,moderator_level,outcome,mean
control,gender,Male,behavior_mean,45
control,gender,Male,belief_post,48
control,gender,Male,concern_mean,55.067
control,gender,Male,distrust_post,46.333
control,gender,Male,donation_ams,3.4
control,gender,Male,funding_perceptions,60.067
control,gender,Male,inst_trust_mean,46.92
control,gender,Male,newsletter_signup,0.2
control,gender,Male,policy_general,57.333
control,gender,Male,policy_role_mean,43.2
control,gender,Male,policy_specific_mean,51.21
control,gender,Male,trust_multidimensional,51.35
control,gender,Male,trust_post,53.933
control,gender,Female,behavior_mean,49.019
control,gender,Female,belief_post,55.846
control,gender,Female,concern_mean,53.141
control,gender,Female,distrust_post,53.615
control,gender,Female,donation_ams,5.423
control,gender,Female,funding_perceptions,51.308
control,gender,Female,inst_trust_mean,47.185
control,gender,Female,newsletter_signup,0.115
control,gender,Female,policy_general,42.577
control,gender,Female,policy_role_mean,50.471
control,gender,Female,policy_specific_mean,49.429
control,gender,Female,trust_multidimensional,50.196
control,gender,Female,trust_post,50.692
control,gender,Other,behavior_mean,49.912
control,gender,Other,belief_post,49.737
control,gender,Other,concern_mean,51.702
control,gender,Other,distrust_post,43.316
control,gender,Other,donation_ams,4.526
control,gender,Other,funding_perceptions,51.474
control,gender,Other,inst_trust_mean,44.453
control,gender,Other,newsletter_signup,0.211
control,gender,Other,policy_general,36.368
control,gender,Other,policy_role_mean,53.632
control,gender,Other,policy_specific_mean,52.398
control,gender,Other,trust_multidimensional,50.531
control,gender,Other,trust_post,51.789
Corporate reliance,gender,Male,behavior_mean,52.567
Corporate reliance,gender,Male,belief_post,46.95
Corporate reliance,gender,Male,concern_mean,56.117
Corporate reliance,gender,Male,distrust_post,39.2
Corporate reliance,gender,Male,donation_ams,4.9
Corporate reliance,gender,Male,funding_perceptions,49.1
Corporate reliance,gender,Male,inst_trust_mean,51.85
Corporate reliance,gender,Male,newsletter_signup,0.3
Corporate reliance,gender,Male,policy_general,48.1
Corporate reliance,gender,Male,policy_role_mean,52.013
Corporate reliance,gender,Male,policy_specific_mean,51.007
Corporate reliance,gender,Male,trust_multidimensional,50.346
Corporate reliance,gender,Male,trust_post,45.9
Corporate reliance,gender,Female,behavior_mean,46.884
Corporate reliance,gender,Female,belief_post,43.13
Corporate reliance,gender,Female,concern_mean,46.507
Corporate reliance,gender,Female,distrust_post,48
Corporate reliance,gender,Female,donation_ams,4.87
Corporate reliance,gender,Female,funding_perceptions,45.261
Corporate reliance,gender,Female,inst_trust_mean,51.33
Corporate reliance,gender,Female,newsletter_signup,0.348
Corporate reliance,gender,Female,policy_general,47.304
Corporate reliance,gender,Female,policy_role_mean,47.304
Corporate reliance,gender,Female,policy_specific_mean,48.77
Corporate reliance,gender,Female,trust_multidimensional,51.826
Corporate reliance,gender,Female,trust_post,47.826
Corporate reliance,gender,Other,behavior_mean,43.353
Corporate reliance,gender,Other,belief_post,50.059
Corporate reliance,gender,Other,concern_mean,54.451
Corporate reliance,gender,Other,distrust_post,50.176
Corporate reliance,gender,Other,donation_ams,5.529
Corporate reliance,gender,Other,funding_perceptions,53.412
Corporate reliance,gender,Other,inst_trust_mean,54.082
Corporate reliance,gender,Other,newsletter_signup,0.294
Corporate reliance,gender,Other,policy_general,53.235
Corporate reliance,gender,Other,policy_role_mean,50.059
Corporate reliance,gender,Other,policy_specific_mean,48.311
Corporate reliance,gender,Other,trust_multidimensional,48.539
Corporate reliance,gender,Other,trust_post,46.353
Social justice,gender,Male,behavior_mean,52.38
Social justice,gender,Male,belief_post,56.944
Social justice,gender,Male,concern_mean,48.278
Social justice,gender,Male,distrust_post,49
Social justice,gender,Male,donation_ams,5.5
Social justice,gender,Male,funding_perceptions,56.167
Social justice,gender,Male,inst_trust_mean,47.222
Social justice,gender,Male,newsletter_signup,0.278
Social justice,gender,Male,policy_general,55.5
Social justice,gender,Male,policy_role_mean,48.986
Social justice,gender,Male,policy_specific_mean,50.349
Social justice,gender,Male,trust_multidimensional,50.708
Social justice,gender,Male,trust_post,44.278
Social justice,gender,Female,behavior_mean,50.507
Social justice,gender,Female,belief_post,46.375
Social justice,gender,Female,concern_mean,47.611
Social justice,gender,Female,distrust_post,51.25
Social justice,gender,Female,donation_ams,4.792
Social justice,gender,Female,funding_perceptions,51.458
Social justice,gender,Female,inst_trust_mean,51.833
Social justice,gender,Female,newsletter_signup,0.208
Social justice,gender,Female,policy_general,57.125
Social justice,gender,Female,policy_role_mean,47.479
Social justice,gender,Female,policy_specific_mean,48.488
Social justice,gender,Female,trust_multidimensional,53.271
Social justice,gender,Female,trust_post,56.375
Social justice,gender,Other,behavior_mean,47.194
Social justice,gender,Other,belief_post,46.667
Social justice,gender,Other,concern_mean,51.963
Social justice,gender,Other,distrust_post,52.889
Social justice,gender,Other,donation_ams,3.833
Social justice,gender,Other,funding_perceptions,33.833
Social justice,gender,Other,inst_trust_mean,48.2
Social justice,gender,Other,newsletter_signup,0.111
Social justice,gender,Other,policy_general,44.889
Social justice,gender,Other,policy_role_mean,50.611
Social justice,gender,Other,policy_specific_mean,50.198
Social justice,gender,Other,trust_multidimensional,51.694
Social justice,gender,Other,trust_post,51.389
Interview Prof. Maraun,gender,Male,behavior_mean,51.841
Interview Prof. Maraun,gender,Male,belief_post,48.565
Interview Prof. Maraun,gender,Male,concern_mean,49.681
Interview Prof. Maraun,gender,Male,distrust_post,53.304
Interview Prof. Maraun,gender,Male,donation_ams,4.565
Interview Prof. Maraun,gender,Male,funding_perceptions,53.13
Interview Prof. Maraun,gender,Male,inst_trust_mean,50.409
Interview Prof. Maraun,gender,Male,newsletter_signup,0.348
Interview Prof. Maraun,gender,Male,policy_general,50.217
Interview Prof. Maraun,gender,Male,policy_role_mean,49.772
Interview Prof. Maraun,gender,Male,policy_specific_mean,52.683
Interview Prof. Maraun,gender,Male,trust_multidimensional,50.098
Interview Prof. Maraun,gender,Male,trust_post,47.348
Interview Prof. Maraun,gender,Female,behavior_mean,48.591
Interview Prof. Maraun,gender,Female,belief_post,52.909
Interview Prof. Maraun,gender,Female,concern_mean,50.439
Interview Prof. Maraun,gender,Female,distrust_post,54.955
Interview Prof. Maraun,gender,Female,donation_ams,4.864
Interview Prof. Maraun,gender,Female,funding_perceptions,45.364
Interview Prof. Maraun,gender,Female,inst_trust_mean,52.127
Interview Prof. Maraun,gender,Female,newsletter_signup,0.045
Interview Prof. Maraun,gender,Female,policy_general,52
Interview Prof. Maraun,gender,Female,policy_role_mean,48.818
Interview Prof. Maraun,gender,Female,policy_specific_mean,50.61
Interview Prof. Maraun,gender,Female,trust_multidimensional,51.254
Interview Prof. Maraun,gender,Female,trust_post,48.409
Interview Prof. Maraun,gender,Other,behavior_mean,54.178
Interview Prof. Maraun,gender,Other,belief_post,55.067
Interview Prof. Maraun,gender,Other,concern_mean,48.422
Interview Prof. Maraun,gender,Other,distrust_post,42.467
Interview Prof. Maraun,gender,Other,donation_ams,6.067
Interview Prof. Maraun,gender,Other,funding_perceptions,53.933
Interview Prof. Maraun,gender,Other,inst_trust_mean,56.68
Interview Prof. Maraun,gender,Other,newsletter_signup,0.067
Interview Prof. Maraun,gender,Other,policy_general,49.467
Interview Prof. Maraun,gender,Other,policy_role_mean,54.45
Interview Prof. Maraun,gender,Other,policy_specific_mean,44.59
Interview Prof. Maraun,gender,Other,trust_multidimensional,50.244
Interview Prof. Maraun,gender,Other,trust_post,46.067
Funding,gender,Male,behavior_mean,49.877
Funding,gender,Male,belief_post,50.174
Funding,gender,Male,concern_mean,49.652
Funding,gender,Male,distrust_post,51.348
Funding,gender,Male,donation_ams,5.565
Funding,gender,Male,funding_perceptions,56.304
Funding,gender,Male,inst_trust_mean,48.696
Funding,gender,Male,newsletter_signup,0.174
Funding,gender,Male,policy_general,55.609
Funding,gender,Male,policy_role_mean,52.554
Funding,gender,Male,policy_specific_mean,49.404
Funding,gender,Male,trust_multidimensional,53.333
Funding,gender,Male,trust_post,54.391
Funding,gender,Female,behavior_mean,49.617
Funding,gender,Female,belief_post,56.05
Funding,gender,Female,concern_mean,53.883
Funding,gender,Female,distrust_post,61.85
Funding,gender,Female,donation_ams,5.1
Funding,gender,Female,funding_perceptions,55
Funding,gender,Female,inst_trust_mean,47.12
Funding,gender,Female,newsletter_signup,0.15
Funding,gender,Female,policy_general,43.6
Funding,gender,Female,policy_role_mean,47.788
Funding,gender,Female,policy_specific_mean,54.271
Funding,gender,Female,trust_multidimensional,50.733
Funding,gender,Female,trust_post,42.2
Funding,gender,Other,behavior_mean,51.225
Funding,gender,Other,belief_post,57.059
Funding,gender,Other,concern_mean,42.51
Funding,gender,Other,distrust_post,47.824
Funding,gender,Other,donation_ams,5.412
Funding,gender,Other,funding_perceptions,45.706
Funding,gender,Other,inst_trust_mean,49.824
Funding,gender,Other,newsletter_signup,0.294
Funding,gender,Other,policy_general,43.471
Funding,gender,Other,policy_role_mean,51.279
Funding,gender,Other,policy_specific_mean,48.941
Funding,gender,Other,trust_multidimensional,52.098
Funding,gender,Other,trust_post,47.529
Oil industry misinformation,gender,Male,behavior_mean,50.592
Oil industry misinformation,gender,Male,belief_post,44.25
Oil industry misinformation,gender,Male,concern_mean,49.05
Oil industry misinformation,gender,Male,distrust_post,55
Oil industry misinformation,gender,Male,donation_ams,4.9
Oil industry misinformation,gender,Male,funding_perceptions,43.1
Oil industry misinformation,gender,Male,inst_trust_mean,45.93
Oil industry misinformation,gender,Male,newsletter_signup,0.2
Oil industry misinformation,gender,Male,policy_general,47.2
Oil industry misinformation,gender,Male,policy_role_mean,47.15
Oil industry misinformation,gender,Male,policy_specific_mean,53.5
Oil industry misinformation,gender,Male,trust_multidimensional,46.404
Oil industry misinformation,gender,Male,trust_post,51.05
Oil industry misinformation,gender,Female,behavior_mean,47.222
Oil industry misinformation,gender,Female,belief_post,40
Oil industry misinformation,gender,Female,concern_mean,53.644
Oil industry misinformation,gender,Female,distrust_post,54.267
Oil industry misinformation,gender,Female,donation_ams,5.067
Oil industry misinformation,gender,Female,funding_perceptions,52.8
Oil industry misinformation,gender,Female,inst_trust_mean,46.987
Oil industry misinformation,gender,Female,newsletter_signup,0.2
Oil industry misinformation,gender,Female,policy_general,50.6
Oil industry misinformation,gender,Female,policy_role_mean,44.667
Oil industry misinformation,gender,Female,policy_specific_mean,46.181
Oil industry misinformation,gender,Female,trust_multidimensional,48.739
Oil industry misinformation,gender,Female,trust_post,52.933
Oil industry misinformation,gender,Other,behavior_mean,46.773
Oil industry misinformation,gender,Other,belief_post,54.48
Oil industry misinformation,gender,Other,concern_mean,49.467
Oil industry misinformation,gender,Other,distrust_post,60.72
Oil industry misinformation,gender,Other,donation_ams,4
Oil industry misinformation,gender,Other,funding_perceptions,52.76
Oil industry misinformation,gender,Other,inst_trust_mean,47.232
Oil industry misinformation,gender,Other,newsletter_signup,0.08
Oil industry misinformation,gender,Other,policy_general,48.92
Oil industry misinformation,gender,Other,policy_role_mean,49.62
Oil industry misinformation,gender,Other,policy_specific_mean,49.851
Oil industry misinformation,gender,Other,trust_multidimensional,48.917
Oil industry misinformation,gender,Other,trust_post,45.28
Measurement & modeling (1),gender,Male,behavior_mean,46.422
Measurement & modeling (1),gender,Male,belief_post,53.533
Measurement & modeling (1),gender,Male,concern_mean,50.778
Measurement & modeling (1),gender,Male,distrust_post,50.333
Measurement & modeling (1),gender,Male,donation_ams,7.667
Measurement & modeling (1),gender,Male,funding_perceptions,54.6
Measurement & modeling (1),gender,Male,inst_trust_mean,47.2
Measurement & modeling (1),gender,Male,newsletter_signup,0.333
Measurement & modeling (1),gender,Male,policy_general,54.733
Measurement & modeling (1),gender,Male,policy_role_mean,46.367
Measurement & modeling (1),gender,Male,policy_specific_mean,50.676
Measurement & modeling (1),gender,Male,trust_multidimensional,46.394
Measurement & modeling (1),gender,Male,trust_post,46.333
Measurement & modeling (1),gender,Female,behavior_mean,47.905
Measurement & modeling (1),gender,Female,belief_post,46.607
Measurement & modeling (1),gender,Female,concern_mean,50.595
Measurement & modeling (1),gender,Female,distrust_post,47.893
Measurement & modeling (1),gender,Female,donation_ams,5.357
Measurement & modeling (1),gender,Female,funding_perceptions,40.857
Measurement & modeling (1),gender,Female,inst_trust_mean,52.271
Measurement & modeling (1),gender,Female,newsletter_signup,0.321
Measurement & modeling (1),gender,Female,policy_general,50.964
Measurement & modeling (1),gender,Female,policy_role_mean,50.536
Measurement & modeling (1),gender,Female,policy_specific_mean,52.066
Measurement & modeling (1),gender,Female,trust_multidimensional,48.604
Measurement & modeling (1),gender,Female,trust_post,45
Measurement & modeling (1),gender,Other,behavior_mean,48.706
Measurement & modeling (1),gender,Other,belief_post,49.765
Measurement & modeling (1),gender,Other,concern_mean,45.451
Measurement & modeling (1),gender,Other,distrust_post,57.647
Measurement & modeling (1),gender,Other,donation_ams,5.529
Measurement & modeling (1),gender,Other,funding_perceptions,48.471
Measurement & modeling (1),gender,Other,inst_trust_mean,46.976
Measurement & modeling (1),gender,Other,newsletter_signup,0.176
Measurement & modeling (1),gender,Other,policy_general,49
Measurement & modeling (1),gender,Other,policy_role_mean,46.912
Measurement & modeling (1),gender,Other,policy_specific_mean,51.622
Measurement & modeling (1),gender,Other,trust_multidimensional,50.299
Measurement & modeling (1),gender,Other,trust_post,51.294
Former skeptics,gender,Male,behavior_mean,48.938
Former skeptics,gender,Male,belief_post,52.833
Former skeptics,gender,Male,concern_mean,46.958
Former skeptics,gender,Male,distrust_post,51.375
Former skeptics,gender,Male,donation_ams,4.958
Former skeptics,gender,Male,funding_perceptions,41
Former skeptics,gender,Male,inst_trust_mean,51.558
Former skeptics,gender,Male,newsletter_signup,0.333
Former skeptics,gender,Male,policy_general,49
Former skeptics,gender,Male,policy_role_mean,48.292
Former skeptics,gender,Male,policy_specific_mean,48.31
Former skeptics,gender,Male,trust_multidimensional,49.497
Former skeptics,gender,Male,trust_post,56.458
Former skeptics,gender,Female,behavior_mean,51.395
Former skeptics,gender,Female,belief_post,39.211
Former skeptics,gender,Female,concern_mean,47.105
Former skeptics,gender,Female,distrust_post,46.263
Former skeptics,gender,Female,donation_ams,5.211
Former skeptics,gender,Female,funding_perceptions,46.316
Former skeptics,gender,Female,inst_trust_mean,50.705
Former skeptics,gender,Female,newsletter_signup,0.211
Former skeptics,gender,Female,policy_general,63.263
Former skeptics,gender,Female,policy_role_mean,51.987
Former skeptics,gender,Female,policy_specific_mean,47.797
Former skeptics,gender,Female,trust_multidimensional,48.61
Former skeptics,gender,Female,trust_post,47.684
Former skeptics,gender,Other,behavior_mean,50.382
Former skeptics,gender,Other,belief_post,56.176
Former skeptics,gender,Other,concern_mean,51.588
Former skeptics,gender,Other,distrust_post,44.941
Former skeptics,gender,Other,donation_ams,5.647
Former skeptics,gender,Other,funding_perceptions,47.235
Former skeptics,gender,Other,inst_trust_mean,50.682
Former skeptics,gender,Other,newsletter_signup,0.118
Former skeptics,gender,Other,policy_general,45.412
Former skeptics,gender,Other,policy_role_mean,46.618
Former skeptics,gender,Other,policy_specific_mean,51.697
Former skeptics,gender,Other,trust_multidimensional,50.044
Former skeptics,gender,Other,trust_post,54.588
High public trust,gender,Male,behavior_mean,47.042
High public trust,gender,Male,belief_post,54.35
High public trust,gender,Male,concern_mean,57.05
High public trust,gender,Male,distrust_post,42
High public trust,gender,Male,donation_ams,4.6
High public trust,gender,Male,funding_perceptions,45.95
High public trust,gender,Male,inst_trust_mean,49.18
High public trust,gender,Male,newsletter_signup,0.15
High public trust,gender,Male,policy_general,57.9
High public trust,gender,Male,policy_role_mean,48.35
High public trust,gender,Male,policy_specific_mean,49.679
High public trust,gender,Male,trust_multidimensional,47.525
High public trust,gender,Male,trust_post,45.45
High public trust,gender,Female,behavior_mean,48.986
High public trust,gender,Female,belief_post,57.583
High public trust,gender,Female,concern_mean,44.167
High public trust,gender,Female,distrust_post,57.667
High public trust,gender,Female,donation_ams,5.25
High public trust,gender,Female,funding_perceptions,48.5
High public trust,gender,Female,inst_trust_mean,46.4
High public trust,gender,Female,newsletter_signup,0.25
High public trust,gender,Female,policy_general,53.167
High public trust,gender,Female,policy_role_mean,51.479
High public trust,gender,Female,policy_specific_mean,48.964
High public trust,gender,Female,trust_multidimensional,47.153
High public trust,gender,Female,trust_post,58.75
High public trust,gender,Other,behavior_mean,50.339
High public trust,gender,Other,belief_post,56.857
High public trust,gender,Other,concern_mean,52.321
High public trust,gender,Other,distrust_post,58.357
High public trust,gender,Other,donation_ams,4.964
High public trust,gender,Other,funding_perceptions,53.429
High public trust,gender,Other,inst_trust_mean,54.071
High public trust,gender,Other,newsletter_signup,0.393
High public trust,gender,Other,policy_general,52.464
High public trust,gender,Other,policy_role_mean,47.241
High public trust,gender,Other,policy_specific_mean,53.724
High public trust,gender,Other,trust_multidimensional,51.652
High public trust,gender,Other,trust_post,55.25
Measurement & modeling (2),gender,Male,behavior_mean,51.198
Measurement & modeling (2),gender,Male,belief_post,54.095
Measurement & modeling (2),gender,Male,concern_mean,49.175
Measurement & modeling (2),gender,Male,distrust_post,46.286
Measurement & modeling (2),gender,Male,donation_ams,4.143
Measurement & modeling (2),gender,Male,funding_perceptions,53.381
Measurement & modeling (2),gender,Male,inst_trust_mean,53.59
Measurement & modeling (2),gender,Male,newsletter_signup,0.143
Measurement & modeling (2),gender,Male,policy_general,59.571
Measurement & modeling (2),gender,Male,policy_role_mean,50.833
Measurement & modeling (2),gender,Male,policy_specific_mean,51.122
Measurement & modeling (2),gender,Male,trust_multidimensional,50.179
Measurement & modeling (2),gender,Male,trust_post,58.905
Measurement & modeling (2),gender,Female,behavior_mean,50.667
Measurement & modeling (2),gender,Female,belief_post,39.556
Measurement & modeling (2),gender,Female,concern_mean,48.259
Measurement & modeling (2),gender,Female,distrust_post,51.556
Measurement & modeling (2),gender,Female,donation_ams,5.778
Measurement & modeling (2),gender,Female,funding_perceptions,50.111
Measurement & modeling (2),gender,Female,inst_trust_mean,54.244
Measurement & modeling (2),gender,Female,newsletter_signup,0.389
Measurement & modeling (2),gender,Female,policy_general,48.444
Measurement & modeling (2),gender,Female,policy_role_mean,49.694
Measurement & modeling (2),gender,Female,policy_specific_mean,49.222
Measurement & modeling (2),gender,Female,trust_multidimensional,50.037
Measurement & modeling (2),gender,Female,trust_post,54.889
Measurement & modeling (2),gender,Other,behavior_mean,51.532
Measurement & modeling (2),gender,Other,belief_post,51.476
Measurement & modeling (2),gender,Other,concern_mean,45.905
Measurement & modeling (2),gender,Other,distrust_post,56.048
Measurement & modeling (2),gender,Other,donation_ams,5.095
Measurement & modeling (2),gender,Other,funding_perceptions,46.095
Measurement & modeling (2),gender,Other,inst_trust_mean,52.705
Measurement & modeling (2),gender,Other,newsletter_signup,0.095
Measurement & modeling (2),gender,Other,policy_general,47.286
Measurement & modeling (2),gender,Other,policy_role_mean,49.071
Measurement & modeling (2),gender,Other,policy_specific_mean,50.646
Measurement & modeling (2),gender,Other,trust_multidimensional,48.27
Measurement & modeling (2),gender,Other,trust_post,54.143
Peer-review,gender,Male,behavior_mean,51.618
Peer-review,gender,Male,belief_post,42.824
Peer-review,gender,Male,concern_mean,46.176
Peer-review,gender,Male,distrust_post,53.529
Peer-review,gender,Male,donation_ams,4.176
Peer-review,gender,Male,funding_perceptions,55.824
Peer-review,gender,Male,inst_trust_mean,46.918
Peer-review,gender,Male,newsletter_signup,0.294
Peer-review,gender,Male,policy_general,35.118
Peer-review,gender,Male,policy_role_mean,47
Peer-review,gender,Male,policy_specific_mean,48.261
Peer-review,gender,Male,trust_multidimensional,48.912
Peer-review,gender,Male,trust_post,38
Peer-review,gender,Female,behavior_mean,50.542
Peer-review,gender,Female,belief_post,57.062
Peer-review,gender,Female,concern_mean,47.271
Peer-review,gender,Female,distrust_post,51.812
Peer-review,gender,Female,donation_ams,4.562
Peer-review,gender,Female,funding_perceptions,47.188
Peer-review,gender,Female,inst_trust_mean,49.513
Peer-review,gender,Female,newsletter_signup,0.312
Peer-review,gender,Female,policy_general,52.875
Peer-review,gender,Female,policy_role_mean,51.953
Peer-review,gender,Female,policy_specific_mean,51.777
Peer-review,gender,Female,trust_multidimensional,52.203
Peer-review,gender,Female,trust_post,49.25
Peer-review,gender,Other,behavior_mean,47.883
Peer-review,gender,Other,belief_post,51.37
Peer-review,gender,Other,concern_mean,45.469
Peer-review,gender,Other,distrust_post,41.593
Peer-review,gender,Other,donation_ams,5.296
Peer-review,gender,Other,funding_perceptions,41.741
Peer-review,gender,Other,inst_trust_mean,50.356
Peer-review,gender,Other,newsletter_signup,0.148
Peer-review,gender,Other,policy_general,48.296
Peer-review,gender,Other,policy_role_mean,47.056
Peer-review,gender,Other,policy_specific_mean,45.937
Peer-review,gender,Other,trust_multidimensional,51.108
Peer-review,gender,Other,trust_post,50.63
Scientist community helpers,gender,Male,behavior_mean,55.241
Scientist community helpers,gender,Male,belief_post,46.722
Scientist community helpers,gender,Male,concern_mean,44.889
Scientist community helpers,gender,Male,distrust_post,51.556
Scientist community helpers,gender,Male,donation_ams,5.944
Scientist community helpers,gender,Male,funding_perceptions,38.167
Scientist community helpers,gender,Male,inst_trust_mean,46.356
Scientist community helpers,gender,Male,newsletter_signup,0.167
Scientist community helpers,gender,Male,policy_general,44.389
Scientist community helpers,gender,Male,policy_role_mean,49.75
Scientist community helpers,gender,Male,policy_specific_mean,49.143
Scientist community helpers,gender,Male,trust_multidimensional,48.75
Scientist community helpers,gender,Male,trust_post,58.778
Scientist community helpers,gender,Female,behavior_mean,52.533
Scientist community helpers,gender,Female,belief_post,43.5
Scientist community helpers,gender,Female,concern_mean,46.833
Scientist community helpers,gender,Female,distrust_post,45.1
Scientist community helpers,gender,Female,donation_ams,4.5
Scientist community helpers,gender,Female,funding_perceptions,54.55
Scientist community helpers,gender,Female,inst_trust_mean,47.89
Scientist community helpers,gender,Female,newsletter_signup,0.2
Scientist community helpers,gender,Female,policy_general,44.55
Scientist community helpers,gender,Female,policy_role_mean,53.35
Scientist community helpers,gender,Female,policy_specific_mean,47.529
Scientist community helpers,gender,Female,trust_multidimensional,50.558
Scientist community helpers,gender,Female,trust_post,51.95
Scientist community helpers,gender,Other,behavior_mean,47.871
Scientist community helpers,gender,Other,belief_post,48.5
Scientist community helpers,gender,Other,concern_mean,49.47
Scientist community helpers,gender,Other,distrust_post,52.182
Scientist community helpers,gender,Other,donation_ams,5.409
Scientist community helpers,gender,Other,funding_perceptions,60.909
Scientist community helpers,gender,Other,inst_trust_mean,53.982
Scientist community helpers,gender,Other,newsletter_signup,0.227
Scientist community helpers,gender,Other,policy_general,59.773
Scientist community helpers,gender,Other,policy_role_mean,49.523
Scientist community helpers,gender,Other,policy_specific_mean,52.143
Scientist community helpers,gender,Other,trust_multidimensional,50.466
Scientist community helpers,gender,Other,trust_post,51.636
Consensus,gender,Male,behavior_mean,49.968
Consensus,gender,Male,belief_post,51.619
Consensus,gender,Male,concern_mean,54.619
Consensus,gender,Male,distrust_post,39.429
Consensus,gender,Male,donation_ams,5.619
Consensus,gender,Male,funding_perceptions,51.81
Consensus,gender,Male,inst_trust_mean,49.981
Consensus,gender,Male,newsletter_signup,0.19
Consensus,gender,Male,policy_general,53.857
Consensus,gender,Male,policy_role_mean,52.298
Consensus,gender,Male,policy_specific_mean,52.293
Consensus,gender,Male,trust_multidimensional,53.488
Consensus,gender,Male,trust_post,49.81
Consensus,gender,Female,behavior_mean,53.28
Consensus,gender,Female,belief_post,53.318
Consensus,gender,Female,concern_mean,45.182
Consensus,gender,Female,distrust_post,45.227
Consensus,gender,Female,donation_ams,5
Consensus,gender,Female,funding_perceptions,40.773
Consensus,gender,Female,inst_trust_mean,46.755
Consensus,gender,Female,newsletter_signup,0.227
Consensus,gender,Female,policy_general,37.955
Consensus,gender,Female,policy_role_mean,46.568
Consensus,gender,Female,policy_specific_mean,49.851
Consensus,gender,Female,trust_multidimensional,49.508
Consensus,gender,Female,trust_post,48.545
Consensus,gender,Other,behavior_mean,49.01
Consensus,gender,Other,belief_post,60.471
Consensus,gender,Other,concern_mean,43.49
Consensus,gender,Other,distrust_post,49.647
Consensus,gender,Other,donation_ams,4.706
Consensus,gender,Other,funding_perceptions,39.824
Consensus,gender,Other,inst_trust_mean,52.765
Consensus,gender,Other,newsletter_signup,0.235
Consensus,gender,Other,policy_general,48.412
Consensus,gender,Other,policy_role_mean,43.971
Consensus,gender,Other,policy_specific_mean,51.983
Consensus,gender,Other,trust_multidimensional,52.995
Consensus,gender,Other,trust_post,59.412
Portrait Prof. Cherry,gender,Male,behavior_mean,48.825
Portrait Prof. Cherry,gender,Male,belief_post,50.421
Portrait Prof. Cherry,gender,Male,concern_mean,48.491
Portrait Prof. Cherry,gender,Male,distrust_post,48.684
Portrait Prof. Cherry,gender,Male,donation_ams,5.158
Portrait Prof. Cherry,gender,Male,funding_perceptions,53.579
Portrait Prof. Cherry,gender,Male,inst_trust_mean,50.158
Portrait Prof. Cherry,gender,Male,newsletter_signup,0.263
Portrait Prof. Cherry,gender,Male,policy_general,52.053
Portrait Prof. Cherry,gender,Male,policy_role_mean,49.921
Portrait Prof. Cherry,gender,Male,policy_specific_mean,51.865
Portrait Prof. Cherry,gender,Male,trust_multidimensional,49.474
Portrait Prof. Cherry,gender,Male,trust_post,46.368
Portrait Prof. Cherry,gender,Female,behavior_mean,47.812
Portrait Prof. Cherry,gender,Female,belief_post,54.312
Portrait Prof. Cherry,gender,Female,concern_mean,54.979
Portrait Prof. Cherry,gender,Female,distrust_post,43.125
Portrait Prof. Cherry,gender,Female,donation_ams,5.562
Portrait Prof. Cherry,gender,Female,funding_perceptions,39.25
Portrait Prof. Cherry,gender,Female,inst_trust_mean,48.075
Portrait Prof. Cherry,gender,Female,newsletter_signup,0.125
Portrait Prof. Cherry,gender,Female,policy_general,45
Portrait Prof. Cherry,gender,Female,policy_role_mean,46.844
Portrait Prof. Cherry,gender,Female,policy_specific_mean,50.938
Portrait Prof. Cherry,gender,Female,trust_multidimensional,48.562
Portrait Prof. Cherry,gender,Female,trust_post,48.688
Portrait Prof. Cherry,gender,Other,behavior_mean,51.387
Portrait Prof. Cherry,gender,Other,belief_post,58.24
Portrait Prof. Cherry,gender,Other,concern_mean,47.573
Portrait Prof. Cherry,gender,Other,distrust_post,48.4
Portrait Prof. Cherry,gender,Other,donation_ams,5.36
Portrait Prof. Cherry,gender,Other,funding_perceptions,44.8
Portrait Prof. Cherry,gender,Other,inst_trust_mean,47.296
Portrait Prof. Cherry,gender,Other,newsletter_signup,0.24
Portrait Prof. Cherry,gender,Other,policy_general,58.64
Portrait Prof. Cherry,gender,Other,policy_role_mean,46.32
Portrait Prof. Cherry,gender,Other,policy_specific_mean,47.903
Portrait Prof. Cherry,gender,Other,trust_multidimensional,48.933
Portrait Prof. Cherry,gender,Other,trust_post,42.92
Model accuracy,gender,Male,behavior_mean,53.343
Model accuracy,gender,Male,belief_post,43.412
Model accuracy,gender,Male,concern_mean,54.784
Model accuracy,gender,Male,distrust_post,47.882
Model accuracy,gender,Male,donation_ams,5.176
Model accuracy,gender,Male,funding_perceptions,42.471
Model accuracy,gender,Male,inst_trust_mean,49.035
Model accuracy,gender,Male,newsletter_signup,0.235
Model accuracy,gender,Male,policy_general,49.882
Model accuracy,gender,Male,policy_role_mean,47.25
Model accuracy,gender,Male,policy_specific_mean,48.966
Model accuracy,gender,Male,trust_multidimensional,46.882
Model accuracy,gender,Male,trust_post,45.765
Model accuracy,gender,Female,behavior_mean,52.472
Model accuracy,gender,Female,belief_post,44.333
Model accuracy,gender,Female,concern_mean,51.208
Model accuracy,gender,Female,distrust_post,57.083
Model accuracy,gender,Female,donation_ams,3.958
Model accuracy,gender,Female,funding_perceptions,52.417
Model accuracy,gender,Female,inst_trust_mean,47.008
Model accuracy,gender,Female,newsletter_signup,0.292
Model accuracy,gender,Female,policy_general,45.708
Model accuracy,gender,Female,policy_role_mean,49.167
Model accuracy,gender,Female,policy_specific_mean,52.845
Model accuracy,gender,Female,trust_multidimensional,52.302
Model accuracy,gender,Female,trust_post,46.917
Model accuracy,gender,Other,behavior_mean,50.149
Model accuracy,gender,Other,belief_post,46.474
Model accuracy,gender,Other,concern_mean,50.825
Model accuracy,gender,Other,distrust_post,53.947
Model accuracy,gender,Other,donation_ams,5.053
Model accuracy,gender,Other,funding_perceptions,40.316
Model accuracy,gender,Other,inst_trust_mean,52.926
Model accuracy,gender,Other,newsletter_signup,0.158
Model accuracy,gender,Other,policy_general,48.737
Model accuracy,gender,Other,policy_role_mean,42.974
Model accuracy,gender,Other,policy_specific_mean,48.233
Model accuracy,gender,Other,trust_multidimensional,49.829
Model accuracy,gender,Other,trust_post,49.211
Interview Prof. Sebille,gender,Male,behavior_mean,51.471
Interview Prof. Sebille,gender,Male,belief_post,47.348
Interview Prof. Sebille,gender,Male,concern_mean,50.522
Interview Prof. Sebille,gender,Male,distrust_post,39.957
Interview Prof. Sebille,gender,Male,donation_ams,5.478
Interview Prof. Sebille,gender,Male,funding_perceptions,54.783
Interview Prof. Sebille,gender,Male,inst_trust_mean,47.722
Interview Prof. Sebille,gender,Male,newsletter_signup,0.174
Interview Prof. Sebille,gender,Male,policy_general,61.739
Interview Prof. Sebille,gender,Male,policy_role_mean,48.837
Interview Prof. Sebille,gender,Male,policy_specific_mean,50.578
Interview Prof. Sebille,gender,Male,trust_multidimensional,49.703
Interview Prof. Sebille,gender,Male,trust_post,44.13
Interview Prof. Sebille,gender,Female,behavior_mean,52.578
Interview Prof. Sebille,gender,Female,belief_post,53.176
Interview Prof. Sebille,gender,Female,concern_mean,49.451
Interview Prof. Sebille,gender,Female,distrust_post,37.176
Interview Prof. Sebille,gender,Female,donation_ams,4.824
Interview Prof. Sebille,gender,Female,funding_perceptions,58.353
Interview Prof. Sebille,gender,Female,inst_trust_mean,50.012
Interview Prof. Sebille,gender,Female,newsletter_signup,0.176
Interview Prof. Sebille,gender,Female,policy_general,48.588
Interview Prof. Sebille,gender,Female,policy_role_mean,49.074
Interview Prof. Sebille,gender,Female,policy_specific_mean,50.714
Interview Prof. Sebille,gender,Female,trust_multidimensional,50.211
Interview Prof. Sebille,gender,Female,trust_post,65.235
Interview Prof. Sebille,gender,Other,behavior_mean,47.275
Interview Prof. Sebille,gender,Other,belief_post,37.65
Interview Prof. Sebille,gender,Other,concern_mean,46.8
Interview Prof. Sebille,gender,Other,distrust_post,50.35
Interview Prof. Sebille,gender,Other,donation_ams,3.4
Interview Prof. Sebille,gender,Other,funding_perceptions,46.8
Interview Prof. Sebille,gender,Other,inst_trust_mean,48.99
Interview Prof. Sebille,gender,Other,newsletter_signup,0.15
Interview Prof. Sebille,gender,Other,policy_general,37.25
Interview Prof. Sebille,gender,Other,policy_role_mean,46.475
Interview Prof. Sebille,gender,Other,policy_specific_mean,49.993
Interview Prof. Sebille,gender,Other,trust_multidimensional,50.479
Interview Prof. Sebille,gender,Other,trust_post,55.7
Extreme weather predictions,gender,Male,behavior_mean,50.233
Extreme weather predictions,gender,Male,belief_post,56.8
Extreme weather predictions,gender,Male,concern_mean,49.167
Extreme weather predictions,gender,Male,distrust_post,59.4
Extreme weather predictions,gender,Male,donation_ams,5.65
Extreme weather predictions,gender,Male,funding_perceptions,50.35
Extreme weather predictions,gender,Male,inst_trust_mean,48.03
Extreme weather predictions,gender,Male,newsletter_signup,0.15
Extreme weather predictions,gender,Male,policy_general,51.65
Extreme weather predictions,gender,Male,policy_role_mean,50.013
Extreme weather predictions,gender,Male,policy_specific_mean,53.971
Extreme weather predictions,gender,Male,trust_multidimensional,50.246
Extreme weather predictions,gender,Male,trust_post,55.35
Extreme weather predictions,gender,Female,behavior_mean,50.556
Extreme weather predictions,gender,Female,belief_post,45.733
Extreme weather predictions,gender,Female,concern_mean,50.578
Extreme weather predictions,gender,Female,distrust_post,52.867
Extreme weather predictions,gender,Female,donation_ams,4
Extreme weather predictions,gender,Female,funding_perceptions,52.6
Extreme weather predictions,gender,Female,inst_trust_mean,49.427
Extreme weather predictions,gender,Female,newsletter_signup,0.267
Extreme weather predictions,gender,Female,policy_general,35.533
Extreme weather predictions,gender,Female,policy_role_mean,57.683
Extreme weather predictions,gender,Female,policy_specific_mean,49.133
Extreme weather predictions,gender,Female,trust_multidimensional,50.689
Extreme weather predictions,gender,Female,trust_post,53
Extreme weather predictions,gender,Other,behavior_mean,48.827
Extreme weather predictions,gender,Other,belief_post,52.48
Extreme weather predictions,gender,Other,concern_mean,54.227
Extreme weather predictions,gender,Other,distrust_post,57.44
Extreme weather predictions,gender,Other,donation_ams,4.6
Extreme weather predictions,gender,Other,funding_perceptions,47.8
Extreme weather predictions,gender,Other,inst_trust_mean,48.152
Extreme weather predictions,gender,Other,newsletter_signup,0.16
Extreme weather predictions,gender,Other,policy_general,49.04
Extreme weather predictions,gender,Other,policy_role_mean,50.22
Extreme weather predictions,gender,Other,policy_specific_mean,50.611
Extreme weather predictions,gender,Other,trust_multidimensional,50.677
Extreme weather predictions,gender,Other,trust_post,40.6
control,age_band,18-29,behavior_mean,41.5
control,age_band,18-29,belief_post,49.5
control,age_band,18-29,concern_mean,57.792
control,age_band,18-29,distrust_post,33.75
control,age_band,18-29,donation_ams,4
control,age_band,18-29,funding_perceptions,51
control,age_band,18-29,inst_trust_mean,49.425
control,age_band,18-29,newsletter_signup,0.125
control,age_band,18-29,policy_general,44.625
control,age_band,18-29,policy_role_mean,43.438
control,age_band,18-29,policy_specific_mean,52.25
control,age_band,18-29,trust_multidimensional,49.865
control,age_band,18-29,trust_post,54.875
control,age_band,30-44,behavior_mean,48.893
control,age_band,30-44,belief_post,62.429
control,age_band,30-44,concern_mean,49.048
control,age_band,30-44,distrust_post,53.429
control,age_band,30-44,donation_ams,4.286
control,age_band,30-44,funding_perceptions,48.143
control,age_band,30-44,inst_trust_mean,47.186
control,age_band,30-44,newsletter_signup,0.071
control,age_band,30-44,policy_general,47.571
control,age_band,30-44,policy_role_mean,48.339
control,age_band,30-44,policy_specific_mean,47.827
control,age_band,30-44,trust_multidimensional,50.202
control,age_band,30-44,trust_post,57.357
control,age_band,45-59,behavior_mean,52.823
control,age_band,45-59,belief_post,45.375
control,age_band,45-59,concern_mean,47.812
control,age_band,45-59,distrust_post,37.375
control,age_band,45-59,donation_ams,4.812
control,age_band,45-59,funding_perceptions,56.938
control,age_band,45-59,inst_trust_mean,45.35
control,age_band,45-59,newsletter_signup,0.312
control,age_band,45-59,policy_general,40.938
control,age_band,45-59,policy_role_mean,52.484
control,age_band,45-59,policy_specific_mean,52.616
control,age_band,45-59,trust_multidimensional,50.641
control,age_band,45-59,trust_post,57.062
control,age_band,60+,behavior_mean,47.098
control,age_band,60+,belief_post,50.955
control,age_band,60+,concern_mean,58
control,age_band,60+,distrust_post,58.909
control,age_band,60+,donation_ams,4.955
control,age_band,60+,funding_perceptions,55.455
control,age_band,60+,inst_trust_mean,45.164
control,age_band,60+,newsletter_signup,0.136
control,age_band,60+,policy_general,44.545
control,age_band,60+,policy_role_mean,50.693
control,age_band,60+,policy_specific_mean,50.883
control,age_band,60+,trust_multidimensional,51.064
control,age_band,60+,trust_post,43.455
Corporate reliance,age_band,18-29,behavior_mean,45.183
Corporate reliance,age_band,18-29,belief_post,59.3
Corporate reliance,age_band,18-29,concern_mean,60.2
Corporate reliance,age_band,18-29,distrust_post,41.7
Corporate reliance,age_band,18-29,donation_ams,4.6
Corporate reliance,age_band,18-29,funding_perceptions,50.1
Corporate reliance,age_band,18-29,inst_trust_mean,47.82
Corporate reliance,age_band,18-29,newsletter_signup,0.4
Corporate reliance,age_band,18-29,policy_general,53.9
Corporate reliance,age_band,18-29,policy_role_mean,48.9
Corporate reliance,age_band,18-29,policy_specific_mean,48.586
Corporate reliance,age_band,18-29,trust_multidimensional,48.308
Corporate reliance,age_band,18-29,trust_post,55.5
Corporate reliance,age_band,30-44,behavior_mean,50.486
Corporate reliance,age_band,30-44,belief_post,51
Corporate reliance,age_band,30-44,concern_mean,51.389
Corporate reliance,age_band,30-44,distrust_post,54.75
Corporate reliance,age_band,30-44,donation_ams,4.167
Corporate reliance,age_band,30-44,funding_perceptions,40.5
Corporate reliance,age_band,30-44,inst_trust_mean,53.733
Corporate reliance,age_band,30-44,newsletter_signup,0.25
Corporate reliance,age_band,30-44,policy_general,62.083
Corporate reliance,age_band,30-44,policy_role_mean,48.812
Corporate reliance,age_band,30-44,policy_specific_mean,49.381
Corporate reliance,age_band,30-44,trust_multidimensional,50.528
Corporate reliance,age_band,30-44,trust_post,42
Corporate reliance,age_band,45-59,behavior_mean,47.156
Corporate reliance,age_band,45-59,belief_post,45.4
Corporate reliance,age_band,45-59,concern_mean,53.356
Corporate reliance,age_band,45-59,distrust_post,40.467
Corporate reliance,age_band,45-59,donation_ams,5.2
Corporate reliance,age_band,45-59,funding_perceptions,53.067
Corporate reliance,age_band,45-59,inst_trust_mean,56.013
Corporate reliance,age_band,45-59,newsletter_signup,0.267
Corporate reliance,age_band,45-59,policy_general,36.4
Corporate reliance,age_band,45-59,policy_role_mean,53.817
Corporate reliance,age_band,45-59,policy_specific_mean,48.067
Corporate reliance,age_band,45-59,trust_multidimensional,50.789
Corporate reliance,age_band,45-59,trust_post,52.133
Corporate reliance,age_band,60+,behavior_mean,47.899
Corporate reliance,age_band,60+,belief_post,38.957
Corporate reliance,age_band,60+,concern_mean,47.768
Corporate reliance,age_band,60+,distrust_post,46.087
Corporate reliance,age_band,60+,donation_ams,5.652
Corporate reliance,age_band,60+,funding_perceptions,49.913
Corporate reliance,age_band,60+,inst_trust_mean,51.035
Corporate reliance,age_band,60+,newsletter_signup,0.348
Corporate reliance,age_band,60+,policy_general,48.913
Corporate reliance,age_band,60+,policy_role_mean,47.707
Corporate reliance,age_band,60+,policy_specific_mean,50.596
Corporate reliance,age_band,60+,trust_multidimensional,50.993
Corporate reliance,age_band,60+,trust_post,41.957
Social justice,age_band,18-29,behavior_mean,51.767
Social justice,age_band,18-29,belief_post,51.5
Social justice,age_band,18-29,concern_mean,48.067
Social justice,age_band,18-29,distrust_post,47.5
Social justice,age_band,18-29,donation_ams,4.3
Social justice,age_band,18-29,funding_perceptions,39.2
Social justice,age_band,18-29,inst_trust_mean,52.18
Social justice,age_band,18-29,newsletter_signup,0.2
Social justice,age_band,18-29,policy_general,53.8
Social justice,age_band,18-29,policy_role_mean,51.975
Social justice,age_band,18-29,policy_specific_mean,47.457
Social justice,age_band,18-29,trust_multidimensional,53.758
Social justice,age_band,18-29,trust_post,51.2
Social justice,age_band,30-44,behavior_mean,46.333
Social justice,age_band,30-44,belief_post,49.429
Social justice,age_band,30-44,concern_mean,51.786
Social justice,age_band,30-44,distrust_post,46.429
Social justice,age_band,30-44,donation_ams,5.429
Social justice,age_band,30-44,funding_perceptions,43.429
Social justice,age_band,30-44,inst_trust_mean,50.386
Social justice,age_band,30-44,newsletter_signup,0.143
Social justice,age_band,30-44,policy_general,46.714
Social justice,age_band,30-44,policy_role_mean,50.321
Social justice,age_band,30-44,policy_specific_mean,47.316
Social justice,age_band,30-44,trust_multidimensional,51.179
Social justice,age_band,30-44,trust_post,39.714
Social justice,age_band,45-59,behavior_mean,49.077
Social justice,age_band,45-59,belief_post,42.308
Social justice,age_band,45-59,concern_mean,38.872
Social justice,age_band,45-59,distrust_post,54.385
Social justice,age_band,45-59,donation_ams,4.538
Social justice,age_band,45-59,funding_perceptions,56.077
Social justice,age_band,45-59,inst_trust_mean,49.631
Social justice,age_band,45-59,newsletter_signup,0.308
Social justice,age_band,45-59,policy_general,65.231
Social justice,age_band,45-59,policy_role_mean,44.558
Social justice,age_band,45-59,policy_specific_mean,54.473
Social justice,age_band,45-59,trust_multidimensional,54.481
Social justice,age_band,45-59,trust_post,54.231
Social justice,age_band,60+,behavior_mean,52.181
Social justice,age_band,60+,belief_post,53.087
Social justice,age_band,60+,concern_mean,53.739
Social justice,age_band,60+,distrust_post,53.565
Social justice,age_band,60+,donation_ams,4.565
Social justice,age_band,60+,funding_perceptions,48.957
Social justice,age_band,60+,inst_trust_mean,47.357
Social justice,age_band,60+,newsletter_signup,0.174
Social justice,age_band,60+,policy_general,49.478
Social justice,age_band,60+,policy_role_mean,49.076
Social justice,age_band,60+,policy_specific_mean,49.062
Social justice,age_band,60+,trust_multidimensional,50.409
Social justice,age_band,60+,trust_post,56.609
Interview Prof. Maraun,age_band,18-29,behavior_mean,49.909
Interview Prof. Maraun,age_band,18-29,belief_post,59.545
Interview Prof. Maraun,age_band,18-29,concern_mean,50.212
Interview Prof. Maraun,age_band,18-29,distrust_post,53.364
Interview Prof. Maraun,age_band,18-29,donation_ams,5.273
Interview Prof. Maraun,age_band,18-29,funding_perceptions,59.273
Interview Prof. Maraun,age_band,18-29,inst_trust_mean,54.436
Interview Prof. Maraun,age_band,18-29,newsletter_signup,0.091
Interview Prof. Maraun,age_band,18-29,policy_general,51.545
Interview Prof. Maraun,age_band,18-29,policy_role_mean,58.045
Interview Prof. Maraun,age_band,18-29,policy_specific_mean,51.753
Interview Prof. Maraun,age_band,18-29,trust_multidimensional,50.098
Interview Prof. Maraun,age_band,18-29,trust_post,41.364
Interview Prof. Maraun,age_band,30-44,behavior_mean,48.885
Interview Prof. Maraun,age_band,30-44,belief_post,52.231
Interview Prof. Maraun,age_band,30-44,concern_mean,43.513
Interview Prof. Maraun,age_band,30-44,distrust_post,54.385
Interview Prof. Maraun,age_band,30-44,donation_ams,4.538
Interview Prof. Maraun,age_band,30-44,funding_perceptions,49.385
Interview Prof. Maraun,age_band,30-44,inst_trust_mean,52.246
Interview Prof. Maraun,age_band,30-44,newsletter_signup,0.154
Interview Prof. Maraun,age_band,30-44,policy_general,48.615
Interview Prof. Maraun,age_band,30-44,policy_role_mean,47.846
Interview Prof. Maraun,age_band,30-44,policy_specific_mean,48.011
Interview Prof. Maraun,age_band,30-44,trust_multidimensional,52.949
Interview Prof. Maraun,age_band,30-44,trust_post,50.231
Interview Prof. Maraun,age_band,45-59,behavior_mean,52.333
Interview Prof. Maraun,age_band,45-59,belief_post,40.778
Interview Prof. Maraun,age_band,45-59,concern_mean,57.63
Interview Prof. Maraun,age_band,45-59,distrust_post,48.222
Interview Prof. Maraun,age_band,45-59,donation_ams,5
Interview Prof. Maraun,age_band,45-59,funding_perceptions,48.333
Interview Prof. Maraun,age_band,45-59,inst_trust_mean,57.111
Interview Prof. Maraun,age_band,45-59,newsletter_signup,0.444
Interview Prof. Maraun,age_band,45-59,policy_general,54.778
Interview Prof. Maraun,age_band,45-59,policy_role_mean,54.694
Interview Prof. Maraun,age_band,45-59,policy_specific_mean,48.079
Interview Prof. Maraun,age_band,45-59,trust_multidimensional,48.981
Interview Prof. Maraun,age_band,45-59,trust_post,58.889
Interview Prof. Maraun,age_band,60+,behavior_mean,52.537
Interview Prof. Maraun,age_band,60+,belief_post,52.074
Interview Prof. Maraun,age_band,60+,concern_mean,49.704
Interview Prof. Maraun,age_band,60+,distrust_post,49.778
Interview Prof. Maraun,age_band,60+,donation_ams,5.222
Interview Prof. Maraun,age_band,60+,funding_perceptions,48.148
Interview Prof. Maraun,age_band,60+,inst_trust_mean,50.533
Interview Prof. Maraun,age_band,60+,newsletter_signup,0.111
Interview Prof. Maraun,age_band,60+,policy_general,49.963
Interview Prof. Maraun,age_band,60+,policy_role_mean,47.509
Interview Prof. Maraun,age_band,60+,policy_specific_mean,50.661
Interview Prof. Maraun,age_band,60+,trust_multidimensional,50.12
Interview Prof. Maraun,age_band,60+,trust_post,44.704
Funding,age_band,18-29,behavior_mean,47.981
Funding,age_band,18-29,belief_post,58.556
Funding,age_band,18-29,concern_mean,56.815
Funding,age_band,18-29,distrust_post,49.556
Funding,age_band,18-29,donation_ams,3
Funding,age_band,18-29,funding_perceptions,53.667
Funding,age_band,18-29,inst_trust_mean,54.956
Funding,age_band,18-29,newsletter_signup,0.222
Funding,age_band,18-29,policy_general,28.111
Funding,age_band,18-29,policy_role_mean,52.778
Funding,age_band,18-29,policy_specific_mean,56.413
Funding,age_band,18-29,trust_multidimensional,47.435
Funding,age_band,18-29,trust_post,53.333
Funding,age_band,30-44,behavior_mean,56.125
Funding,age_band,30-44,belief_post,48.5
Funding,age_band,30-44,concern_mean,47.778
Funding,age_band,30-44,distrust_post,55.917
Funding,age_band,30-44,donation_ams,6
Funding,age_band,30-44,funding_perceptions,47.833
Funding,age_band,30-44,inst_trust_mean,49.2
Funding,age_band,30-44,newsletter_signup,0.083
Funding,age_band,30-44,policy_general,49
Funding,age_band,30-44,policy_role_mean,50
Funding,age_band,30-44,policy_specific_mean,50.179
Funding,age_band,30-44,trust_multidimensional,53
Funding,age_band,30-44,trust_post,51.833
Funding,age_band,45-59,behavior_mean,52.269
Funding,age_band,45-59,belief_post,48.923
Funding,age_band,45-59,concern_mean,44.795
Funding,age_band,45-59,distrust_post,64.308
Funding,age_band,45-59,donation_ams,6.385
Funding,age_band,45-59,funding_perceptions,51.231
Funding,age_band,45-59,inst_trust_mean,47.677
Funding,age_band,45-59,newsletter_signup,0.308
Funding,age_band,45-59,policy_general,61.923
Funding,age_band,45-59,policy_role_mean,54.173
Funding,age_band,45-59,policy_specific_mean,49.253
Funding,age_band,45-59,trust_multidimensional,52.571
Funding,age_band,45-59,trust_post,53.154
Funding,age_band,60+,behavior_mean,47.135
Funding,age_band,60+,belief_post,57.692
Funding,age_band,60+,concern_mean,49.051
Funding,age_band,60+,distrust_post,49.154
Funding,age_band,60+,donation_ams,5.385
Funding,age_band,60+,funding_perceptions,55.731
Funding,age_band,60+,inst_trust_mean,46.331
Funding,age_band,60+,newsletter_signup,0.192
Funding,age_band,60+,policy_general,47.846
Funding,age_band,60+,policy_role_mean,48.346
Funding,age_band,60+,policy_specific_mean,50.137
Funding,age_band,60+,trust_multidimensional,53.103
Funding,age_band,60+,trust_post,42.692
Oil industry misinformation,age_band,18-29,behavior_mean,45.714
Oil industry misinformation,age_band,18-29,belief_post,32.857
Oil industry misinformation,age_band,18-29,concern_mean,54.143
Oil industry misinformation,age_band,18-29,distrust_post,53.571
Oil industry misinformation,age_band,18-29,donation_ams,2.857
Oil industry misinformation,age_band,18-29,funding_perceptions,53.571
Oil industry misinformation,age_band,18-29,inst_trust_mean,45.514
Oil industry misinformation,age_band,18-29,newsletter_signup,0.143
Oil industry misinformation,age_band,18-29,policy_general,54.286
Oil industry misinformation,age_band,18-29,policy_role_mean,50.286
Oil industry misinformation,age_band,18-29,policy_specific_mean,46.347
Oil industry misinformation,age_band,18-29,trust_multidimensional,48.44
Oil industry misinformation,age_band,18-29,trust_post,58.143
Oil industry misinformation,age_band,30-44,behavior_mean,48.288
Oil industry misinformation,age_band,30-44,belief_post,45.182
Oil industry misinformation,age_band,30-44,concern_mean,46.212
Oil industry misinformation,age_band,30-44,distrust_post,71.091
Oil industry misinformation,age_band,30-44,donation_ams,4.091
Oil industry misinformation,age_band,30-44,funding_perceptions,46.909
Oil industry misinformation,age_band,30-44,inst_trust_mean,41.218
Oil industry misinformation,age_band,30-44,newsletter_signup,0.091
Oil industry misinformation,age_band,30-44,policy_general,37.455
Oil industry misinformation,age_band,30-44,policy_role_mean,43.795
Oil industry misinformation,age_band,30-44,policy_specific_mean,46.494
Oil industry misinformation,age_band,30-44,trust_multidimensional,48.841
Oil industry misinformation,age_band,30-44,trust_post,43.818
Oil industry misinformation,age_band,45-59,behavior_mean,48.078
Oil industry misinformation,age_band,45-59,belief_post,50.8
Oil industry misinformation,age_band,45-59,concern_mean,51.578
Oil industry misinformation,age_band,45-59,distrust_post,58.133
Oil industry misinformation,age_band,45-59,donation_ams,6
Oil industry misinformation,age_band,45-59,funding_perceptions,48.4
Oil industry misinformation,age_band,45-59,inst_trust_mean,44.653
Oil industry misinformation,age_band,45-59,newsletter_signup,0.2
Oil industry misinformation,age_band,45-59,policy_general,53.533
Oil industry misinformation,age_band,45-59,policy_role_mean,47.767
Oil industry misinformation,age_band,45-59,policy_specific_mean,50.781
Oil industry misinformation,age_band,45-59,trust_multidimensional,46.244
Oil industry misinformation,age_band,45-59,trust_post,44.4
Oil industry misinformation,age_band,60+,behavior_mean,48.784
Oil industry misinformation,age_band,60+,belief_post,50.296
Oil industry misinformation,age_band,60+,concern_mean,50.42
Oil industry misinformation,age_band,60+,distrust_post,51.963
Oil industry misinformation,age_band,60+,donation_ams,4.407
Oil industry misinformation,age_band,60+,funding_perceptions,50.222
Oil industry misinformation,age_band,60+,inst_trust_mean,50.459
Oil industry misinformation,age_band,60+,newsletter_signup,0.148
Oil industry misinformation,age_band,60+,policy_general,49.296
Oil industry misinformation,age_band,60+,policy_role_mean,48.269
Oil industry misinformation,age_band,60+,policy_specific_mean,52.275
Oil industry misinformation,age_band,60+,trust_multidimensional,48.596
Oil industry misinformation,age_band,60+,trust_post,51.556
Measurement & modeling (1),age_band,18-29,behavior_mean,49.567
Measurement & modeling (1),age_band,18-29,belief_post,42.4
Measurement & modeling (1),age_band,18-29,concern_mean,51.733
Measurement & modeling (1),age_band,18-29,distrust_post,52.2
Measurement & modeling (1),age_band,18-29,donation_ams,7.2
Measurement & modeling (1),age_band,18-29,funding_perceptions,54.3
Measurement & modeling (1),age_band,18-29,inst_trust_mean,48.7
Measurement & modeling (1),age_band,18-29,newsletter_signup,0.3
Measurement & modeling (1),age_band,18-29,policy_general,47.9
Measurement & modeling (1),age_band,18-29,policy_role_mean,44.65
Measurement & modeling (1),age_band,18-29,policy_specific_mean,49.014
Measurement & modeling (1),age_band,18-29,trust_multidimensional,48.642
Measurement & modeling (1),age_band,18-29,trust_post,48.5
Measurement & modeling (1),age_band,30-44,behavior_mean,48
Measurement & modeling (1),age_band,30-44,belief_post,49.571
Measurement & modeling (1),age_band,30-44,concern_mean,46.238
Measurement & modeling (1),age_band,30-44,distrust_post,51.714
Measurement & modeling (1),age_band,30-44,donation_ams,6.571
Measurement & modeling (1),age_band,30-44,funding_perceptions,52.071
Measurement & modeling (1),age_band,30-44,inst_trust_mean,47
Measurement & modeling (1),age_band,30-44,newsletter_signup,0.357
Measurement & modeling (1),age_band,30-44,policy_general,52.786
Measurement & modeling (1),age_band,30-44,policy_role_mean,44.893
Measurement & modeling (1),age_band,30-44,policy_specific_mean,50.776
Measurement & modeling (1),age_band,30-44,trust_multidimensional,46.857
Measurement & modeling (1),age_band,30-44,trust_post,57.143
Measurement & modeling (1),age_band,45-59,behavior_mean,49.604
Measurement & modeling (1),age_band,45-59,belief_post,57.625
Measurement & modeling (1),age_band,45-59,concern_mean,53.708
Measurement & modeling (1),age_band,45-59,distrust_post,39.875
Measurement & modeling (1),age_band,45-59,donation_ams,5
Measurement & modeling (1),age_band,45-59,funding_perceptions,45.875
Measurement & modeling (1),age_band,45-59,inst_trust_mean,52.525
Measurement & modeling (1),age_band,45-59,newsletter_signup,0.25
Measurement & modeling (1),age_band,45-59,policy_general,53.125
Measurement & modeling (1),age_band,45-59,policy_role_mean,50.5
Measurement & modeling (1),age_band,45-59,policy_specific_mean,51.339
Measurement & modeling (1),age_band,45-59,trust_multidimensional,52.302
Measurement & modeling (1),age_band,45-59,trust_post,39.5
Measurement & modeling (1),age_band,60+,behavior_mean,46.47
Measurement & modeling (1),age_band,60+,belief_post,49.107
Measurement & modeling (1),age_band,60+,concern_mean,48.452
Measurement & modeling (1),age_band,60+,distrust_post,53.964
Measurement & modeling (1),age_band,60+,donation_ams,5.536
Measurement & modeling (1),age_band,60+,funding_perceptions,41
Measurement & modeling (1),age_band,60+,inst_trust_mean,50.179
Measurement & modeling (1),age_band,60+,newsletter_signup,0.25
Measurement & modeling (1),age_band,60+,policy_general,51.357
Measurement & modeling (1),age_band,60+,policy_role_mean,51.036
Measurement & modeling (1),age_band,60+,policy_specific_mean,52.995
Measurement & modeling (1),age_band,60+,trust_multidimensional,48.253
Measurement & modeling (1),age_band,60+,trust_post,43.786
Former skeptics,age_band,18-29,behavior_mean,41.542
Former skeptics,age_band,18-29,belief_post,57.5
Former skeptics,age_band,18-29,concern_mean,56.458
Former skeptics,age_band,18-29,distrust_post,42.375
Former skeptics,age_band,18-29,donation_ams,6.75
Former skeptics,age_band,18-29,funding_perceptions,35
Former skeptics,age_band,18-29,inst_trust_mean,56.075
Former skeptics,age_band,18-29,newsletter_signup,0.375
Former skeptics,age_band,18-29,policy_general,54.75
Former skeptics,age_band,18-29,policy_role_mean,44.969
Former skeptics,age_band,18-29,policy_specific_mean,48.554
Former skeptics,age_band,18-29,trust_multidimensional,48.01
Former skeptics,age_band,18-29,trust_post,57.125
Former skeptics,age_band,30-44,behavior_mean,48.038
Former skeptics,age_band,30-44,belief_post,56.077
Former skeptics,age_band,30-44,concern_mean,46.641
Former skeptics,age_band,30-44,distrust_post,55.846
Former skeptics,age_band,30-44,donation_ams,4.538
Former skeptics,age_band,30-44,funding_perceptions,56.077
Former skeptics,age_band,30-44,inst_trust_mean,52.954
Former skeptics,age_band,30-44,newsletter_signup,0.154
Former skeptics,age_band,30-44,policy_general,41.077
Former skeptics,age_band,30-44,policy_role_mean,47.577
Former skeptics,age_band,30-44,policy_specific_mean,45.978
Former skeptics,age_band,30-44,trust_multidimensional,50.885
Former skeptics,age_band,30-44,trust_post,50.846
Former skeptics,age_band,45-59,behavior_mean,51.685
Former skeptics,age_band,45-59,belief_post,53.778
Former skeptics,age_band,45-59,concern_mean,43.185
Former skeptics,age_band,45-59,distrust_post,49.333
Former skeptics,age_band,45-59,donation_ams,6.778
Former skeptics,age_band,45-59,funding_perceptions,39.222
Former skeptics,age_band,45-59,inst_trust_mean,52.867
Former skeptics,age_band,45-59,newsletter_signup,0.222
Former skeptics,age_band,45-59,policy_general,55
Former skeptics,age_band,45-59,policy_role_mean,50.222
Former skeptics,age_band,45-59,policy_specific_mean,51.302
Former skeptics,age_band,45-59,trust_multidimensional,50.741
Former skeptics,age_band,45-59,trust_post,58.111
Former skeptics,age_band,60+,behavior_mean,52.85
Former skeptics,age_band,60+,belief_post,43.167
Former skeptics,age_band,60+,concern_mean,48.411
Former skeptics,age_band,60+,distrust_post,45.567
Former skeptics,age_band,60+,donation_ams,4.667
Former skeptics,age_band,60+,funding_perceptions,43.5
Former skeptics,age_band,60+,inst_trust_mean,48.32
Former skeptics,age_band,60+,newsletter_signup,0.233
Former skeptics,age_band,60+,policy_general,56.1
Former skeptics,age_band,60+,policy_role_mean,50.3
Former skeptics,age_band,60+,policy_specific_mean,49.952
Former skeptics,age_band,60+,trust_multidimensional,48.667
Former skeptics,age_band,60+,trust_post,51.6
High public trust,age_band,18-29,behavior_mean,51.417
High public trust,age_band,18-29,belief_post,55.1
High public trust,age_band,18-29,concern_mean,62.1
High public trust,age_band,18-29,distrust_post,56.2
High public trust,age_band,18-29,donation_ams,5.2
High public trust,age_band,18-29,funding_perceptions,40.2
High public trust,age_band,18-29,inst_trust_mean,53.42
High public trust,age_band,18-29,newsletter_signup,0.3
High public trust,age_band,18-29,policy_general,44.8
High public trust,age_band,18-29,policy_role_mean,45.825
High public trust,age_band,18-29,policy_specific_mean,49.886
High public trust,age_band,18-29,trust_multidimensional,52.533
High public trust,age_band,18-29,trust_post,49.4
High public trust,age_band,30-44,behavior_mean,46.409
High public trust,age_band,30-44,belief_post,52.818
High public trust,age_band,30-44,concern_mean,49.848
High public trust,age_band,30-44,distrust_post,51.182
High public trust,age_band,30-44,donation_ams,4.909
High public trust,age_band,30-44,funding_perceptions,50.182
High public trust,age_band,30-44,inst_trust_mean,45.655
High public trust,age_band,30-44,newsletter_signup,0.182
High public trust,age_band,30-44,policy_general,62.455
High public trust,age_band,30-44,policy_role_mean,48.114
High public trust,age_band,30-44,policy_specific_mean,50.468
High public trust,age_band,30-44,trust_multidimensional,48.439
High public trust,age_band,30-44,trust_post,52.727
High public trust,age_band,45-59,behavior_mean,51.288
High public trust,age_band,45-59,belief_post,48.364
High public trust,age_band,45-59,concern_mean,43.576
High public trust,age_band,45-59,distrust_post,54.364
High public trust,age_band,45-59,donation_ams,4.545
High public trust,age_band,45-59,funding_perceptions,57.091
High public trust,age_band,45-59,inst_trust_mean,54.291
High public trust,age_band,45-59,newsletter_signup,0.273
High public trust,age_band,45-59,policy_general,62.273
High public trust,age_band,45-59,policy_role_mean,56.864
High public trust,age_band,45-59,policy_specific_mean,53.091
High public trust,age_band,45-59,trust_multidimensional,48.485
High public trust,age_band,45-59,trust_post,46.727
High public trust,age_band,60+,behavior_mean,48.19
High public trust,age_band,60+,belief_post,60.929
High public trust,age_band,60+,concern_mean,53.119
High public trust,age_band,60+,distrust_post,51.536
High public trust,age_band,60+,donation_ams,4.929
High public trust,age_band,60+,funding_perceptions,50.536
High public trust,age_band,60+,inst_trust_mean,50.743
High public trust,age_band,60+,newsletter_signup,0.321
High public trust,age_band,60+,policy_general,51.607
High public trust,age_band,60+,policy_role_mean,46.232
High public trust,age_band,60+,policy_specific_mean,51.694
High public trust,age_band,60+,trust_multidimensional,48.967
High public trust,age_band,60+,trust_post,56.179
Measurement & modeling (2),age_band,18-29,behavior_mean,54.03
Measurement & modeling (2),age_band,18-29,belief_post,39.364
Measurement & modeling (2),age_band,18-29,concern_mean,45.636
Measurement & modeling (2),age_band,18-29,distrust_post,58.818
Measurement & modeling (2),age_band,18-29,donation_ams,4.364
Measurement & modeling (2),age_band,18-29,funding_perceptions,48.273
Measurement & modeling (2),age_band,18-29,inst_trust_mean,49.455
Measurement & modeling (2),age_band,18-29,newsletter_signup,0.455
Measurement & modeling (2),age_band,18-29,policy_general,51.273
Measurement & modeling (2),age_band,18-29,policy_role_mean,45.477
Measurement & modeling (2),age_band,18-29,policy_specific_mean,44.117
Measurement & modeling (2),age_band,18-29,trust_multidimensional,52.674
Measurement & modeling (2),age_band,18-29,trust_post,65
Measurement & modeling (2),age_band,30-44,behavior_mean,51.189
Measurement & modeling (2),age_band,30-44,belief_post,50.533
Measurement & modeling (2),age_band,30-44,concern_mean,47.778
Measurement & modeling (2),age_band,30-44,distrust_post,45.2
Measurement & modeling (2),age_band,30-44,donation_ams,5.533
Measurement & modeling (2),age_band,30-44,funding_perceptions,48.733
Measurement & modeling (2),age_band,30-44,inst_trust_mean,53.627
Measurement & modeling (2),age_band,30-44,newsletter_signup,0.2
Measurement & modeling (2),age_band,30-44,policy_general,51.6
Measurement & modeling (2),age_band,30-44,policy_role_mean,46.483
Measurement & modeling (2),age_band,30-44,policy_specific_mean,51.21
Measurement & modeling (2),age_band,30-44,trust_multidimensional,46.183
Measurement & modeling (2),age_band,30-44,trust_post,52.067
Measurement & modeling (2),age_band,45-59,behavior_mean,53.107
Measurement & modeling (2),age_band,45-59,belief_post,50.929
Measurement & modeling (2),age_band,45-59,concern_mean,50.548
Measurement & modeling (2),age_band,45-59,distrust_post,44.071
Measurement & modeling (2),age_band,45-59,donation_ams,4.5
Measurement & modeling (2),age_band,45-59,funding_perceptions,56.5
Measurement & modeling (2),age_band,45-59,inst_trust_mean,54.914
Measurement & modeling (2),age_band,45-59,newsletter_signup,0.214
Measurement & modeling (2),age_band,45-59,policy_general,50.643
Measurement & modeling (2),age_band,45-59,policy_role_mean,51.554
Measurement & modeling (2),age_band,45-59,policy_specific_mean,52.806
Measurement & modeling (2),age_band,45-59,trust_multidimensional,47.619
Measurement & modeling (2),age_band,45-59,trust_post,57.214
Measurement & modeling (2),age_band,60+,behavior_mean,48.183
Measurement & modeling (2),age_band,60+,belief_post,51.25
Measurement & modeling (2),age_band,60+,concern_mean,46.95
Measurement & modeling (2),age_band,60+,distrust_post,56.75
Measurement & modeling (2),age_band,60+,donation_ams,5.2
Measurement & modeling (2),age_band,60+,funding_perceptions,46.9
Measurement & modeling (2),age_band,60+,inst_trust_mean,54.57
Measurement & modeling (2),age_band,60+,newsletter_signup,0.05
Measurement & modeling (2),age_band,60+,policy_general,53.45
Measurement & modeling (2),age_band,60+,policy_role_mean,53.663
Measurement & modeling (2),age_band,60+,policy_specific_mean,51.521
Measurement & modeling (2),age_band,60+,trust_multidimensional,51.462
Measurement & modeling (2),age_band,60+,trust_post,53.25
Peer-review,age_band,18-29,behavior_mean,57.125
Peer-review,age_band,18-29,belief_post,51.625
Peer-review,age_band,18-29,concern_mean,55.917
Peer-review,age_band,18-29,distrust_post,52
Peer-review,age_band,18-29,donation_ams,3.875
Peer-review,age_band,18-29,funding_perceptions,55.25
Peer-review,age_band,18-29,inst_trust_mean,45.975
Peer-review,age_band,18-29,newsletter_signup,0.125
Peer-review,age_band,18-29,policy_general,36.625
Peer-review,age_band,18-29,policy_role_mean,52.188
Peer-review,age_band,18-29,policy_specific_mean,53.25
Peer-review,age_band,18-29,trust_multidimensional,52
Peer-review,age_band,18-29,trust_post,53
Peer-review,age_band,30-44,behavior_mean,51.917
Peer-review,age_band,30-44,belief_post,43.667
Peer-review,age_band,30-44,concern_mean,39.639
Peer-review,age_band,30-44,distrust_post,53.667
Peer-review,age_band,30-44,donation_ams,4.167
Peer-review,age_band,30-44,funding_perceptions,40.583
Peer-review,age_band,30-44,inst_trust_mean,48.75
Peer-review,age_band,30-44,newsletter_signup,0.25
Peer-review,age_band,30-44,policy_general,58.25
Peer-review,age_band,30-44,policy_role_mean,49.354
Peer-review,age_band,30-44,policy_specific_mean,51.702
Peer-review,age_band,30-44,trust_multidimensional,50.222
Peer-review,age_band,30-44,trust_post,63
Peer-review,age_band,45-59,behavior_mean,45.244
Peer-review,age_band,45-59,belief_post,52.867
Peer-review,age_band,45-59,concern_mean,46.444
Peer-review,age_band,45-59,distrust_post,46.2
Peer-review,age_band,45-59,donation_ams,6
Peer-review,age_band,45-59,funding_perceptions,47.467
Peer-review,age_band,45-59,inst_trust_mean,49.587
Peer-review,age_band,45-59,newsletter_signup,0.267
Peer-review,age_band,45-59,policy_general,47.333
Peer-review,age_band,45-59,policy_role_mean,50.633
Peer-review,age_band,45-59,policy_specific_mean,47.067
Peer-review,age_band,45-59,trust_multidimensional,51.033
Peer-review,age_band,45-59,trust_post,40.467
Peer-review,age_band,60+,behavior_mean,48.813
Peer-review,age_band,60+,belief_post,51.92
Peer-review,age_band,60+,concern_mean,45.973
Peer-review,age_band,60+,distrust_post,44.36
Peer-review,age_band,60+,donation_ams,4.64
Peer-review,age_band,60+,funding_perceptions,47.6
Peer-review,age_band,60+,inst_trust_mean,50.112
Peer-review,age_band,60+,newsletter_signup,0.24
Peer-review,age_band,60+,policy_general,41.8
Peer-review,age_band,60+,policy_role_mean,45.26
Peer-review,age_band,60+,policy_specific_mean,45.469
Peer-review,age_band,60+,trust_multidimensional,50.5
Peer-review,age_band,60+,trust_post,40.56
Scientist community helpers,age_band,18-29,behavior_mean,52.204
Scientist community helpers,age_band,18-29,belief_post,39
Scientist community helpers,age_band,18-29,concern_mean,46.296
Scientist community helpers,age_band,18-29,distrust_post,50.889
Scientist community helpers,age_band,18-29,donation_ams,5.778
Scientist community helpers,age_band,18-29,funding_perceptions,60
Scientist community helpers,age_band,18-29,inst_trust_mean,48.622
Scientist community helpers,age_band,18-29,newsletter_signup,0.556
Scientist community helpers,age_band,18-29,policy_general,52.222
Scientist community helpers,age_band,18-29,policy_role_mean,50.139
Scientist community helpers,age_band,18-29,policy_specific_mean,49.984
Scientist community helpers,age_band,18-29,trust_multidimensional,56
Scientist community helpers,age_band,18-29,trust_post,59.333
Scientist community helpers,age_band,30-44,behavior_mean,45.514
Scientist community helpers,age_band,30-44,belief_post,56.5
Scientist community helpers,age_band,30-44,concern_mean,47.5
Scientist community helpers,age_band,30-44,distrust_post,46.667
Scientist community helpers,age_band,30-44,donation_ams,5.583
Scientist community helpers,age_band,30-44,funding_perceptions,61.25
Scientist community helpers,age_band,30-44,inst_trust_mean,54.117
Scientist community helpers,age_band,30-44,newsletter_signup,0.333
Scientist community helpers,age_band,30-44,policy_general,48.417
Scientist community helpers,age_band,30-44,policy_role_mean,51.479
Scientist community helpers,age_band,30-44,policy_specific_mean,49.167
Scientist community helpers,age_band,30-44,trust_multidimensional,48.507
Scientist community helpers,age_band,30-44,trust_post,60.5
Scientist community helpers,age_band,45-59,behavior_mean,52.5
Scientist community helpers,age_band,45-59,belief_post,34.6
Scientist community helpers,age_band,45-59,concern_mean,48.756
Scientist community helpers,age_band,45-59,distrust_post,55.733
Scientist community helpers,age_band,45-59,donation_ams,4.933
Scientist community helpers,age_band,45-59,funding_perceptions,57.667
Scientist community helpers,age_band,45-59,inst_trust_mean,48.96
Scientist community helpers,age_band,45-59,newsletter_signup,0.067
Scientist community helpers,age_band,45-59,policy_general,56
Scientist community helpers,age_band,45-59,policy_role_mean,53.7
Scientist community helpers,age_band,45-59,policy_specific_mean,54.81
Scientist community helpers,age_band,45-59,trust_multidimensional,47.961
Scientist community helpers,age_band,45-59,trust_post,60.667
Scientist community helpers,age_band,60+,behavior_mean,53.944
Scientist community helpers,age_band,60+,belief_post,51.25
Scientist community helpers,age_band,60+,concern_mean,46.458
Scientist community helpers,age_band,60+,distrust_post,46.833
Scientist community helpers,age_band,60+,donation_ams,5.125
Scientist community helpers,age_band,60+,funding_perceptions,40.75
Scientist community helpers,age_band,60+,inst_trust_mean,48.267
Scientist community helpers,age_band,60+,newsletter_signup,0.083
Scientist community helpers,age_band,60+,policy_general,46.417
Scientist community helpers,age_band,60+,policy_role_mean,49.062
Scientist community helpers,age_band,60+,policy_specific_mean,46.679
Scientist community helpers,age_band,60+,trust_multidimensional,49.726
Scientist community helpers,age_band,60+,trust_post,44.292
Consensus,age_band,18-29,behavior_mean,46.119
Consensus,age_band,18-29,belief_post,42
Consensus,age_band,18-29,concern_mean,42.762
Consensus,age_band,18-29,distrust_post,48.143
Consensus,age_band,18-29,donation_ams,4.429
Consensus,age_band,18-29,funding_perceptions,49.429
Consensus,age_band,18-29,inst_trust_mean,55.171
Consensus,age_band,18-29,newsletter_signup,0.286
Consensus,age_band,18-29,policy_general,33.857
Consensus,age_band,18-29,policy_role_mean,42.643
Consensus,age_band,18-29,policy_specific_mean,57.592
Consensus,age_band,18-29,trust_multidimensional,54.774
Consensus,age_band,18-29,trust_post,43.143
Consensus,age_band,30-44,behavior_mean,48.9
Consensus,age_band,30-44,belief_post,56.6
Consensus,age_band,30-44,concern_mean,49.711
Consensus,age_band,30-44,distrust_post,44.467
Consensus,age_band,30-44,donation_ams,5.733
Consensus,age_band,30-44,funding_perceptions,41.4
Consensus,age_band,30-44,inst_trust_mean,48.613
Consensus,age_band,30-44,newsletter_signup,0.067
Consensus,age_band,30-44,policy_general,47.667
Consensus,age_band,30-44,policy_role_mean,42.433
Consensus,age_band,30-44,policy_specific_mean,52.324
Consensus,age_band,30-44,trust_multidimensional,51.406
Consensus,age_band,30-44,trust_post,55.933
Consensus,age_band,45-59,behavior_mean,56.259
Consensus,age_band,45-59,belief_post,63.056
Consensus,age_band,45-59,concern_mean,47.741
Consensus,age_band,45-59,distrust_post,43.222
Consensus,age_band,45-59,donation_ams,5.333
Consensus,age_band,45-59,funding_perceptions,37.056
Consensus,age_band,45-59,inst_trust_mean,50.2
Consensus,age_band,45-59,newsletter_signup,0.389
Consensus,age_band,45-59,policy_general,40.5
Consensus,age_band,45-59,policy_role_mean,45.181
Consensus,age_band,45-59,policy_specific_mean,49.897
Consensus,age_band,45-59,trust_multidimensional,49.403
Consensus,age_band,45-59,trust_post,46.722
Consensus,age_band,60+,behavior_mean,49.283
Consensus,age_band,60+,belief_post,50.35
Consensus,age_band,60+,concern_mean,48.8
Consensus,age_band,60+,distrust_post,44.25
Consensus,age_band,60+,donation_ams,4.75
Consensus,age_band,60+,funding_perceptions,51.4
Consensus,age_band,60+,inst_trust_mean,47.81
Consensus,age_band,60+,newsletter_signup,0.15
Consensus,age_band,60+,policy_general,55.4
Consensus,age_band,60+,policy_role_mean,56.1
Consensus,age_band,60+,policy_specific_mean,49.621
Consensus,age_band,60+,trust_multidimensional,53.479
Consensus,age_band,60+,trust_post,57.1
Portrait Prof. Cherry,age_band,18-29,behavior_mean,43.9
Portrait Prof. Cherry,age_band,18-29,belief_post,50.2
Portrait Prof. Cherry,age_band,18-29,concern_mean,56.067
Portrait Prof. Cherry,age_band,18-29,distrust_post,54.6
Portrait Prof. Cherry,age_band,18-29,donation_ams,5.8
Portrait Prof. Cherry,age_band,18-29,funding_perceptions,46.8
Portrait Prof. Cherry,age_band,18-29,inst_trust_mean,40.08
Portrait Prof. Cherry,age_band,18-29,newsletter_signup,0.2
Portrait Prof. Cherry,age_band,18-29,policy_general,64.6
Portrait Prof. Cherry,age_band,18-29,policy_role_mean,49.85
Portrait Prof. Cherry,age_band,18-29,policy_specific_mean,47.343
Portrait Prof. Cherry,age_band,18-29,trust_multidimensional,44.767
Portrait Prof. Cherry,age_band,18-29,trust_post,44.8
Portrait Prof. Cherry,age_band,30-44,behavior_mean,53.486
Portrait Prof. Cherry,age_band,30-44,belief_post,54.417
Portrait Prof. Cherry,age_band,30-44,concern_mean,57.5
Portrait Prof. Cherry,age_band,30-44,distrust_post,50.333
Portrait Prof. Cherry,age_band,30-44,donation_ams,5.083
Portrait Prof. Cherry,age_band,30-44,funding_perceptions,51.25
Portrait Prof. Cherry,age_band,30-44,inst_trust_mean,46.783
Portrait Prof. Cherry,age_band,30-44,newsletter_signup,0.167
Portrait Prof. Cherry,age_band,30-44,policy_general,48.917
Portrait Prof. Cherry,age_band,30-44,policy_role_mean,51.625
Portrait Prof. Cherry,age_band,30-44,policy_specific_mean,49.833
Portrait Prof. Cherry,age_band,30-44,trust_multidimensional,50.361
Portrait Prof. Cherry,age_band,30-44,trust_post,42.75
Portrait Prof. Cherry,age_band,45-59,behavior_mean,47.737
Portrait Prof. Cherry,age_band,45-59,belief_post,56.684
Portrait Prof. Cherry,age_band,45-59,concern_mean,45.193
Portrait Prof. Cherry,age_band,45-59,distrust_post,46.316
Portrait Prof. Cherry,age_band,45-59,donation_ams,4.842
Portrait Prof. Cherry,age_band,45-59,funding_perceptions,50.526
Portrait Prof. Cherry,age_band,45-59,inst_trust_mean,50.221
Portrait Prof. Cherry,age_band,45-59,newsletter_signup,0.421
Portrait Prof. Cherry,age_band,45-59,policy_general,53
Portrait Prof. Cherry,age_band,45-59,policy_role_mean,47.447
Portrait Prof. Cherry,age_band,45-59,policy_specific_mean,49.91
Portrait Prof. Cherry,age_band,45-59,trust_multidimensional,50.693
Portrait Prof. Cherry,age_band,45-59,trust_post,50.842
Portrait Prof. Cherry,age_band,60+,behavior_mean,50.375
Portrait Prof. Cherry,age_band,60+,belief_post,54.25
Portrait Prof. Cherry,age_band,60+,concern_mean,48.389
Portrait Prof. Cherry,age_band,60+,distrust_post,44.5
Portrait Prof. Cherry,age_band,60+,donation_ams,5.792
Portrait Prof. Cherry,age_band,60+,funding_perceptions,39.875
Portrait Prof. Cherry,age_band,60+,inst_trust_mean,49.525
Portrait Prof. Cherry,age_band,60+,newsletter_signup,0.083
Portrait Prof. Cherry,age_band,60+,policy_general,52.417
Portrait Prof. Cherry,age_band,60+,policy_role_mean,45.24
Portrait Prof. Cherry,age_band,60+,policy_specific_mean,50.625
Portrait Prof. Cherry,age_band,60+,trust_multidimensional,47.875
Portrait Prof. Cherry,age_band,60+,trust_post,42.917
Model accuracy,age_band,18-29,behavior_mean,55.7
Model accuracy,age_band,18-29,belief_post,56.2
Model accuracy,age_band,18-29,concern_mean,45.133
Model accuracy,age_band,18-29,distrust_post,68.2
Model accuracy,age_band,18-29,donation_ams,6.2
Model accuracy,age_band,18-29,funding_perceptions,56.2
Model accuracy,age_band,18-29,inst_trust_mean,44
Model accuracy,age_band,18-29,newsletter_signup,0.2
Model accuracy,age_band,18-29,policy_general,40.8
Model accuracy,age_band,18-29,policy_role_mean,45.5
Model accuracy,age_band,18-29,policy_specific_mean,46.114
Model accuracy,age_band,18-29,trust_multidimensional,52.533
Model accuracy,age_band,18-29,trust_post,41.6
Model accuracy,age_band,30-44,behavior_mean,53.536
Model accuracy,age_band,30-44,belief_post,38.143
Model accuracy,age_band,30-44,concern_mean,54.119
Model accuracy,age_band,30-44,distrust_post,40
Model accuracy,age_band,30-44,donation_ams,4.071
Model accuracy,age_band,30-44,funding_perceptions,39.071
Model accuracy,age_band,30-44,inst_trust_mean,51.929
Model accuracy,age_band,30-44,newsletter_signup,0.143
Model accuracy,age_band,30-44,policy_general,46.929
Model accuracy,age_band,30-44,policy_role_mean,47.071
Model accuracy,age_band,30-44,policy_specific_mean,53.214
Model accuracy,age_band,30-44,trust_multidimensional,50.804
Model accuracy,age_band,30-44,trust_post,52.571
Model accuracy,age_band,45-59,behavior_mean,54.345
Model accuracy,age_band,45-59,belief_post,41.357
Model accuracy,age_band,45-59,concern_mean,54.81
Model accuracy,age_band,45-59,distrust_post,54.5
Model accuracy,age_band,45-59,donation_ams,4.857
Model accuracy,age_band,45-59,funding_perceptions,44.5
Model accuracy,age_band,45-59,inst_trust_mean,51.4
Model accuracy,age_band,45-59,newsletter_signup,0.143
Model accuracy,age_band,45-59,policy_general,51.143
Model accuracy,age_band,45-59,policy_role_mean,43.464
Model accuracy,age_band,45-59,policy_specific_mean,49.816
Model accuracy,age_band,45-59,trust_multidimensional,50.446
Model accuracy,age_band,45-59,trust_post,46.786
Model accuracy,age_band,60+,behavior_mean,49.265
Model accuracy,age_band,60+,belief_post,47.815
Model accuracy,age_band,60+,concern_mean,50.938
Model accuracy,age_band,60+,distrust_post,57.222
Model accuracy,age_band,60+,donation_ams,4.556
Model accuracy,age_band,60+,funding_perceptions,47.963
Model accuracy,age_band,60+,inst_trust_mean,48.178
Model accuracy,age_band,60+,newsletter_signup,0.333
Model accuracy,age_band,60+,policy_general,47.926
Model accuracy,age_band,60+,policy_role_mean,48.324
Model accuracy,age_band,60+,policy_specific_mean,49.783
Model accuracy,age_band,60+,trust_multidimensional,48.846
Model accuracy,age_band,60+,trust_post,45.926
Interview Prof. Sebille,age_band,18-29,behavior_mean,48.8
Interview Prof. Sebille,age_band,18-29,belief_post,43.5
Interview Prof. Sebille,age_band,18-29,concern_mean,46.333
Interview Prof. Sebille,age_band,18-29,distrust_post,50.7
Interview Prof. Sebille,age_band,18-29,donation_ams,4.8
Interview Prof. Sebille,age_band,18-29,funding_perceptions,63.2
Interview Prof. Sebille,age_band,18-29,inst_trust_mean,56.58
Interview Prof. Sebille,age_band,18-29,newsletter_signup,0.2
Interview Prof. Sebille,age_band,18-29,policy_general,53.6
Interview Prof. Sebille,age_band,18-29,policy_role_mean,46.475
Interview Prof. Sebille,age_band,18-29,policy_specific_mean,54.929
Interview Prof. Sebille,age_band,18-29,trust_multidimensional,50.742
Interview Prof. Sebille,age_band,18-29,trust_post,69.3
Interview Prof. Sebille,age_band,30-44,behavior_mean,51.931
Interview Prof. Sebille,age_band,30-44,belief_post,33
Interview Prof. Sebille,age_band,30-44,concern_mean,53.722
Interview Prof. Sebille,age_band,30-44,distrust_post,53.5
Interview Prof. Sebille,age_band,30-44,donation_ams,4.25
Interview Prof. Sebille,age_band,30-44,funding_perceptions,42.167
Interview Prof. Sebille,age_band,30-44,inst_trust_mean,46.983
Interview Prof. Sebille,age_band,30-44,newsletter_signup,0.167
Interview Prof. Sebille,age_band,30-44,policy_general,40.833
Interview Prof. Sebille,age_band,30-44,policy_role_mean,45.167
Interview Prof. Sebille,age_band,30-44,policy_specific_mean,50.333
Interview Prof. Sebille,age_band,30-44,trust_multidimensional,52.812
Interview Prof. Sebille,age_band,30-44,trust_post,49.167
Interview Prof. Sebille,age_band,45-59,behavior_mean,51.269
Interview Prof. Sebille,age_band,45-59,belief_post,45.231
Interview Prof. Sebille,age_band,45-59,concern_mean,44.282
Interview Prof. Sebille,age_band,45-59,distrust_post,36.923
Interview Prof. Sebille,age_band,45-59,donation_ams,5
Interview Prof. Sebille,age_band,45-59,funding_perceptions,48.769
Interview Prof. Sebille,age_band,45-59,inst_trust_mean,49.677
Interview Prof. Sebille,age_band,45-59,newsletter_signup,0.077
Interview Prof. Sebille,age_band,45-59,policy_general,52.923
Interview Prof. Sebille,age_band,45-59,policy_role_mean,51.423
Interview Prof. Sebille,age_band,45-59,policy_specific_mean,50.945
Interview Prof. Sebille,age_band,45-59,trust_multidimensional,51.333
Interview Prof. Sebille,age_band,45-59,trust_post,53.231
Interview Prof. Sebille,age_band,60+,behavior_mean,49.82
Interview Prof. Sebille,age_band,60+,belief_post,53.08
Interview Prof. Sebille,age_band,60+,concern_mean,50.2
Interview Prof. Sebille,age_band,60+,distrust_post,37.16
Interview Prof. Sebille,age_band,60+,donation_ams,4.48
Interview Prof. Sebille,age_band,60+,funding_perceptions,56.64
Interview Prof. Sebille,age_band,60+,inst_trust_mean,46.088
Interview Prof. Sebille,age_band,60+,newsletter_signup,0.2
Interview Prof. Sebille,age_band,60+,policy_general,51.08
Interview Prof. Sebille,age_band,60+,policy_role_mean,48.47
Interview Prof. Sebille,age_band,60+,policy_specific_mean,48.389
Interview Prof. Sebille,age_band,60+,trust_multidimensional,47.913
Interview Prof. Sebille,age_band,60+,trust_post,50.52
Extreme weather predictions,age_band,18-29,behavior_mean,44.875
Extreme weather predictions,age_band,18-29,belief_post,48
Extreme weather predictions,age_band,18-29,concern_mean,51
Extreme weather predictions,age_band,18-29,distrust_post,64.375
Extreme weather predictions,age_band,18-29,donation_ams,4
Extreme weather predictions,age_band,18-29,funding_perceptions,48.5
Extreme weather predictions,age_band,18-29,inst_trust_mean,48.875
Extreme weather predictions,age_band,18-29,newsletter_signup,0.125
Extreme weather predictions,age_band,18-29,policy_general,30.75
Extreme weather predictions,age_band,18-29,policy_role_mean,52.312
Extreme weather predictions,age_band,18-29,policy_specific_mean,50.75
Extreme weather predictions,age_band,18-29,trust_multidimensional,52.802
Extreme weather predictions,age_band,18-29,trust_post,37.75
Extreme weather predictions,age_band,30-44,behavior_mean,49.439
Extreme weather predictions,age_band,30-44,belief_post,50.545
Extreme weather predictions,age_band,30-44,concern_mean,54.455
Extreme weather predictions,age_band,30-44,distrust_post,60.091
Extreme weather predictions,age_band,30-44,donation_ams,3.545
Extreme weather predictions,age_band,30-44,funding_perceptions,47.455
Extreme weather predictions,age_band,30-44,inst_trust_mean,48.418
Extreme weather predictions,age_band,30-44,newsletter_signup,0.273
Extreme weather predictions,age_band,30-44,policy_general,58
Extreme weather predictions,age_band,30-44,policy_role_mean,58.864
Extreme weather predictions,age_band,30-44,policy_specific_mean,52.87
Extreme weather predictions,age_band,30-44,trust_multidimensional,48.682
Extreme weather predictions,age_band,30-44,trust_post,48.909
Extreme weather predictions,age_band,45-59,behavior_mean,53.854
Extreme weather predictions,age_band,45-59,belief_post,48.375
Extreme weather predictions,age_band,45-59,concern_mean,54.021
Extreme weather predictions,age_band,45-59,distrust_post,54.125
Extreme weather predictions,age_band,45-59,donation_ams,4.938
Extreme weather predictions,age_band,45-59,funding_perceptions,59.562
Extreme weather predictions,age_band,45-59,inst_trust_mean,49.513
Extreme weather predictions,age_band,45-59,newsletter_signup,0.188
Extreme weather predictions,age_band,45-59,policy_general,41.562
Extreme weather predictions,age_band,45-59,policy_role_mean,53.344
Extreme weather predictions,age_band,45-59,policy_specific_mean,50.223
Extreme weather predictions,age_band,45-59,trust_multidimensional,48.62
Extreme weather predictions,age_band,45-59,trust_post,61.938
Extreme weather predictions,age_band,60+,behavior_mean,48.767
Extreme weather predictions,age_band,60+,belief_post,56.8
Extreme weather predictions,age_band,60+,concern_mean,49.053
Extreme weather predictions,age_band,60+,distrust_post,55
Extreme weather predictions,age_band,60+,donation_ams,5.52
Extreme weather predictions,age_band,60+,funding_perceptions,45.12
Extreme weather predictions,age_band,60+,inst_trust_mean,47.6
Extreme weather predictions,age_band,60+,newsletter_signup,0.16
Extreme weather predictions,age_band,60+,policy_general,49.72
Extreme weather predictions,age_band,60+,policy_role_mean,48.06
Extreme weather predictions,age_band,60+,policy_specific_mean,51.623
Extreme weather predictions,age_band,60+,trust_multidimensional,51.853
Extreme weather predictions,age_band,60+,trust_post,43.44
control,race,White / Caucasian,behavior_mean,52.271
control,race,White / Caucasian,belief_post,60.5
control,race,White / Caucasian,concern_mean,48.083
control,race,White / Caucasian,distrust_post,50
control,race,White / Caucasian,donation_ams,4.25
control,race,White / Caucasian,funding_perceptions,55.75
control,race,White / Caucasian,inst_trust_mean,43.025
control,race,White / Caucasian,newsletter_signup,0.25
control,race,White / Caucasian,policy_general,35.625
control,race,White / Caucasian,policy_role_mean,56.594
control,race,White / Caucasian,policy_specific_mean,49.071
control,race,White / Caucasian,trust_multidimensional,50.823
control,race,White / Caucasian,trust_post,62.875
control,race,Black / African American,behavior_mean,54.139
control,race,Black / African American,belief_post,59.167
control,race,Black / African American,concern_mean,58.944
control,race,Black / African American,distrust_post,32.333
control,race,Black / African American,donation_ams,3.667
control,race,Black / African American,funding_perceptions,58
control,race,Black / African American,inst_trust_mean,43.667
control,race,Black / African American,newsletter_signup,0.167
control,race,Black / African American,policy_general,52.333
control,race,Black / African American,policy_role_mean,51.667
control,race,Black / African American,policy_specific_mean,51.476
control,race,Black / African American,trust_multidimensional,52.472
control,race,Black / African American,trust_post,63.833
control,race,Hispanic / Latino,behavior_mean,43.733
control,race,Hispanic / Latino,belief_post,40.333
control,race,Hispanic / Latino,concern_mean,45.489
control,race,Hispanic / Latino,distrust_post,49.533
control,race,Hispanic / Latino,donation_ams,4.533
control,race,Hispanic / Latino,funding_perceptions,52.267
control,race,Hispanic / Latino,inst_trust_mean,43.747
control,race,Hispanic / Latino,newsletter_signup,0.067
control,race,Hispanic / Latino,policy_general,41.067
control,race,Hispanic / Latino,policy_role_mean,52
control,race,Hispanic / Latino,policy_specific_mean,49.743
control,race,Hispanic / Latino,trust_multidimensional,48.906
control,race,Hispanic / Latino,trust_post,44.867
control,race,Asian / Asian American,behavior_mean,48.051
control,race,Asian / Asian American,belief_post,59
control,race,Asian / Asian American,concern_mean,54.513
control,race,Asian / Asian American,distrust_post,53.154
control,race,Asian / Asian American,donation_ams,6
control,race,Asian / Asian American,funding_perceptions,52.846
control,race,Asian / Asian American,inst_trust_mean,48.923
control,race,Asian / Asian American,newsletter_signup,0.154
control,race,Asian / Asian American,policy_general,44.231
control,race,Asian / Asian American,policy_role_mean,46.596
control,race,Asian / Asian American,policy_specific_mean,49.648
control,race,Asian / Asian American,trust_multidimensional,49.628
control,race,Asian / Asian American,trust_post,50.923
control,race,Other,behavior_mean,48.565
control,race,Other,belief_post,50.333
control,race,Other,concern_mean,58.926
control,race,Other,distrust_post,49.111
control,race,Other,donation_ams,4.222
control,race,Other,funding_perceptions,52.667
control,race,Other,inst_trust_mean,48.711
control,race,Other,newsletter_signup,0.222
control,race,Other,policy_general,48.222
control,race,Other,policy_role_mean,46.153
control,race,Other,policy_specific_mean,53.103
control,race,Other,trust_multidimensional,51.958
control,race,Other,trust_post,49.444
Corporate reliance,race,White / Caucasian,behavior_mean,48.909
Corporate reliance,race,White / Caucasian,belief_post,54.091
Corporate reliance,race,White / Caucasian,concern_mean,55.636
Corporate reliance,race,White / Caucasian,distrust_post,50.455
Corporate reliance,race,White / Caucasian,donation_ams,5.091
Corporate reliance,race,White / Caucasian,funding_perceptions,51
Corporate reliance,race,White / Caucasian,inst_trust_mean,54.836
Corporate reliance,race,White / Caucasian,newsletter_signup,0.364
Corporate reliance,race,White / Caucasian,policy_general,63.364
Corporate reliance,race,White / Caucasian,policy_role_mean,46.591
Corporate reliance,race,White / Caucasian,policy_specific_mean,47.117
Corporate reliance,race,White / Caucasian,trust_multidimensional,48.788
Corporate reliance,race,White / Caucasian,trust_post,52.727
Corporate reliance,race,Black / African American,behavior_mean,51.125
Corporate reliance,race,Black / African American,belief_post,50.062
Corporate reliance,race,Black / African American,concern_mean,47.812
Corporate reliance,race,Black / African American,distrust_post,40.875
Corporate reliance,race,Black / African American,donation_ams,4.25
Corporate reliance,race,Black / African American,funding_perceptions,48
Corporate reliance,race,Black / African American,inst_trust_mean,50.1
Corporate reliance,race,Black / African American,newsletter_signup,0.312
Corporate reliance,race,Black / African American,policy_general,43.688
Corporate reliance,race,Black / African American,policy_role_mean,56.234
Corporate reliance,race,Black / African American,policy_specific_mean,48.036
Corporate reliance,race,Black / African American,trust_multidimensional,51.964
Corporate reliance,race,Black / African American,trust_post,41.688
Corporate reliance,race,Hispanic / Latino,behavior_mean,48.424
Corporate reliance,race,Hispanic / Latino,belief_post,40.364
Corporate reliance,race,Hispanic / Latino,concern_mean,49.152
Corporate reliance,race,Hispanic / Latino,distrust_post,66.455
Corporate reliance,race,Hispanic / Latino,donation_ams,6.273
Corporate reliance,race,Hispanic / Latino,funding_perceptions,46.818
Corporate reliance,race,Hispanic / Latino,inst_trust_mean,53.055
Corporate reliance,race,Hispanic / Latino,newsletter_signup,0.182
Corporate reliance,race,Hispanic / Latino,policy_general,47.091
Corporate reliance,race,Hispanic / Latino,policy_role_mean,44.795
Corporate reliance,race,Hispanic / Latino,policy_specific_mean,54.195
Corporate reliance,race,Hispanic / Latino,trust_multidimensional,47.894
Corporate reliance,race,Hispanic / Latino,trust_post,47.636
Corporate reliance,race,Asian / Asian American,behavior_mean,48.13
Corporate reliance,race,Asian / Asian American,belief_post,41.222
Corporate reliance,race,Asian / Asian American,concern_mean,51.556
Corporate reliance,race,Asian / Asian American,distrust_post,37.556
Corporate reliance,race,Asian / Asian American,donation_ams,4.667
Corporate reliance,race,Asian / Asian American,funding_perceptions,46.667
Corporate reliance,race,Asian / Asian American,inst_trust_mean,46.333
Corporate reliance,race,Asian / Asian American,newsletter_signup,0.111
Corporate reliance,race,Asian / Asian American,policy_general,48
Corporate reliance,race,Asian / Asian American,policy_role_mean,53.25
Corporate reliance,race,Asian / Asian American,policy_specific_mean,49.873
Corporate reliance,race,Asian / Asian American,trust_multidimensional,52.926
Corporate reliance,race,Asian / Asian American,trust_post,52.444
Corporate reliance,race,Other,behavior_mean,41.91
Corporate reliance,race,Other,belief_post,43.923
Corporate reliance,race,Other,concern_mean,56.615
Corporate reliance,race,Other,distrust_post,35.615
Corporate reliance,race,Other,donation_ams,5.308
Corporate reliance,race,Other,funding_perceptions,51.308
Corporate reliance,race,Other,inst_trust_mean,56.277
Corporate reliance,race,Other,newsletter_signup,0.538
Corporate reliance,race,Other,policy_general,46.846
Corporate reliance,race,Other,policy_role_mean,45.769
Corporate reliance,race,Other,policy_specific_mean,48.56
Corporate reliance,race,Other,trust_multidimensional,50.218
Corporate reliance,race,Other,trust_post,43.308
Social justice,race,White / Caucasian,behavior_mean,48.25
Social justice,race,White / Caucasian,belief_post,53
Social justice,race,White / Caucasian,concern_mean,46.6
Social justice,race,White / Caucasian,distrust_post,51.3
Social justice,race,White / Caucasian,donation_ams,4.9
Social justice,race,White / Caucasian,funding_perceptions,43.5
Social justice,race,White / Caucasian,inst_trust_mean,49.2
Social justice,race,White / Caucasian,newsletter_signup,0.3
Social justice,race,White / Caucasian,policy_general,46
Social justice,race,White / Caucasian,policy_role_mean,46.65
Social justice,race,White / Caucasian,policy_specific_mean,45.814
Social justice,race,White / Caucasian,trust_multidimensional,52.3
Social justice,race,White / Caucasian,trust_post,56.1
Social justice,race,Black / African American,behavior_mean,50.236
Social justice,race,Black / African American,belief_post,49.75
Social justice,race,Black / African American,concern_mean,50.778
Social justice,race,Black / African American,distrust_post,53.667
Social justice,race,Black / African American,donation_ams,3.083
Social justice,race,Black / African American,funding_perceptions,34.583
Social justice,race,Black / African American,inst_trust_mean,44.55
Social justice,race,Black / African American,newsletter_signup,0.083
Social justice,race,Black / African American,policy_general,62.417
Social justice,race,Black / African American,policy_role_mean,51.25
Social justice,race,Black / African American,policy_specific_mean,46.393
Social justice,race,Black / African American,trust_multidimensional,52.465
Social justice,race,Black / African American,trust_post,43.583
Social justice,race,Hispanic / Latino,behavior_mean,49.038
Social justice,race,Hispanic / Latino,belief_post,36.769
Social justice,race,Hispanic / Latino,concern_mean,48.923
Social justice,race,Hispanic / Latino,distrust_post,60.923
Social justice,race,Hispanic / Latino,donation_ams,5.923
Social justice,race,Hispanic / Latino,funding_perceptions,51.846
Social justice,race,Hispanic / Latino,inst_trust_mean,51.831
Social justice,race,Hispanic / Latino,newsletter_signup,0.154
Social justice,race,Hispanic / Latino,policy_general,52.538
Social justice,race,Hispanic / Latino,policy_role_mean,43.788
Social justice,race,Hispanic / Latino,policy_specific_mean,50.044
Social justice,race,Hispanic / Latino,trust_multidimensional,49.064
Social justice,race,Hispanic / Latino,trust_post,58.231
Social justice,race,Asian / Asian American,behavior_mean,50.389
Social justice,race,Asian / Asian American,belief_post,46.5
Social justice,race,Asian / Asian American,concern_mean,49.278
Social justice,race,Asian / Asian American,distrust_post,35.833
Social justice,race,Asian / Asian American,donation_ams,5.833
Social justice,race,Asian / Asian American,funding_perceptions,27
Social justice,race,Asian / Asian American,inst_trust_mean,47.5
Social justice,race,Asian / Asian American,newsletter_signup,0.5
Social justice,race,Asian / Asian American,policy_general,55.5
Social justice,race,Asian / Asian American,policy_role_mean,52.333
Social justice,race,Asian / Asian American,policy_specific_mean,53.119
Social justice,race,Asian / Asian American,trust_multidimensional,56.597
Social justice,race,Asian / Asian American,trust_post,48.5
Social justice,race,Other,behavior_mean,51.544
Social justice,race,Other,belief_post,57.579
Social justice,race,Other,concern_mean,49.474
Social justice,race,Other,distrust_post,47.368
Social justice,race,Other,donation_ams,4.474
Social justice,race,Other,funding_perceptions,61.526
Social justice,race,Other,inst_trust_mean,51.379
Social justice,race,Other,newsletter_signup,0.158
Social justice,race,Other,policy_general,50.158
Social justice,race,Other,policy_role_mean,50.921
Social justice,race,Other,policy_specific_mean,52.075
Social justice,race,Other,trust_multidimensional,52.197
Social justice,race,Other,trust_post,49.632
Interview Prof. Maraun,race,White / Caucasian,behavior_mean,47.667
Interview Prof. Maraun,race,White / Caucasian,belief_post,55.231
Interview Prof. Maraun,race,White / Caucasian,concern_mean,48.641
Interview Prof. Maraun,race,White / Caucasian,distrust_post,64.077
Interview Prof. Maraun,race,White / Caucasian,donation_ams,4.692
Interview Prof. Maraun,race,White / Caucasian,funding_perceptions,57.923
Interview Prof. Maraun,race,White / Caucasian,inst_trust_mean,53.446
Interview Prof. Maraun,race,White / Caucasian,newsletter_signup,0.231
Interview Prof. Maraun,race,White / Caucasian,policy_general,47.077
Interview Prof. Maraun,race,White / Caucasian,policy_role_mean,44.75
Interview Prof. Maraun,race,White / Caucasian,policy_specific_mean,51
Interview Prof. Maraun,race,White / Caucasian,trust_multidimensional,48.327
Interview Prof. Maraun,race,White / Caucasian,trust_post,44.615
Interview Prof. Maraun,race,Black / African American,behavior_mean,55.304
Interview Prof. Maraun,race,Black / African American,belief_post,57.471
Interview Prof. Maraun,race,Black / African American,concern_mean,52.804
Interview Prof. Maraun,race,Black / African American,distrust_post,41.176
Interview Prof. Maraun,race,Black / African American,donation_ams,5.412
Interview Prof. Maraun,race,Black / African American,funding_perceptions,57.529
Interview Prof. Maraun,race,Black / African American,inst_trust_mean,52.188
Interview Prof. Maraun,race,Black / African American,newsletter_signup,0.118
Interview Prof. Maraun,race,Black / African American,policy_general,52.765
Interview Prof. Maraun,race,Black / African American,policy_role_mean,51.191
Interview Prof. Maraun,race,Black / African American,policy_specific_mean,48.941
Interview Prof. Maraun,race,Black / African American,trust_multidimensional,52.137
Interview Prof. Maraun,race,Black / African American,trust_post,42.941
Interview Prof. Maraun,race,Hispanic / Latino,behavior_mean,46.983
Interview Prof. Maraun,race,Hispanic / Latino,belief_post,56.1
Interview Prof. Maraun,race,Hispanic / Latino,concern_mean,54.733
Interview Prof. Maraun,race,Hispanic / Latino,distrust_post,42.4
Interview Prof. Maraun,race,Hispanic / Latino,donation_ams,5.3
Interview Prof. Maraun,race,Hispanic / Latino,funding_perceptions,48.2
Interview Prof. Maraun,race,Hispanic / Latino,inst_trust_mean,53.02
Interview Prof. Maraun,race,Hispanic / Latino,newsletter_signup,0.1
Interview Prof. Maraun,race,Hispanic / Latino,policy_general,48.4
Interview Prof. Maraun,race,Hispanic / Latino,policy_role_mean,51.925
Interview Prof. Maraun,race,Hispanic / Latino,policy_specific_mean,52.986
Interview Prof. Maraun,race,Hispanic / Latino,trust_multidimensional,48.933
Interview Prof. Maraun,race,Hispanic / Latino,trust_post,41.1
Interview Prof. Maraun,race,Asian / Asian American,behavior_mean,50.381
Interview Prof. Maraun,race,Asian / Asian American,belief_post,42.143
Interview Prof. Maraun,race,Asian / Asian American,concern_mean,43.619
Interview Prof. Maraun,race,Asian / Asian American,distrust_post,52.143
Interview Prof. Maraun,race,Asian / Asian American,donation_ams,3.286
Interview Prof. Maraun,race,Asian / Asian American,funding_perceptions,46.571
Interview Prof. Maraun,race,Asian / Asian American,inst_trust_mean,51.829
Interview Prof. Maraun,race,Asian / Asian American,newsletter_signup,0
Interview Prof. Maraun,race,Asian / Asian American,policy_general,64.429
Interview Prof. Maraun,race,Asian / Asian American,policy_role_mean,56.536
Interview Prof. Maraun,race,Asian / Asian American,policy_specific_mean,45.367
Interview Prof. Maraun,race,Asian / Asian American,trust_multidimensional,51.976
Interview Prof. Maraun,race,Asian / Asian American,trust_post,59.714
Interview Prof. Maraun,race,Other,behavior_mean,53.205
Interview Prof. Maraun,race,Other,belief_post,42.769
Interview Prof. Maraun,race,Other,concern_mean,45.846
Interview Prof. Maraun,race,Other,distrust_post,57.692
Interview Prof. Maraun,race,Other,donation_ams,5.692
Interview Prof. Maraun,race,Other,funding_perceptions,37.692
Interview Prof. Maraun,race,Other,inst_trust_mean,52.415
Interview Prof. Maraun,race,Other,newsletter_signup,0.308
Interview Prof. Maraun,race,Other,policy_general,45.923
Interview Prof. Maraun,race,Other,policy_role_mean,51.423
Interview Prof. Maraun,race,Other,policy_specific_mean,50.121
Interview Prof. Maraun,race,Other,trust_multidimensional,51.212
Interview Prof. Maraun,race,Other,trust_post,54.308
Funding,race,White / Caucasian,behavior_mean,49.024
Funding,race,White / Caucasian,belief_post,50.214
Funding,race,White / Caucasian,concern_mean,51
Funding,race,White / Caucasian,distrust_post,57.714
Funding,race,White / Caucasian,donation_ams,4.857
Funding,race,White / Caucasian,funding_perceptions,50.286
Funding,race,White / Caucasian,inst_trust_mean,43.371
Funding,race,White / Caucasian,newsletter_signup,0.357
Funding,race,White / Caucasian,policy_general,43.357
Funding,race,White / Caucasian,policy_role_mean,49.214
Funding,race,White / Caucasian,policy_specific_mean,48.133
Funding,race,White / Caucasian,trust_multidimensional,50.732
Funding,race,White / Caucasian,trust_post,49.286
Funding,race,Black / African American,behavior_mean,49.417
Funding,race,Black / African American,belief_post,53.6
Funding,race,Black / African American,concern_mean,51.4
Funding,race,Black / African American,distrust_post,60.7
Funding,race,Black / African American,donation_ams,6.4
Funding,race,Black / African American,funding_perceptions,55.5
Funding,race,Black / African American,inst_trust_mean,51
Funding,race,Black / African American,newsletter_signup,0.1
Funding,race,Black / African American,policy_general,34.1
Funding,race,Black / African American,policy_role_mean,49.375
Funding,race,Black / African American,policy_specific_mean,52.029
Funding,race,Black / African American,trust_multidimensional,50.75
Funding,race,Black / African American,trust_post,40.6
Funding,race,Hispanic / Latino,behavior_mean,53.292
Funding,race,Hispanic / Latino,belief_post,64.5
Funding,race,Hispanic / Latino,concern_mean,46.375
Funding,race,Hispanic / Latino,distrust_post,51.25
Funding,race,Hispanic / Latino,donation_ams,3.5
Funding,race,Hispanic / Latino,funding_perceptions,62.375
Funding,race,Hispanic / Latino,inst_trust_mean,50.75
Funding,race,Hispanic / Latino,newsletter_signup,0.25
Funding,race,Hispanic / Latino,policy_general,42.125
Funding,race,Hispanic / Latino,policy_role_mean,49.25
Funding,race,Hispanic / Latino,policy_specific_mean,55.625
Funding,race,Hispanic / Latino,trust_multidimensional,51.99
Funding,race,Hispanic / Latino,trust_post,59.375
Funding,race,Asian / Asian American,behavior_mean,46.59
Funding,race,Asian / Asian American,belief_post,49.077
Funding,race,Asian / Asian American,concern_mean,52.897
Funding,race,Asian / Asian American,distrust_post,54.769
Funding,race,Asian / Asian American,donation_ams,6.308
Funding,race,Asian / Asian American,funding_perceptions,55.231
Funding,race,Asian / Asian American,inst_trust_mean,45.6
Funding,race,Asian / Asian American,newsletter_signup,0.077
Funding,race,Asian / Asian American,policy_general,72.538
Funding,race,Asian / Asian American,policy_role_mean,47.654
Funding,race,Asian / Asian American,policy_specific_mean,51.495
Funding,race,Asian / Asian American,trust_multidimensional,54.09
Funding,race,Asian / Asian American,trust_post,51.846
Funding,race,Other,behavior_mean,53.189
Funding,race,Other,belief_post,56.8
Funding,race,Other,concern_mean,43.711
Funding,race,Other,distrust_post,46.267
Funding,race,Other,donation_ams,5.333
Funding,race,Other,funding_perceptions,46.4
Funding,race,Other,inst_trust_mean,52.893
Funding,race,Other,newsletter_signup,0.2
Funding,race,Other,policy_general,44.133
Funding,race,Other,policy_role_mean,56
Funding,race,Other,policy_specific_mean,49.676
Funding,race,Other,trust_multidimensional,52.678
Funding,race,Other,trust_post,43.867
Oil industry misinformation,race,White / Caucasian,behavior_mean,49.521
Oil industry misinformation,race,White / Caucasian,belief_post,48.125
Oil industry misinformation,race,White / Caucasian,concern_mean,48.542
Oil industry misinformation,race,White / Caucasian,distrust_post,45.125
Oil industry misinformation,race,White / Caucasian,donation_ams,4.875
Oil industry misinformation,race,White / Caucasian,funding_perceptions,48.375
Oil industry misinformation,race,White / Caucasian,inst_trust_mean,50.85
Oil industry misinformation,race,White / Caucasian,newsletter_signup,0.125
Oil industry misinformation,race,White / Caucasian,policy_general,28
Oil industry misinformation,race,White / Caucasian,policy_role_mean,50.688
Oil industry misinformation,race,White / Caucasian,policy_specific_mean,51.571
Oil industry misinformation,race,White / Caucasian,trust_multidimensional,51.438
Oil industry misinformation,race,White / Caucasian,trust_post,60.75
Oil industry misinformation,race,Black / African American,behavior_mean,43.259
Oil industry misinformation,race,Black / African American,belief_post,36.333
Oil industry misinformation,race,Black / African American,concern_mean,55.963
Oil industry misinformation,race,Black / African American,distrust_post,52.222
Oil industry misinformation,race,Black / African American,donation_ams,3.222
Oil industry misinformation,race,Black / African American,funding_perceptions,44.667
Oil industry misinformation,race,Black / African American,inst_trust_mean,46.578
Oil industry misinformation,race,Black / African American,newsletter_signup,0.222
Oil industry misinformation,race,Black / African American,policy_general,42.111
Oil industry misinformation,race,Black / African American,policy_role_mean,45.278
Oil industry misinformation,race,Black / African American,policy_specific_mean,46.317
Oil industry misinformation,race,Black / African American,trust_multidimensional,45.62
Oil industry misinformation,race,Black / African American,trust_post,42.778
Oil industry misinformation,race,Hispanic / Latino,behavior_mean,44.314
Oil industry misinformation,race,Hispanic / Latino,belief_post,50.529
Oil industry misinformation,race,Hispanic / Latino,concern_mean,53.51
Oil industry misinformation,race,Hispanic / Latino,distrust_post,57.353
Oil industry misinformation,race,Hispanic / Latino,donation_ams,5.235
Oil industry misinformation,race,Hispanic / Latino,funding_perceptions,57.941
Oil industry misinformation,race,Hispanic / Latino,inst_trust_mean,43.659
Oil industry misinformation,race,Hispanic / Latino,newsletter_signup,0.118
Oil industry misinformation,race,Hispanic / Latino,policy_general,48.118
Oil industry misinformation,race,Hispanic / Latino,policy_role_mean,50.853
Oil industry misinformation,race,Hispanic / Latino,policy_specific_mean,47.445
Oil industry misinformation,race,Hispanic / Latino,trust_multidimensional,47.441
Oil industry misinformation,race,Hispanic / Latino,trust_post,47.235
Oil industry misinformation,race,Asian / Asian American,behavior_mean,54.464
Oil industry misinformation,race,Asian / Asian American,belief_post,54.929
Oil industry misinformation,race,Asian / Asian American,concern_mean,45.429
Oil industry misinformation,race,Asian / Asian American,distrust_post,58.714
Oil industry misinformation,race,Asian / Asian American,donation_ams,4
Oil industry misinformation,race,Asian / Asian American,funding_perceptions,46.5
Oil industry misinformation,race,Asian / Asian American,inst_trust_mean,47.214
Oil industry misinformation,race,Asian / Asian American,newsletter_signup,0.214
Oil industry misinformation,race,Asian / Asian American,policy_general,53.857
Oil industry misinformation,race,Asian / Asian American,policy_role_mean,43
Oil industry misinformation,race,Asian / Asian American,policy_specific_mean,53.418
Oil industry misinformation,race,Asian / Asian American,trust_multidimensional,49.53
Oil industry misinformation,race,Asian / Asian American,trust_post,52.214
Oil industry misinformation,race,Other,behavior_mean,49.014
Oil industry misinformation,race,Other,belief_post,42.25
Oil industry misinformation,race,Other,concern_mean,48.722
Oil industry misinformation,race,Other,distrust_post,67
Oil industry misinformation,race,Other,donation_ams,5.083
Oil industry misinformation,race,Other,funding_perceptions,45.667
Oil industry misinformation,race,Other,inst_trust_mean,47.917
Oil industry misinformation,race,Other,newsletter_signup,0.083
Oil industry misinformation,race,Other,policy_general,62.583
Oil industry misinformation,race,Other,policy_role_mean,47.833
Oil industry misinformation,race,Other,policy_specific_mean,52.095
Oil industry misinformation,race,Other,trust_multidimensional,46.674
Oil industry misinformation,race,Other,trust_post,45.167
Measurement & modeling (1),race,White / Caucasian,behavior_mean,41.45
Measurement & modeling (1),race,White / Caucasian,belief_post,48.3
Measurement & modeling (1),race,White / Caucasian,concern_mean,52.6
Measurement & modeling (1),race,White / Caucasian,distrust_post,46.4
Measurement & modeling (1),race,White / Caucasian,donation_ams,6.3
Measurement & modeling (1),race,White / Caucasian,funding_perceptions,39.6
Measurement & modeling (1),race,White / Caucasian,inst_trust_mean,51.72
Measurement & modeling (1),race,White / Caucasian,newsletter_signup,0.3
Measurement & modeling (1),race,White / Caucasian,policy_general,32.8
Measurement & modeling (1),race,White / Caucasian,policy_role_mean,50.775
Measurement & modeling (1),race,White / Caucasian,policy_specific_mean,50.429
Measurement & modeling (1),race,White / Caucasian,trust_multidimensional,48.717
Measurement & modeling (1),race,White / Caucasian,trust_post,42.3
Measurement & modeling (1),race,Black / African American,behavior_mean,49.889
Measurement & modeling (1),race,Black / African American,belief_post,39
Measurement & modeling (1),race,Black / African American,concern_mean,48.259
Measurement & modeling (1),race,Black / African American,distrust_post,47.222
Measurement & modeling (1),race,Black / African American,donation_ams,4.556
Measurement & modeling (1),race,Black / African American,funding_perceptions,37.667
Measurement & modeling (1),race,Black / African American,inst_trust_mean,50.867
Measurement & modeling (1),race,Black / African American,newsletter_signup,0.444
Measurement & modeling (1),race,Black / African American,policy_general,49.444
Measurement & modeling (1),race,Black / African American,policy_role_mean,43.611
Measurement & modeling (1),race,Black / African American,policy_specific_mean,56.841
Measurement & modeling (1),race,Black / African American,trust_multidimensional,48.917
Measurement & modeling (1),race,Black / African American,trust_post,51
Measurement & modeling (1),race,Hispanic / Latino,behavior_mean,51.348
Measurement & modeling (1),race,Hispanic / Latino,belief_post,50.455
Measurement & modeling (1),race,Hispanic / Latino,concern_mean,44.152
Measurement & modeling (1),race,Hispanic / Latino,distrust_post,50.909
Measurement & modeling (1),race,Hispanic / Latino,donation_ams,5.909
Measurement & modeling (1),race,Hispanic / Latino,funding_perceptions,42.182
Measurement & modeling (1),race,Hispanic / Latino,inst_trust_mean,46.236
Measurement & modeling (1),race,Hispanic / Latino,newsletter_signup,0.091
Measurement & modeling (1),race,Hispanic / Latino,policy_general,67
Measurement & modeling (1),race,Hispanic / Latino,policy_role_mean,51.864
Measurement & modeling (1),race,Hispanic / Latino,policy_specific_mean,54.169
Measurement & modeling (1),race,Hispanic / Latino,trust_multidimensional,49.591
Measurement & modeling (1),race,Hispanic / Latino,trust_post,55.545
Measurement & modeling (1),race,Asian / Asian American,behavior_mean,46.804
Measurement & modeling (1),race,Asian / Asian American,belief_post,53.059
Measurement & modeling (1),race,Asian / Asian American,concern_mean,54.333
Measurement & modeling (1),race,Asian / Asian American,distrust_post,53.765
Measurement & modeling (1),race,Asian / Asian American,donation_ams,6.294
Measurement & modeling (1),race,Asian / Asian American,funding_perceptions,56.412
Measurement & modeling (1),race,Asian / Asian American,inst_trust_mean,49.694
Measurement & modeling (1),race,Asian / Asian American,newsletter_signup,0.059
Measurement & modeling (1),race,Asian / Asian American,policy_general,51
Measurement & modeling (1),race,Asian / Asian American,policy_role_mean,48.544
Measurement & modeling (1),race,Asian / Asian American,policy_specific_mean,48.756
Measurement & modeling (1),race,Asian / Asian American,trust_multidimensional,49.093
Measurement & modeling (1),race,Asian / Asian American,trust_post,46.235
Measurement & modeling (1),race,Other,behavior_mean,49.359
Measurement & modeling (1),race,Other,belief_post,51
Measurement & modeling (1),race,Other,concern_mean,44.718
Measurement & modeling (1),race,Other,distrust_post,54.846
Measurement & modeling (1),race,Other,donation_ams,6.385
Measurement & modeling (1),race,Other,funding_perceptions,48.385
Measurement & modeling (1),race,Other,inst_trust_mean,49.369
Measurement & modeling (1),race,Other,newsletter_signup,0.615
Measurement & modeling (1),race,Other,policy_general,54.154
Measurement & modeling (1),race,Other,policy_role_mean,47.077
Measurement & modeling (1),race,Other,policy_specific_mean,50.385
Measurement & modeling (1),race,Other,trust_multidimensional,46.494
Measurement & modeling (1),race,Other,trust_post,42.154
Former skeptics,race,White / Caucasian,behavior_mean,47.542
Former skeptics,race,White / Caucasian,belief_post,50
Former skeptics,race,White / Caucasian,concern_mean,52.361
Former skeptics,race,White / Caucasian,distrust_post,44.833
Former skeptics,race,White / Caucasian,donation_ams,2.5
Former skeptics,race,White / Caucasian,funding_perceptions,49.333
Former skeptics,race,White / Caucasian,inst_trust_mean,51.2
Former skeptics,race,White / Caucasian,newsletter_signup,0.167
Former skeptics,race,White / Caucasian,policy_general,48.667
Former skeptics,race,White / Caucasian,policy_role_mean,49.646
Former skeptics,race,White / Caucasian,policy_specific_mean,48.071
Former skeptics,race,White / Caucasian,trust_multidimensional,48.972
Former skeptics,race,White / Caucasian,trust_post,42.5
Former skeptics,race,Black / African American,behavior_mean,50.605
Former skeptics,race,Black / African American,belief_post,55.316
Former skeptics,race,Black / African American,concern_mean,49.719
Former skeptics,race,Black / African American,distrust_post,40.895
Former skeptics,race,Black / African American,donation_ams,5
Former skeptics,race,Black / African American,funding_perceptions,41.474
Former skeptics,race,Black / African American,inst_trust_mean,50.116
Former skeptics,race,Black / African American,newsletter_signup,0.316
Former skeptics,race,Black / African American,policy_general,56.105
Former skeptics,race,Black / African American,policy_role_mean,45.855
Former skeptics,race,Black / African American,policy_specific_mean,51.113
Former skeptics,race,Black / African American,trust_multidimensional,51.715
Former skeptics,race,Black / African American,trust_post,55.579
Former skeptics,race,Hispanic / Latino,behavior_mean,48.528
Former skeptics,race,Hispanic / Latino,belief_post,41.333
Former skeptics,race,Hispanic / Latino,concern_mean,56
Former skeptics,race,Hispanic / Latino,distrust_post,58.333
Former skeptics,race,Hispanic / Latino,donation_ams,5.667
Former skeptics,race,Hispanic / Latino,funding_perceptions,50
Former skeptics,race,Hispanic / Latino,inst_trust_mean,52.467
Former skeptics,race,Hispanic / Latino,newsletter_signup,0.167
Former skeptics,race,Hispanic / Latino,policy_general,41.667
Former skeptics,race,Hispanic / Latino,policy_role_mean,48.083
Former skeptics,race,Hispanic / Latino,policy_specific_mean,48.833
Former skeptics,race,Hispanic / Latino,trust_multidimensional,44.222
Former skeptics,race,Hispanic / Latino,trust_post,57.333
Former skeptics,race,Asian / Asian American,behavior_mean,51.678
Former skeptics,race,Asian / Asian American,belief_post,45
Former skeptics,race,Asian / Asian American,concern_mean,47.089
Former skeptics,race,Asian / Asian American,distrust_post,53.8
Former skeptics,race,Asian / Asian American,donation_ams,6.667
Former skeptics,race,Asian / Asian American,funding_perceptions,47.333
Former skeptics,race,Asian / Asian American,inst_trust_mean,49.667
Former skeptics,race,Asian / Asian American,newsletter_signup,0.133
Former skeptics,race,Asian / Asian American,policy_general,55.867
Former skeptics,race,Asian / Asian American,policy_role_mean,47.933
Former skeptics,race,Asian / Asian American,policy_specific_mean,45.724
Former skeptics,race,Asian / Asian American,trust_multidimensional,48.317
Former skeptics,race,Asian / Asian American,trust_post,55.533
Former skeptics,race,Other,behavior_mean,51.146
Former skeptics,race,Other,belief_post,49.25
Former skeptics,race,Other,concern_mean,35.458
Former skeptics,race,Other,distrust_post,50.5
Former skeptics,race,Other,donation_ams,6.875
Former skeptics,race,Other,funding_perceptions,34.625
Former skeptics,race,Other,inst_trust_mean,54.5
Former skeptics,race,Other,newsletter_signup,0.375
Former skeptics,race,Other,policy_general,51.5
Former skeptics,race,Other,policy_role_mean,58.094
Former skeptics,race,Other,policy_specific_mean,52.446
Former skeptics,race,Other,trust_multidimensional,50.24
Former skeptics,race,Other,trust_post,55.75
High public trust,race,White / Caucasian,behavior_mean,44.208
High public trust,race,White / Caucasian,belief_post,61.625
High public trust,race,White / Caucasian,concern_mean,56.5
High public trust,race,White / Caucasian,distrust_post,47.125
High public trust,race,White / Caucasian,donation_ams,5.125
High public trust,race,White / Caucasian,funding_perceptions,42.875
High public trust,race,White / Caucasian,inst_trust_mean,49.675
High public trust,race,White / Caucasian,newsletter_signup,0
High public trust,race,White / Caucasian,policy_general,55.375
High public trust,race,White / Caucasian,policy_role_mean,51
High public trust,race,White / Caucasian,policy_specific_mean,51.661
High public trust,race,White / Caucasian,trust_multidimensional,50.375
High public trust,race,White / Caucasian,trust_post,52
High public trust,race,Black / African American,behavior_mean,49.487
High public trust,race,Black / African American,belief_post,50.308
High public trust,race,Black / African American,concern_mean,51.308
High public trust,race,Black / African American,distrust_post,47.154
High public trust,race,Black / African American,donation_ams,4.769
High public trust,race,Black / African American,funding_perceptions,43.385
High public trust,race,Black / African American,inst_trust_mean,52.477
High public trust,race,Black / African American,newsletter_signup,0.385
High public trust,race,Black / African American,policy_general,63.923
High public trust,race,Black / African American,policy_role_mean,45.615
High public trust,race,Black / African American,policy_specific_mean,50.912
High public trust,race,Black / African American,trust_multidimensional,46.904
High public trust,race,Black / African American,trust_post,58.385
High public trust,race,Hispanic / Latino,behavior_mean,45.242
High public trust,race,Hispanic / Latino,belief_post,57.818
High public trust,race,Hispanic / Latino,concern_mean,48.697
High public trust,race,Hispanic / Latino,distrust_post,63.818
High public trust,race,Hispanic / Latino,donation_ams,4.909
High public trust,race,Hispanic / Latino,funding_perceptions,48.818
High public trust,race,Hispanic / Latino,inst_trust_mean,52.527
High public trust,race,Hispanic / Latino,newsletter_signup,0.455
High public trust,race,Hispanic / Latino,policy_general,48.636
High public trust,race,Hispanic / Latino,policy_role_mean,56.977
High public trust,race,Hispanic / Latino,policy_specific_mean,49.792
High public trust,race,Hispanic / Latino,trust_multidimensional,45.886
High public trust,race,Hispanic / Latino,trust_post,50.545
High public trust,race,Asian / Asian American,behavior_mean,51.402
High public trust,race,Asian / Asian American,belief_post,55.118
High public trust,race,Asian / Asian American,concern_mean,51.392
High public trust,race,Asian / Asian American,distrust_post,50.235
High public trust,race,Asian / Asian American,donation_ams,5.235
High public trust,race,Asian / Asian American,funding_perceptions,58.824
High public trust,race,Asian / Asian American,inst_trust_mean,45.506
High public trust,race,Asian / Asian American,newsletter_signup,0.353
High public trust,race,Asian / Asian American,policy_general,46.471
High public trust,race,Asian / Asian American,policy_role_mean,43
High public trust,race,Asian / Asian American,policy_specific_mean,52.773
High public trust,race,Asian / Asian American,trust_multidimensional,54.407
High public trust,race,Asian / Asian American,trust_post,48
High public trust,race,Other,behavior_mean,51.788
High public trust,race,Other,belief_post,59.091
High public trust,race,Other,concern_mean,55.242
High public trust,race,Other,distrust_post,56.364
High public trust,race,Other,donation_ams,4.364
High public trust,race,Other,funding_perceptions,50.273
High public trust,race,Other,inst_trust_mean,56.673
High public trust,race,Other,newsletter_signup,0.091
High public trust,race,Other,policy_general,60.545
High public trust,race,Other,policy_role_mean,49.886
High public trust,race,Other,policy_specific_mean,51.403
High public trust,race,Other,trust_multidimensional,47.288
High public trust,race,Other,trust_post,55.818
Measurement & modeling (2),race,White / Caucasian,behavior_mean,50.85
Measurement & modeling (2),race,White / Caucasian,belief_post,47.3
Measurement & modeling (2),race,White / Caucasian,concern_mean,50.3
Measurement & modeling (2),race,White / Caucasian,distrust_post,50.3
Measurement & modeling (2),race,White / Caucasian,donation_ams,6.6
Measurement & modeling (2),race,White / Caucasian,funding_perceptions,55
Measurement & modeling (2),race,White / Caucasian,inst_trust_mean,54.26
Measurement & modeling (2),race,White / Caucasian,newsletter_signup,0.2
Measurement & modeling (2),race,White / Caucasian,policy_general,45.8
Measurement & modeling (2),race,White / Caucasian,policy_role_mean,47.375
Measurement & modeling (2),race,White / Caucasian,policy_specific_mean,52.986
Measurement & modeling (2),race,White / Caucasian,trust_multidimensional,47.742
Measurement & modeling (2),race,White / Caucasian,trust_post,39.7
Measurement & modeling (2),race,Black / African American,behavior_mean,52.372
Measurement & modeling (2),race,Black / African American,belief_post,49.385
Measurement & modeling (2),race,Black / African American,concern_mean,55.077
Measurement & modeling (2),race,Black / African American,distrust_post,50.615
Measurement & modeling (2),race,Black / African American,donation_ams,5.538
Measurement & modeling (2),race,Black / African American,funding_perceptions,57.385
Measurement & modeling (2),race,Black / African American,inst_trust_mean,54.692
Measurement & modeling (2),race,Black / African American,newsletter_signup,0.231
Measurement & modeling (2),race,Black / African American,policy_general,53.538
Measurement & modeling (2),race,Black / African American,policy_role_mean,48
Measurement & modeling (2),race,Black / African American,policy_specific_mean,48.044
Measurement & modeling (2),race,Black / African American,trust_multidimensional,48.622
Measurement & modeling (2),race,Black / African American,trust_post,54.385
Measurement & modeling (2),race,Hispanic / Latino,behavior_mean,40.5
Measurement & modeling (2),race,Hispanic / Latino,belief_post,47.333
Measurement & modeling (2),race,Hispanic / Latino,concern_mean,41
Measurement & modeling (2),race,Hispanic / Latino,distrust_post,67.667
Measurement & modeling (2),race,Hispanic / Latino,donation_ams,6.333
Measurement & modeling (2),race,Hispanic / Latino,funding_perceptions,23.333
Measurement & modeling (2),race,Hispanic / Latino,inst_trust_mean,58.6
Measurement & modeling (2),race,Hispanic / Latino,newsletter_signup,0
Measurement & modeling (2),race,Hispanic / Latino,policy_general,41.667
Measurement & modeling (2),race,Hispanic / Latino,policy_role_mean,46
Measurement & modeling (2),race,Hispanic / Latino,policy_specific_mean,47.762
Measurement & modeling (2),race,Hispanic / Latino,trust_multidimensional,45.389
Measurement & modeling (2),race,Hispanic / Latino,trust_post,60.667
Measurement & modeling (2),race,Asian / Asian American,behavior_mean,49.219
Measurement & modeling (2),race,Asian / Asian American,belief_post,48.526
Measurement & modeling (2),race,Asian / Asian American,concern_mean,45.632
Measurement & modeling (2),race,Asian / Asian American,distrust_post,49.895
Measurement & modeling (2),race,Asian / Asian American,donation_ams,4.263
Measurement & modeling (2),race,Asian / Asian American,funding_perceptions,51.737
Measurement & modeling (2),race,Asian / Asian American,inst_trust_mean,51.368
Measurement & modeling (2),race,Asian / Asian American,newsletter_signup,0.211
Measurement & modeling (2),race,Asian / Asian American,policy_general,52.632
Measurement & modeling (2),race,Asian / Asian American,policy_role_mean,52.368
Measurement & modeling (2),race,Asian / Asian American,policy_specific_mean,48.677
Measurement & modeling (2),race,Asian / Asian American,trust_multidimensional,51.066
Measurement & modeling (2),race,Asian / Asian American,trust_post,60.158
Measurement & modeling (2),race,Other,behavior_mean,54.889
Measurement & modeling (2),race,Other,belief_post,50
Measurement & modeling (2),race,Other,concern_mean,43.756
Measurement & modeling (2),race,Other,distrust_post,51
Measurement & modeling (2),race,Other,donation_ams,4
Measurement & modeling (2),race,Other,funding_perceptions,42.8
Measurement & modeling (2),race,Other,inst_trust_mean,53.547
Measurement & modeling (2),race,Other,newsletter_signup,0.2
Measurement & modeling (2),race,Other,policy_general,55.8
Measurement & modeling (2),race,Other,policy_role_mean,50.783
Measurement & modeling (2),race,Other,policy_specific_mean,53.371
Measurement & modeling (2),race,Other,trust_multidimensional,50.144
Measurement & modeling (2),race,Other,trust_post,62.2
Peer-review,race,White / Caucasian,behavior_mean,50.283
Peer-review,race,White / Caucasian,belief_post,50.3
Peer-review,race,White / Caucasian,concern_mean,49.5
Peer-review,race,White / Caucasian,distrust_post,54.1
Peer-review,race,White / Caucasian,donation_ams,4.7
Peer-review,race,White / Caucasian,funding_perceptions,48.4
Peer-review,race,White / Caucasian,inst_trust_mean,54.62
Peer-review,race,White / Caucasian,newsletter_signup,0.4
Peer-review,race,White / Caucasian,policy_general,50.3
Peer-review,race,White / Caucasian,policy_role_mean,45.375
Peer-review,race,White / Caucasian,policy_specific_mean,45.257
Peer-review,race,White / Caucasian,trust_multidimensional,51.525
Peer-review,race,White / Caucasian,trust_post,51.7
Peer-review,race,Black / African American,behavior_mean,51.25
Peer-review,race,Black / African American,belief_post,47.5
Peer-review,race,Black / African American,concern_mean,60.75
Peer-review,race,Black / African American,distrust_post,52.5
Peer-review,race,Black / African American,donation_ams,3.5
Peer-review,race,Black / African American,funding_perceptions,51.5
Peer-review,race,Black / African American,inst_trust_mean,45.25
Peer-review,race,Black / African American,newsletter_signup,0
Peer-review,race,Black / African American,policy_general,21.25
Peer-review,race,Black / African American,policy_role_mean,53.375
Peer-review,race,Black / African American,policy_specific_mean,43.571
Peer-review,race,Black / African American,trust_multidimensional,51.167
Peer-review,race,Black / African American,trust_post,48
Peer-review,race,Hispanic / Latino,behavior_mean,48.597
Peer-review,race,Hispanic / Latino,belief_post,44.833
Peer-review,race,Hispanic / Latino,concern_mean,40.833
Peer-review,race,Hispanic / Latino,distrust_post,44.167
Peer-review,race,Hispanic / Latino,donation_ams,5
Peer-review,race,Hispanic / Latino,funding_perceptions,49.333
Peer-review,race,Hispanic / Latino,inst_trust_mean,46.15
Peer-review,race,Hispanic / Latino,newsletter_signup,0.25
Peer-review,race,Hispanic / Latino,policy_general,41.917
Peer-review,race,Hispanic / Latino,policy_role_mean,41.5
Peer-review,race,Hispanic / Latino,policy_specific_mean,50.036
Peer-review,race,Hispanic / Latino,trust_multidimensional,47.403
Peer-review,race,Hispanic / Latino,trust_post,52.917
Peer-review,race,Asian / Asian American,behavior_mean,46.115
Peer-review,race,Asian / Asian American,belief_post,54.385
Peer-review,race,Asian / Asian American,concern_mean,53.205
Peer-review,race,Asian / Asian American,distrust_post,49.692
Peer-review,race,Asian / Asian American,donation_ams,6
Peer-review,race,Asian / Asian American,funding_perceptions,44.308
Peer-review,race,Asian / Asian American,inst_trust_mean,47.215
Peer-review,race,Asian / Asian American,newsletter_signup,0.308
Peer-review,race,Asian / Asian American,policy_general,55.462
Peer-review,race,Asian / Asian American,policy_role_mean,53.346
Peer-review,race,Asian / Asian American,policy_specific_mean,50.868
Peer-review,race,Asian / Asian American,trust_multidimensional,52.628
Peer-review,race,Asian / Asian American,trust_post,51
Peer-review,race,Other,behavior_mean,51.833
Peer-review,race,Other,belief_post,51.905
Peer-review,race,Other,concern_mean,40.444
Peer-review,race,Other,distrust_post,44.524
Peer-review,race,Other,donation_ams,4.19
Peer-review,race,Other,funding_perceptions,46.333
Peer-review,race,Other,inst_trust_mean,50.219
Peer-review,race,Other,newsletter_signup,0.143
Peer-review,race,Other,policy_general,44.524
Peer-review,race,Other,policy_role_mean,49.619
Peer-review,race,Other,policy_specific_mean,47.646
Peer-review,race,Other,trust_multidimensional,51.131
Peer-review,race,Other,trust_post,37.81
Scientist community helpers,race,White / Caucasian,behavior_mean,49.397
Scientist community helpers,race,White / Caucasian,belief_post,46.231
Scientist community helpers,race,White / Caucasian,concern_mean,54.231
Scientist community helpers,race,White / Caucasian,distrust_post,44.462
Scientist community helpers,race,White / Caucasian,donation_ams,4.692
Scientist community helpers,race,White / Caucasian,funding_perceptions,60.231
Scientist community helpers,race,White / Caucasian,inst_trust_mean,53.923
Scientist community helpers,race,White / Caucasian,newsletter_signup,0.231
Scientist community helpers,race,White / Caucasian,policy_general,47.462
Scientist community helpers,race,White / Caucasian,policy_role_mean,49.385
Scientist community helpers,race,White / Caucasian,policy_specific_mean,50.33
Scientist community helpers,race,White / Caucasian,trust_multidimensional,52.16
Scientist community helpers,race,White / Caucasian,trust_post,56.154
Scientist community helpers,race,Black / African American,behavior_mean,51.139
Scientist community helpers,race,Black / African American,belief_post,53.5
Scientist community helpers,race,Black / African American,concern_mean,39.778
Scientist community helpers,race,Black / African American,distrust_post,62.5
Scientist community helpers,race,Black / African American,donation_ams,5.917
Scientist community helpers,race,Black / African American,funding_perceptions,42.167
Scientist community helpers,race,Black / African American,inst_trust_mean,48.817
Scientist community helpers,race,Black / African American,newsletter_signup,0.083
Scientist community helpers,race,Black / African American,policy_general,56.833
Scientist community helpers,race,Black / African American,policy_role_mean,56.125
Scientist community helpers,race,Black / African American,policy_specific_mean,46.667
Scientist community helpers,race,Black / African American,trust_multidimensional,49.618
Scientist community helpers,race,Black / African American,trust_post,54.167
Scientist community helpers,race,Hispanic / Latino,behavior_mean,56.394
Scientist community helpers,race,Hispanic / Latino,belief_post,54.818
Scientist community helpers,race,Hispanic / Latino,concern_mean,41.545
Scientist community helpers,race,Hispanic / Latino,distrust_post,47.091
Scientist community helpers,race,Hispanic / Latino,donation_ams,6.636
Scientist community helpers,race,Hispanic / Latino,funding_perceptions,38.182
Scientist community helpers,race,Hispanic / Latino,inst_trust_mean,51.345
Scientist community helpers,race,Hispanic / Latino,newsletter_signup,0.182
Scientist community helpers,race,Hispanic / Latino,policy_general,49
Scientist community helpers,race,Hispanic / Latino,policy_role_mean,51.409
Scientist community helpers,race,Hispanic / Latino,policy_specific_mean,48.857
Scientist community helpers,race,Hispanic / Latino,trust_multidimensional,49.902
Scientist community helpers,race,Hispanic / Latino,trust_post,51.273
Scientist community helpers,race,Asian / Asian American,behavior_mean,52.152
Scientist community helpers,race,Asian / Asian American,belief_post,29.818
Scientist community helpers,race,Asian / Asian American,concern_mean,51.788
Scientist community helpers,race,Asian / Asian American,distrust_post,38.727
Scientist community helpers,race,Asian / Asian American,donation_ams,3.091
Scientist community helpers,race,Asian / Asian American,funding_perceptions,60.545
Scientist community helpers,race,Asian / Asian American,inst_trust_mean,45.745
Scientist community helpers,race,Asian / Asian American,newsletter_signup,0.364
Scientist community helpers,race,Asian / Asian American,policy_general,34
Scientist community helpers,race,Asian / Asian American,policy_role_mean,46.114
Scientist community helpers,race,Asian / Asian American,policy_specific_mean,50.429
Scientist community helpers,race,Asian / Asian American,trust_multidimensional,45.977
Scientist community helpers,race,Asian / Asian American,trust_post,64.364
Scientist community helpers,race,Other,behavior_mean,49.872
Scientist community helpers,race,Other,belief_post,46.462
Scientist community helpers,race,Other,concern_mean,48
Scientist community helpers,race,Other,distrust_post,54.308
Scientist community helpers,race,Other,donation_ams,5.923
Scientist community helpers,race,Other,funding_perceptions,57.154
Scientist community helpers,race,Other,inst_trust_mean,48.077
Scientist community helpers,race,Other,newsletter_signup,0.154
Scientist community helpers,race,Other,policy_general,61
Scientist community helpers,race,Other,policy_role_mean,51.058
Scientist community helpers,race,Other,policy_specific_mean,51.989
Scientist community helpers,race,Other,trust_multidimensional,51.596
Scientist community helpers,race,Other,trust_post,44.692
Consensus,race,White / Caucasian,behavior_mean,49.298
Consensus,race,White / Caucasian,belief_post,55
Consensus,race,White / Caucasian,concern_mean,45.596
Consensus,race,White / Caucasian,distrust_post,40.842
Consensus,race,White / Caucasian,donation_ams,5.263
Consensus,race,White / Caucasian,funding_perceptions,39.105
Consensus,race,White / Caucasian,inst_trust_mean,54.6
Consensus,race,White / Caucasian,newsletter_signup,0.263
Consensus,race,White / Caucasian,policy_general,38.474
Consensus,race,White / Caucasian,policy_role_mean,46.579
Consensus,race,White / Caucasian,policy_specific_mean,51.722
Consensus,race,White / Caucasian,trust_multidimensional,50.794
Consensus,race,White / Caucasian,trust_post,50.263
Consensus,race,Black / African American,behavior_mean,48.476
Consensus,race,Black / African American,belief_post,47.429
Consensus,race,Black / African American,concern_mean,45.952
Consensus,race,Black / African American,distrust_post,59
Consensus,race,Black / African American,donation_ams,4.857
Consensus,race,Black / African American,funding_perceptions,52.571
Consensus,race,Black / African American,inst_trust_mean,49.2
Consensus,race,Black / African American,newsletter_signup,0.143
Consensus,race,Black / African American,policy_general,49.429
Consensus,race,Black / African American,policy_role_mean,48.857
Consensus,race,Black / African American,policy_specific_mean,51.857
Consensus,race,Black / African American,trust_multidimensional,54.738
Consensus,race,Black / African American,trust_post,44.714
Consensus,race,Hispanic / Latino,behavior_mean,50.667
Consensus,race,Hispanic / Latino,belief_post,42.714
Consensus,race,Hispanic / Latino,concern_mean,58.429
Consensus,race,Hispanic / Latino,distrust_post,43.714
Consensus,race,Hispanic / Latino,donation_ams,6.714
Consensus,race,Hispanic / Latino,funding_perceptions,46.286
Consensus,race,Hispanic / Latino,inst_trust_mean,43.371
Consensus,race,Hispanic / Latino,newsletter_signup,0
Consensus,race,Hispanic / Latino,policy_general,54.714
Consensus,race,Hispanic / Latino,policy_role_mean,51.179
Consensus,race,Hispanic / Latino,policy_specific_mean,52.49
Consensus,race,Hispanic / Latino,trust_multidimensional,50.833
Consensus,race,Hispanic / Latino,trust_post,45
Consensus,race,Asian / Asian American,behavior_mean,52.958
Consensus,race,Asian / Asian American,belief_post,57.25
Consensus,race,Asian / Asian American,concern_mean,50.028
Consensus,race,Asian / Asian American,distrust_post,43.917
Consensus,race,Asian / Asian American,donation_ams,4.917
Consensus,race,Asian / Asian American,funding_perceptions,51.25
Consensus,race,Asian / Asian American,inst_trust_mean,47.533
Consensus,race,Asian / Asian American,newsletter_signup,0.25
Consensus,race,Asian / Asian American,policy_general,52.917
Consensus,race,Asian / Asian American,policy_role_mean,53
Consensus,race,Asian / Asian American,policy_specific_mean,49.369
Consensus,race,Asian / Asian American,trust_multidimensional,53.458
Consensus,race,Asian / Asian American,trust_post,49.417
Consensus,race,Other,behavior_mean,52.567
Consensus,race,Other,belief_post,61.467
Consensus,race,Other,concern_mean,45.533
Consensus,race,Other,distrust_post,43
Consensus,race,Other,donation_ams,4.533
Consensus,race,Other,funding_perceptions,40.8
Consensus,race,Other,inst_trust_mean,47.96
Consensus,race,Other,newsletter_signup,0.267
Consensus,race,Other,policy_general,46.267
Consensus,race,Other,policy_role_mean,43.267
Consensus,race,Other,policy_specific_mean,51.533
Consensus,race,Other,trust_multidimensional,51.183
Consensus,race,Other,trust_post,63.2
Portrait Prof. Cherry,race,White / Caucasian,behavior_mean,50.907
Portrait Prof. Cherry,race,White / Caucasian,belief_post,56
Portrait Prof. Cherry,race,White / Caucasian,concern_mean,49.667
Portrait Prof. Cherry,race,White / Caucasian,distrust_post,42.722
Portrait Prof. Cherry,race,White / Caucasian,donation_ams,6.056
Portrait Prof. Cherry,race,White / Caucasian,funding_perceptions,46
Portrait Prof. Cherry,race,White / Caucasian,inst_trust_mean,49.289
Portrait Prof. Cherry,race,White / Caucasian,newsletter_signup,0.167
Portrait Prof. Cherry,race,White / Caucasian,policy_general,48.278
Portrait Prof. Cherry,race,White / Caucasian,policy_role_mean,51.556
Portrait Prof. Cherry,race,White / Caucasian,policy_specific_mean,52.444
Portrait Prof. Cherry,race,White / Caucasian,trust_multidimensional,50.676
Portrait Prof. Cherry,race,White / Caucasian,trust_post,45.167
Portrait Prof. Cherry,race,Black / African American,behavior_mean,48.617
Portrait Prof. Cherry,race,Black / African American,belief_post,63.9
Portrait Prof. Cherry,race,Black / African American,concern_mean,54.633
Portrait Prof. Cherry,race,Black / African American,distrust_post,41.7
Portrait Prof. Cherry,race,Black / African American,donation_ams,4.9
Portrait Prof. Cherry,race,Black / African American,funding_perceptions,57.7
Portrait Prof. Cherry,race,Black / African American,inst_trust_mean,46.42
Portrait Prof. Cherry,race,Black / African American,newsletter_signup,0.2
Portrait Prof. Cherry,race,Black / African American,policy_general,59.4
Portrait Prof. Cherry,race,Black / African American,policy_role_mean,53.175
Portrait Prof. Cherry,race,Black / African American,policy_specific_mean,48.214
Portrait Prof. Cherry,race,Black / African American,trust_multidimensional,43.217
Portrait Prof. Cherry,race,Black / African American,trust_post,33.4
Portrait Prof. Cherry,race,Hispanic / Latino,behavior_mean,49.983
Portrait Prof. Cherry,race,Hispanic / Latino,belief_post,47.4
Portrait Prof. Cherry,race,Hispanic / Latino,concern_mean,49.133
Portrait Prof. Cherry,race,Hispanic / Latino,distrust_post,58.6
Portrait Prof. Cherry,race,Hispanic / Latino,donation_ams,5.7
Portrait Prof. Cherry,race,Hispanic / Latino,funding_perceptions,52.5
Portrait Prof. Cherry,race,Hispanic / Latino,inst_trust_mean,52.62
Portrait Prof. Cherry,race,Hispanic / Latino,newsletter_signup,0.2
Portrait Prof. Cherry,race,Hispanic / Latino,policy_general,45.1
Portrait Prof. Cherry,race,Hispanic / Latino,policy_role_mean,37.55
Portrait Prof. Cherry,race,Hispanic / Latino,policy_specific_mean,50.243
Portrait Prof. Cherry,race,Hispanic / Latino,trust_multidimensional,50.458
Portrait Prof. Cherry,race,Hispanic / Latino,trust_post,49.2
Portrait Prof. Cherry,race,Asian / Asian American,behavior_mean,49.429
Portrait Prof. Cherry,race,Asian / Asian American,belief_post,58.357
Portrait Prof. Cherry,race,Asian / Asian American,concern_mean,50.69
Portrait Prof. Cherry,race,Asian / Asian American,distrust_post,43.929
Portrait Prof. Cherry,race,Asian / Asian American,donation_ams,5.143
Portrait Prof. Cherry,race,Asian / Asian American,funding_perceptions,33.786
Portrait Prof. Cherry,race,Asian / Asian American,inst_trust_mean,48.057
Portrait Prof. Cherry,race,Asian / Asian American,newsletter_signup,0.214
Portrait Prof. Cherry,race,Asian / Asian American,policy_general,54.357
Portrait Prof. Cherry,race,Asian / Asian American,policy_role_mean,42.125
Portrait Prof. Cherry,race,Asian / Asian American,policy_specific_mean,50.714
Portrait Prof. Cherry,race,Asian / Asian American,trust_multidimensional,50.232
Portrait Prof. Cherry,race,Asian / Asian American,trust_post,51.5
Portrait Prof. Cherry,race,Other,behavior_mean,47.875
Portrait Prof. Cherry,race,Other,belief_post,43.125
Portrait Prof. Cherry,race,Other,concern_mean,43.625
Portrait Prof. Cherry,race,Other,distrust_post,54.75
Portrait Prof. Cherry,race,Other,donation_ams,4.25
Portrait Prof. Cherry,race,Other,funding_perceptions,45.375
Portrait Prof. Cherry,race,Other,inst_trust_mean,44.275
Portrait Prof. Cherry,race,Other,newsletter_signup,0.375
Portrait Prof. Cherry,race,Other,policy_general,62.5
Portrait Prof. Cherry,race,Other,policy_role_mean,53.875
Portrait Prof. Cherry,race,Other,policy_specific_mean,44.929
Portrait Prof. Cherry,race,Other,trust_multidimensional,48.521
Portrait Prof. Cherry,race,Other,trust_post,46.625
Model accuracy,race,White / Caucasian,behavior_mean,59.778
Model accuracy,race,White / Caucasian,belief_post,42.444
Model accuracy,race,White / Caucasian,concern_mean,57.185
Model accuracy,race,White / Caucasian,distrust_post,71.222
Model accuracy,race,White / Caucasian,donation_ams,5.444
Model accuracy,race,White / Caucasian,funding_perceptions,55
Model accuracy,race,White / Caucasian,inst_trust_mean,51.089
Model accuracy,race,White / Caucasian,newsletter_signup,0.222
Model accuracy,race,White / Caucasian,policy_general,53.556
Model accuracy,race,White / Caucasian,policy_role_mean,44.111
Model accuracy,race,White / Caucasian,policy_specific_mean,51.778
Model accuracy,race,White / Caucasian,trust_multidimensional,48.046
Model accuracy,race,White / Caucasian,trust_post,57.333
Model accuracy,race,Black / African American,behavior_mean,51.427
Model accuracy,race,Black / African American,belief_post,34
Model accuracy,race,Black / African American,concern_mean,49.083
Model accuracy,race,Black / African American,distrust_post,43
Model accuracy,race,Black / African American,donation_ams,3.875
Model accuracy,race,Black / African American,funding_perceptions,34.812
Model accuracy,race,Black / African American,inst_trust_mean,47.8
Model accuracy,race,Black / African American,newsletter_signup,0.375
Model accuracy,race,Black / African American,policy_general,47.562
Model accuracy,race,Black / African American,policy_role_mean,46.719
Model accuracy,race,Black / African American,policy_specific_mean,48.071
Model accuracy,race,Black / African American,trust_multidimensional,48.443
Model accuracy,race,Black / African American,trust_post,39.5
Model accuracy,race,Hispanic / Latino,behavior_mean,49.405
Model accuracy,race,Hispanic / Latino,belief_post,54.214
Model accuracy,race,Hispanic / Latino,concern_mean,55.452
Model accuracy,race,Hispanic / Latino,distrust_post,60.857
Model accuracy,race,Hispanic / Latino,donation_ams,4.857
Model accuracy,race,Hispanic / Latino,funding_perceptions,55.357
Model accuracy,race,Hispanic / Latino,inst_trust_mean,52.329
Model accuracy,race,Hispanic / Latino,newsletter_signup,0.143
Model accuracy,race,Hispanic / Latino,policy_general,44
Model accuracy,race,Hispanic / Latino,policy_role_mean,45.964
Model accuracy,race,Hispanic / Latino,policy_specific_mean,51.847
Model accuracy,race,Hispanic / Latino,trust_multidimensional,49.083
Model accuracy,race,Hispanic / Latino,trust_post,45.714
Model accuracy,race,Asian / Asian American,behavior_mean,52.848
Model accuracy,race,Asian / Asian American,belief_post,53.273
Model accuracy,race,Asian / Asian American,concern_mean,52.364
Model accuracy,race,Asian / Asian American,distrust_post,47.545
Model accuracy,race,Asian / Asian American,donation_ams,4.909
Model accuracy,race,Asian / Asian American,funding_perceptions,48
Model accuracy,race,Asian / Asian American,inst_trust_mean,52.891
Model accuracy,race,Asian / Asian American,newsletter_signup,0.091
Model accuracy,race,Asian / Asian American,policy_general,55.818
Model accuracy,race,Asian / Asian American,policy_role_mean,46.273
Model accuracy,race,Asian / Asian American,policy_specific_mean,52.831
Model accuracy,race,Asian / Asian American,trust_multidimensional,52.894
Model accuracy,race,Asian / Asian American,trust_post,53.091
Model accuracy,race,Other,behavior_mean,48.517
Model accuracy,race,Other,belief_post,41.4
Model accuracy,race,Other,concern_mean,47.367
Model accuracy,race,Other,distrust_post,50.5
Model accuracy,race,Other,donation_ams,4.6
Model accuracy,race,Other,funding_perceptions,39.1
Model accuracy,race,Other,inst_trust_mean,42.84
Model accuracy,race,Other,newsletter_signup,0.3
Model accuracy,race,Other,policy_general,39.8
Model accuracy,race,Other,policy_role_mean,50.275
Model accuracy,race,Other,policy_specific_mean,47.5
Model accuracy,race,Other,trust_multidimensional,52.25
Model accuracy,race,Other,trust_post,46.7
Interview Prof. Sebille,race,White / Caucasian,behavior_mean,53.083
Interview Prof. Sebille,race,White / Caucasian,belief_post,49.917
Interview Prof. Sebille,race,White / Caucasian,concern_mean,45.611
Interview Prof. Sebille,race,White / Caucasian,distrust_post,35.667
Interview Prof. Sebille,race,White / Caucasian,donation_ams,4.417
Interview Prof. Sebille,race,White / Caucasian,funding_perceptions,68.333
Interview Prof. Sebille,race,White / Caucasian,inst_trust_mean,46.8
Interview Prof. Sebille,race,White / Caucasian,newsletter_signup,0.25
Interview Prof. Sebille,race,White / Caucasian,policy_general,58.417
Interview Prof. Sebille,race,White / Caucasian,policy_role_mean,48.521
Interview Prof. Sebille,race,White / Caucasian,policy_specific_mean,51.214
Interview Prof. Sebille,race,White / Caucasian,trust_multidimensional,51.542
Interview Prof. Sebille,race,White / Caucasian,trust_post,55.5
Interview Prof. Sebille,race,Black / African American,behavior_mean,48.759
Interview Prof. Sebille,race,Black / African American,belief_post,49
Interview Prof. Sebille,race,Black / African American,concern_mean,54.037
Interview Prof. Sebille,race,Black / African American,distrust_post,47.556
Interview Prof. Sebille,race,Black / African American,donation_ams,6.556
Interview Prof. Sebille,race,Black / African American,funding_perceptions,52
Interview Prof. Sebille,race,Black / African American,inst_trust_mean,45.156
Interview Prof. Sebille,race,Black / African American,newsletter_signup,0.222
Interview Prof. Sebille,race,Black / African American,policy_general,52.444
Interview Prof. Sebille,race,Black / African American,policy_role_mean,44.722
Interview Prof. Sebille,race,Black / African American,policy_specific_mean,50.841
Interview Prof. Sebille,race,Black / African American,trust_multidimensional,51.602
Interview Prof. Sebille,race,Black / African American,trust_post,47.556
Interview Prof. Sebille,race,Hispanic / Latino,behavior_mean,48.857
Interview Prof. Sebille,race,Hispanic / Latino,belief_post,43.786
Interview Prof. Sebille,race,Hispanic / Latino,concern_mean,49.19
Interview Prof. Sebille,race,Hispanic / Latino,distrust_post,47.929
Interview Prof. Sebille,race,Hispanic / Latino,donation_ams,4
Interview Prof. Sebille,race,Hispanic / Latino,funding_perceptions,55.714
Interview Prof. Sebille,race,Hispanic / Latino,inst_trust_mean,50.371
Interview Prof. Sebille,race,Hispanic / Latino,newsletter_signup,0.143
Interview Prof. Sebille,race,Hispanic / Latino,policy_general,46.214
Interview Prof. Sebille,race,Hispanic / Latino,policy_role_mean,48.679
Interview Prof. Sebille,race,Hispanic / Latino,policy_specific_mean,51.806
Interview Prof. Sebille,race,Hispanic / Latino,trust_multidimensional,47.905
Interview Prof. Sebille,race,Hispanic / Latino,trust_post,64.429
Interview Prof. Sebille,race,Asian / Asian American,behavior_mean,51.095
Interview Prof. Sebille,race,Asian / Asian American,belief_post,44.286
Interview Prof. Sebille,race,Asian / Asian American,concern_mean,50.452
Interview Prof. Sebille,race,Asian / Asian American,distrust_post,49.071
Interview Prof. Sebille,race,Asian / Asian American,donation_ams,3.929
Interview Prof. Sebille,race,Asian / Asian American,funding_perceptions,47.143
Interview Prof. Sebille,race,Asian / Asian American,inst_trust_mean,49.457
Interview Prof. Sebille,race,Asian / Asian American,newsletter_signup,0.071
Interview Prof. Sebille,race,Asian / Asian American,policy_general,42.714
Interview Prof. Sebille,race,Asian / Asian American,policy_role_mean,50.429
Interview Prof. Sebille,race,Asian / Asian American,policy_specific_mean,49.276
Interview Prof. Sebille,race,Asian / Asian American,trust_multidimensional,51.423
Interview Prof. Sebille,race,Asian / Asian American,trust_post,49.714
Interview Prof. Sebille,race,Other,behavior_mean,49.818
Interview Prof. Sebille,race,Other,belief_post,43
Interview Prof. Sebille,race,Other,concern_mean,46.364
Interview Prof. Sebille,race,Other,distrust_post,31.273
Interview Prof. Sebille,race,Other,donation_ams,4.818
Interview Prof. Sebille,race,Other,funding_perceptions,41.818
Interview Prof. Sebille,race,Other,inst_trust_mean,51.091
Interview Prof. Sebille,race,Other,newsletter_signup,0.182
Interview Prof. Sebille,race,Other,policy_general,52.091
Interview Prof. Sebille,race,Other,policy_role_mean,46.795
Interview Prof. Sebille,race,Other,policy_specific_mean,48.909
Interview Prof. Sebille,race,Other,trust_multidimensional,48.439
Interview Prof. Sebille,race,Other,trust_post,49.636
Extreme weather predictions,race,White / Caucasian,behavior_mean,48.405
Extreme weather predictions,race,White / Caucasian,belief_post,48.429
Extreme weather predictions,race,White / Caucasian,concern_mean,49.929
Extreme weather predictions,race,White / Caucasian,distrust_post,46
Extreme weather predictions,race,White / Caucasian,donation_ams,4.571
Extreme weather predictions,race,White / Caucasian,funding_perceptions,42.429
Extreme weather predictions,race,White / Caucasian,inst_trust_mean,45.986
Extreme weather predictions,race,White / Caucasian,newsletter_signup,0.214
Extreme weather predictions,race,White / Caucasian,policy_general,50.786
Extreme weather predictions,race,White / Caucasian,policy_role_mean,49.089
Extreme weather predictions,race,White / Caucasian,policy_specific_mean,48.469
Extreme weather predictions,race,White / Caucasian,trust_multidimensional,48.226
Extreme weather predictions,race,White / Caucasian,trust_post,59.643
Extreme weather predictions,race,Black / African American,behavior_mean,52
Extreme weather predictions,race,Black / African American,belief_post,54.5
Extreme weather predictions,race,Black / African American,concern_mean,54.567
Extreme weather predictions,race,Black / African American,distrust_post,71.8
Extreme weather predictions,race,Black / African American,donation_ams,5.9
Extreme weather predictions,race,Black / African American,funding_perceptions,41.2
Extreme weather predictions,race,Black / African American,inst_trust_mean,57.08
Extreme weather predictions,race,Black / African American,newsletter_signup,0
Extreme weather predictions,race,Black / African American,policy_general,48.6
Extreme weather predictions,race,Black / African American,policy_role_mean,50.275
Extreme weather predictions,race,Black / African American,policy_specific_mean,53.486
Extreme weather predictions,race,Black / African American,trust_multidimensional,47.883
Extreme weather predictions,race,Black / African American,trust_post,49.9
Extreme weather predictions,race,Hispanic / Latino,behavior_mean,51.45
Extreme weather predictions,race,Hispanic / Latino,belief_post,60.1
Extreme weather predictions,race,Hispanic / Latino,concern_mean,58.5
Extreme weather predictions,race,Hispanic / Latino,distrust_post,59.2
Extreme weather predictions,race,Hispanic / Latino,donation_ams,4.7
Extreme weather predictions,race,Hispanic / Latino,funding_perceptions,57.6
Extreme weather predictions,race,Hispanic / Latino,inst_trust_mean,47.98
Extreme weather predictions,race,Hispanic / Latino,newsletter_signup,0.2
Extreme weather predictions,race,Hispanic / Latino,policy_general,55.3
Extreme weather predictions,race,Hispanic / Latino,policy_role_mean,56.325
Extreme weather predictions,race,Hispanic / Latino,policy_specific_mean,47.329
Extreme weather predictions,race,Hispanic / Latino,trust_multidimensional,51.208
Extreme weather predictions,race,Hispanic / Latino,trust_post,43.2
Extreme weather predictions,race,Asian / Asian American,behavior_mean,50.854
Extreme weather predictions,race,Asian / Asian American,belief_post,49.188
Extreme weather predictions,race,Asian / Asian American,concern_mean,48.458
Extreme weather predictions,race,Asian / Asian American,distrust_post,58.375
Extreme weather predictions,race,Asian / Asian American,donation_ams,4.125
Extreme weather predictions,race,Asian / Asian American,funding_perceptions,53
Extreme weather predictions,race,Asian / Asian American,inst_trust_mean,47.3
Extreme weather predictions,race,Asian / Asian American,newsletter_signup,0.188
Extreme weather predictions,race,Asian / Asian American,policy_general,44.062
Extreme weather predictions,race,Asian / Asian American,policy_role_mean,52.609
Extreme weather predictions,race,Asian / Asian American,policy_specific_mean,53.098
Extreme weather predictions,race,Asian / Asian American,trust_multidimensional,52.156
Extreme weather predictions,race,Asian / Asian American,trust_post,47.375
Extreme weather predictions,race,Other,behavior_mean,45.783
Extreme weather predictions,race,Other,belief_post,52.3
Extreme weather predictions,race,Other,concern_mean,49.267
Extreme weather predictions,race,Other,distrust_post,52.9
Extreme weather predictions,race,Other,donation_ams,5.2
Extreme weather predictions,race,Other,funding_perceptions,56.1
Extreme weather predictions,race,Other,inst_trust_mean,45.46
Extreme weather predictions,race,Other,newsletter_signup,0.3
Extreme weather predictions,race,Other,policy_general,33.7
Extreme weather predictions,race,Other,policy_role_mean,52.6
Extreme weather predictions,race,Other,policy_specific_mean,54.543
Extreme weather predictions,race,Other,trust_multidimensional,53.158
Extreme weather predictions,race,Other,trust_post,39.3
control,education,Less than high school,behavior_mean,46.896
control,education,Less than high school,belief_post,64.25
control,education,Less than high school,concern_mean,46.542
control,education,Less than high school,distrust_post,50.25
control,education,Less than high school,donation_ams,7.375
control,education,Less than high school,funding_perceptions,57.875
control,education,Less than high school,inst_trust_mean,56.125
control,education,Less than high school,newsletter_signup,0.25
control,education,Less than high school,policy_general,51.125
control,education,Less than high school,policy_role_mean,48.438
control,education,Less than high school,policy_specific_mean,49.375
control,education,Less than high school,trust_multidimensional,51.042
control,education,Less than high school,trust_post,49.625
control,education,High school diploma / GED,behavior_mean,46.486
control,education,High school diploma / GED,belief_post,60.833
control,education,High school diploma / GED,concern_mean,58.611
control,education,High school diploma / GED,distrust_post,52.667
control,education,High school diploma / GED,donation_ams,5.167
control,education,High school diploma / GED,funding_perceptions,55.583
control,education,High school diploma / GED,inst_trust_mean,47.767
control,education,High school diploma / GED,newsletter_signup,0
control,education,High school diploma / GED,policy_general,45.167
control,education,High school diploma / GED,policy_role_mean,48
control,education,High school diploma / GED,policy_specific_mean,52.036
control,education,High school diploma / GED,trust_multidimensional,51.861
control,education,High school diploma / GED,trust_post,53.5
control,education,Some college or Associate's degree,behavior_mean,43.639
control,education,Some college or Associate's degree,belief_post,48.917
control,education,Some college or Associate's degree,concern_mean,46.083
control,education,Some college or Associate's degree,distrust_post,52
control,education,Some college or Associate's degree,donation_ams,4.583
control,education,Some college or Associate's degree,funding_perceptions,50.417
control,education,Some college or Associate's degree,inst_trust_mean,46.85
control,education,Some college or Associate's degree,newsletter_signup,0.167
control,education,Some college or Associate's degree,policy_general,38.583
control,education,Some college or Associate's degree,policy_role_mean,54.229
control,education,Some college or Associate's degree,policy_specific_mean,52.083
control,education,Some college or Associate's degree,trust_multidimensional,49.903
control,education,Some college or Associate's degree,trust_post,61.667
control,education,Bachelor's degree,behavior_mean,48.182
control,education,Bachelor's degree,belief_post,41.091
control,education,Bachelor's degree,concern_mean,53.909
control,education,Bachelor's degree,distrust_post,49.909
control,education,Bachelor's degree,donation_ams,4.727
control,education,Bachelor's degree,funding_perceptions,59.545
control,education,Bachelor's degree,inst_trust_mean,46.873
control,education,Bachelor's degree,newsletter_signup,0.273
control,education,Bachelor's degree,policy_general,46.909
control,education,Bachelor's degree,policy_role_mean,47.841
control,education,Bachelor's degree,policy_specific_mean,54.571
control,education,Bachelor's degree,trust_multidimensional,52.606
control,education,Bachelor's degree,trust_post,36.727
control,education,Master's degree / Professional degree,behavior_mean,51.056
control,education,Master's degree / Professional degree,belief_post,43.333
control,education,Master's degree / Professional degree,concern_mean,54.111
control,education,Master's degree / Professional degree,distrust_post,39
control,education,Master's degree / Professional degree,donation_ams,2.444
control,education,Master's degree / Professional degree,funding_perceptions,52.333
control,education,Master's degree / Professional degree,inst_trust_mean,40.156
control,education,Master's degree / Professional degree,newsletter_signup,0.111
control,education,Master's degree / Professional degree,policy_general,41.667
control,education,Master's degree / Professional degree,policy_role_mean,46.5
control,education,Master's degree / Professional degree,policy_specific_mean,47.349
control,education,Master's degree / Professional degree,trust_multidimensional,51.111
control,education,Master's degree / Professional degree,trust_post,57.778
control,education,Doctorate degree / Ph.D.,behavior_mean,56.458
control,education,Doctorate degree / Ph.D.,belief_post,55.5
control,education,Doctorate degree / Ph.D.,concern_mean,60.167
control,education,Doctorate degree / Ph.D.,distrust_post,44.25
control,education,Doctorate degree / Ph.D.,donation_ams,3.5
control,education,Doctorate degree / Ph.D.,funding_perceptions,44
control,education,Doctorate degree / Ph.D.,inst_trust_mean,39.225
control,education,Doctorate degree / Ph.D.,newsletter_signup,0.25
control,education,Doctorate degree / Ph.D.,policy_general,44.125
control,education,Doctorate degree / Ph.D.,policy_role_mean,52.531
control,education,Doctorate degree / Ph.D.,policy_specific_mean,47.25
control,education,Doctorate degree / Ph.D.,trust_multidimensional,45.906
control,education,Doctorate degree / Ph.D.,trust_post,51
Corporate reliance,education,Less than high school,behavior_mean,48.521
Corporate reliance,education,Less than high school,belief_post,57.5
Corporate reliance,education,Less than high school,concern_mean,54.458
Corporate reliance,education,Less than high school,distrust_post,43.25
Corporate reliance,education,Less than high school,donation_ams,7.125
Corporate reliance,education,Less than high school,funding_perceptions,43
Corporate reliance,education,Less than high school,inst_trust_mean,56.85
Corporate reliance,education,Less than high school,newsletter_signup,0.5
Corporate reliance,education,Less than high school,policy_general,36.125
Corporate reliance,education,Less than high school,policy_role_mean,47.25
Corporate reliance,education,Less than high school,policy_specific_mean,51.821
Corporate reliance,education,Less than high school,trust_multidimensional,49.677
Corporate reliance,education,Less than high school,trust_post,49.375
Corporate reliance,education,High school diploma / GED,behavior_mean,48.051
Corporate reliance,education,High school diploma / GED,belief_post,44.692
Corporate reliance,education,High school diploma / GED,concern_mean,54
Corporate reliance,education,High school diploma / GED,distrust_post,50.692
Corporate reliance,education,High school diploma / GED,donation_ams,4.846
Corporate reliance,education,High school diploma / GED,funding_perceptions,55.923
Corporate reliance,education,High school diploma / GED,inst_trust_mean,50.692
Corporate reliance,education,High school diploma / GED,newsletter_signup,0.154
Corporate reliance,education,High school diploma / GED,policy_general,49.077
Corporate reliance,education,High school diploma / GED,policy_role_mean,48.019
Corporate reliance,education,High school diploma / GED,policy_specific_mean,50.484
Corporate reliance,education,High school diploma / GED,trust_multidimensional,49.327
Corporate reliance,education,High school diploma / GED,trust_post,36.769
Corporate reliance,education,Some college or Associate's degree,behavior_mean,47.792
Corporate reliance,education,Some college or Associate's degree,belief_post,58.125
Corporate reliance,education,Some college or Associate's degree,concern_mean,54.792
Corporate reliance,education,Some college or Associate's degree,distrust_post,20.875
Corporate reliance,education,Some college or Associate's degree,donation_ams,5.625
Corporate reliance,education,Some college or Associate's degree,funding_perceptions,50.375
Corporate reliance,education,Some college or Associate's degree,inst_trust_mean,52.675
Corporate reliance,education,Some college or Associate's degree,newsletter_signup,0.5
Corporate reliance,education,Some college or Associate's degree,policy_general,54.375
Corporate reliance,education,Some college or Associate's degree,policy_role_mean,47.688
Corporate reliance,education,Some college or Associate's degree,policy_specific_mean,52.554
Corporate reliance,education,Some college or Associate's degree,trust_multidimensional,47.865
Corporate reliance,education,Some college or Associate's degree,trust_post,56.375
Corporate reliance,education,Bachelor's degree,behavior_mean,45.5
Corporate reliance,education,Bachelor's degree,belief_post,43.769
Corporate reliance,education,Bachelor's degree,concern_mean,52.846
Corporate reliance,education,Bachelor's degree,distrust_post,47.538
Corporate reliance,education,Bachelor's degree,donation_ams,4.308
Corporate reliance,education,Bachelor's degree,funding_perceptions,46.308
Corporate reliance,education,Bachelor's degree,inst_trust_mean,49
Corporate reliance,education,Bachelor's degree,newsletter_signup,0.231
Corporate reliance,education,Bachelor's degree,policy_general,52.154
Corporate reliance,education,Bachelor's degree,policy_role_mean,51.731
Corporate reliance,education,Bachelor's degree,policy_specific_mean,47.835
Corporate reliance,education,Bachelor's degree,trust_multidimensional,52.051
Corporate reliance,education,Bachelor's degree,trust_post,42.308
Corporate reliance,education,Master's degree / Professional degree,behavior_mean,49.217
Corporate reliance,education,Master's degree / Professional degree,belief_post,39
Corporate reliance,education,Master's degree / Professional degree,concern_mean,47.133
Corporate reliance,education,Master's degree / Professional degree,distrust_post,51
Corporate reliance,education,Master's degree / Professional degree,donation_ams,4.9
Corporate reliance,education,Master's degree / Professional degree,funding_perceptions,48.7
Corporate reliance,education,Master's degree / Professional degree,inst_trust_mean,53.9
Corporate reliance,education,Master's degree / Professional degree,newsletter_signup,0.2
Corporate reliance,education,Master's degree / Professional degree,policy_general,44.5
Corporate reliance,education,Master's degree / Professional degree,policy_role_mean,55.125
Corporate reliance,education,Master's degree / Professional degree,policy_specific_mean,48.171
Corporate reliance,education,Master's degree / Professional degree,trust_multidimensional,50.308
Corporate reliance,education,Master's degree / Professional degree,trust_post,44.1
Corporate reliance,education,Doctorate degree / Ph.D.,behavior_mean,48.479
Corporate reliance,education,Doctorate degree / Ph.D.,belief_post,39.625
Corporate reliance,education,Doctorate degree / Ph.D.,concern_mean,47.917
Corporate reliance,education,Doctorate degree / Ph.D.,distrust_post,55.125
Corporate reliance,education,Doctorate degree / Ph.D.,donation_ams,4.25
Corporate reliance,education,Doctorate degree / Ph.D.,funding_perceptions,46
Corporate reliance,education,Doctorate degree / Ph.D.,inst_trust_mean,53.225
Corporate reliance,education,Doctorate degree / Ph.D.,newsletter_signup,0.5
Corporate reliance,education,Doctorate degree / Ph.D.,policy_general,58.75
Corporate reliance,education,Doctorate degree / Ph.D.,policy_role_mean,46.469
Corporate reliance,education,Doctorate degree / Ph.D.,policy_specific_mean,46.036
Corporate reliance,education,Doctorate degree / Ph.D.,trust_multidimensional,52.844
Corporate reliance,education,Doctorate degree / Ph.D.,trust_post,61.375
Social justice,education,Less than high school,behavior_mean,45.694
Social justice,education,Less than high school,belief_post,68.5
Social justice,education,Less than high school,concern_mean,50.389
Social justice,education,Less than high school,distrust_post,43.667
Social justice,education,Less than high school,donation_ams,6.833
Social justice,education,Less than high school,funding_perceptions,34.833
Social justice,education,Less than high school,inst_trust_mean,53.1
Social justice,education,Less than high school,newsletter_signup,0.167
Social justice,education,Less than high school,policy_general,48.167
Social justice,education,Less than high school,policy_role_mean,52.625
Social justice,education,Less than high school,policy_specific_mean,48.69
Social justice,education,Less than high school,trust_multidimensional,52.514
Social justice,education,Less than high school,trust_post,54.5
Social justice,education,High school diploma / GED,behavior_mean,50.278
Social justice,education,High school diploma / GED,belief_post,29.133
Social justice,education,High school diploma / GED,concern_mean,50.978
Social justice,education,High school diploma / GED,distrust_post,60.133
Social justice,education,High school diploma / GED,donation_ams,4.667
Social justice,education,High school diploma / GED,funding_perceptions,58.8
Social justice,education,High school diploma / GED,inst_trust_mean,46.413
Social justice,education,High school diploma / GED,newsletter_signup,0.267
Social justice,education,High school diploma / GED,policy_general,61.933
Social justice,education,High school diploma / GED,policy_role_mean,43.883
Social justice,education,High school diploma / GED,policy_specific_mean,51.39
Social justice,education,High school diploma / GED,trust_multidimensional,52.006
Social justice,education,High school diploma / GED,trust_post,56.333
Social justice,education,Some college or Associate's degree,behavior_mean,51.708
Social justice,education,Some college or Associate's degree,belief_post,57.625
Social justice,education,Some college or Associate's degree,concern_mean,46.958
Social justice,education,Some college or Associate's degree,distrust_post,53.25
Social justice,education,Some college or Associate's degree,donation_ams,5
Social justice,education,Some college or Associate's degree,funding_perceptions,36
Social justice,education,Some college or Associate's degree,inst_trust_mean,49.775
Social justice,education,Some college or Associate's degree,newsletter_signup,0.125
Social justice,education,Some college or Associate's degree,policy_general,53.125
Social justice,education,Some college or Associate's degree,policy_role_mean,52.281
Social justice,education,Some college or Associate's degree,policy_specific_mean,49.696
Social justice,education,Some college or Associate's degree,trust_multidimensional,53.406
Social justice,education,Some college or Associate's degree,trust_post,45.875
Social justice,education,Bachelor's degree,behavior_mean,46.071
Social justice,education,Bachelor's degree,belief_post,56.714
Social justice,education,Bachelor's degree,concern_mean,44.524
Social justice,education,Bachelor's degree,distrust_post,59.429
Social justice,education,Bachelor's degree,donation_ams,4.571
Social justice,education,Bachelor's degree,funding_perceptions,53.143
Social justice,education,Bachelor's degree,inst_trust_mean,47.686
Social justice,education,Bachelor's degree,newsletter_signup,0
Social justice,education,Bachelor's degree,policy_general,57.143
Social justice,education,Bachelor's degree,policy_role_mean,48.107
Social justice,education,Bachelor's degree,policy_specific_mean,48.776
Social justice,education,Bachelor's degree,trust_multidimensional,48.857
Social justice,education,Bachelor's degree,trust_post,36.714
Social justice,education,Master's degree / Professional degree,behavior_mean,52.667
Social justice,education,Master's degree / Professional degree,belief_post,43.444
Social justice,education,Master's degree / Professional degree,concern_mean,55.407
Social justice,education,Master's degree / Professional degree,distrust_post,44.778
Social justice,education,Master's degree / Professional degree,donation_ams,4.444
Social justice,education,Master's degree / Professional degree,funding_perceptions,45.444
Social justice,education,Master's degree / Professional degree,inst_trust_mean,48.844
Social justice,education,Master's degree / Professional degree,newsletter_signup,0.222
Social justice,education,Master's degree / Professional degree,policy_general,51.111
Social justice,education,Master's degree / Professional degree,policy_role_mean,44.778
Social justice,education,Master's degree / Professional degree,policy_specific_mean,49.238
Social justice,education,Master's degree / Professional degree,trust_multidimensional,51.454
Social justice,education,Master's degree / Professional degree,trust_post,61.444
Social justice,education,Doctorate degree / Ph.D.,behavior_mean,51.067
Social justice,education,Doctorate degree / Ph.D.,belief_post,58.733
Social justice,education,Doctorate degree / Ph.D.,concern_mean,46.267
Social justice,education,Doctorate degree / Ph.D.,distrust_post,43.667
Social justice,education,Doctorate degree / Ph.D.,donation_ams,4
Social justice,education,Doctorate degree / Ph.D.,funding_perceptions,46.333
Social justice,education,Doctorate degree / Ph.D.,inst_trust_mean,51.68
Social justice,education,Doctorate degree / Ph.D.,newsletter_signup,0.267
Social justice,education,Doctorate degree / Ph.D.,policy_general,45
Social justice,education,Doctorate degree / Ph.D.,policy_role_mean,53.35
Social justice,education,Doctorate degree / Ph.D.,policy_specific_mean,48.562
Social justice,education,Doctorate degree / Ph.D.,trust_multidimensional,52.95
Social justice,education,Doctorate degree / Ph.D.,trust_post,48.4
Interview Prof. Maraun,education,Less than high school,behavior_mean,54.611
Interview Prof. Maraun,education,Less than high school,belief_post,58.867
Interview Prof. Maraun,education,Less than high school,concern_mean,51.422
Interview Prof. Maraun,education,Less than high school,distrust_post,49.533
Interview Prof. Maraun,education,Less than high school,donation_ams,6.133
Interview Prof. Maraun,education,Less than high school,funding_perceptions,45.6
Interview Prof. Maraun,education,Less than high school,inst_trust_mean,47.44
Interview Prof. Maraun,education,Less than high school,newsletter_signup,0.2
Interview Prof. Maraun,education,Less than high school,policy_general,55.867
Interview Prof. Maraun,education,Less than high school,policy_role_mean,51.15
Interview Prof. Maraun,education,Less than high school,policy_specific_mean,47.619
Interview Prof. Maraun,education,Less than high school,trust_multidimensional,53.594
Interview Prof. Maraun,education,Less than high school,trust_post,47.4
Interview Prof. Maraun,education,High school diploma / GED,behavior_mean,48.733
Interview Prof. Maraun,education,High school diploma / GED,belief_post,51.267
Interview Prof. Maraun,education,High school diploma / GED,concern_mean,43.578
Interview Prof. Maraun,education,High school diploma / GED,distrust_post,42.533
Interview Prof. Maraun,education,High school diploma / GED,donation_ams,3.667
Interview Prof. Maraun,education,High school diploma / GED,funding_perceptions,47.067
Interview Prof. Maraun,education,High school diploma / GED,inst_trust_mean,53.173
Interview Prof. Maraun,education,High school diploma / GED,newsletter_signup,0
Interview Prof. Maraun,education,High school diploma / GED,policy_general,43.733
Interview Prof. Maraun,education,High school diploma / GED,policy_role_mean,56.967
Interview Prof. Maraun,education,High school diploma / GED,policy_specific_mean,50.457
Interview Prof. Maraun,education,High school diploma / GED,trust_multidimensional,49.856
Interview Prof. Maraun,education,High school diploma / GED,trust_post,51.667
Interview Prof. Maraun,education,Some college or Associate's degree,behavior_mean,39.722
Interview Prof. Maraun,education,Some college or Associate's degree,belief_post,54
Interview Prof. Maraun,education,Some college or Associate's degree,concern_mean,50.444
Interview Prof. Maraun,education,Some college or Associate's degree,distrust_post,86
Interview Prof. Maraun,education,Some college or Associate's degree,donation_ams,7
Interview Prof. Maraun,education,Some college or Associate's degree,funding_perceptions,71
Interview Prof. Maraun,education,Some college or Associate's degree,inst_trust_mean,53.067
Interview Prof. Maraun,education,Some college or Associate's degree,newsletter_signup,0
Interview Prof. Maraun,education,Some college or Associate's degree,policy_general,61
Interview Prof. Maraun,education,Some college or Associate's degree,policy_role_mean,44.5
Interview Prof. Maraun,education,Some college or Associate's degree,policy_specific_mean,57.476
Interview Prof. Maraun,education,Some college or Associate's degree,trust_multidimensional,50.75
Interview Prof. Maraun,education,Some college or Associate's degree,trust_post,58.667
Interview Prof. Maraun,education,Bachelor's degree,behavior_mean,49.5
Interview Prof. Maraun,education,Bachelor's degree,belief_post,53.143
Interview Prof. Maraun,education,Bachelor's degree,concern_mean,50.595
Interview Prof. Maraun,education,Bachelor's degree,distrust_post,54.429
Interview Prof. Maraun,education,Bachelor's degree,donation_ams,5.143
Interview Prof. Maraun,education,Bachelor's degree,funding_perceptions,56.857
Interview Prof. Maraun,education,Bachelor's degree,inst_trust_mean,57.7
Interview Prof. Maraun,education,Bachelor's degree,newsletter_signup,0.214
Interview Prof. Maraun,education,Bachelor's degree,policy_general,48.714
Interview Prof. Maraun,education,Bachelor's degree,policy_role_mean,47.554
Interview Prof. Maraun,education,Bachelor's degree,policy_specific_mean,47.816
Interview Prof. Maraun,education,Bachelor's degree,trust_multidimensional,49.06
Interview Prof. Maraun,education,Bachelor's degree,trust_post,50.143
Interview Prof. Maraun,education,Master's degree / Professional degree,behavior_mean,57.8
Interview Prof. Maraun,education,Master's degree / Professional degree,belief_post,43.2
Interview Prof. Maraun,education,Master's degree / Professional degree,concern_mean,52.867
Interview Prof. Maraun,education,Master's degree / Professional degree,distrust_post,46
Interview Prof. Maraun,education,Master's degree / Professional degree,donation_ams,2.8
Interview Prof. Maraun,education,Master's degree / Professional degree,funding_perceptions,45.6
Interview Prof. Maraun,education,Master's degree / Professional degree,inst_trust_mean,57.48
Interview Prof. Maraun,education,Master's degree / Professional degree,newsletter_signup,0
Interview Prof. Maraun,education,Master's degree / Professional degree,policy_general,55.2
Interview Prof. Maraun,education,Master's degree / Professional degree,policy_role_mean,43.35
Interview Prof. Maraun,education,Master's degree / Professional degree,policy_specific_mean,53.971
Interview Prof. Maraun,education,Master's degree / Professional degree,trust_multidimensional,47.8
Interview Prof. Maraun,education,Master's degree / Professional degree,trust_post,34.2
Interview Prof. Maraun,education,Doctorate degree / Ph.D.,behavior_mean,52.833
Interview Prof. Maraun,education,Doctorate degree / Ph.D.,belief_post,41.625
Interview Prof. Maraun,education,Doctorate degree / Ph.D.,concern_mean,53.708
Interview Prof. Maraun,education,Doctorate degree / Ph.D.,distrust_post,55.125
Interview Prof. Maraun,education,Doctorate degree / Ph.D.,donation_ams,6.125
Interview Prof. Maraun,education,Doctorate degree / Ph.D.,funding_perceptions,50.25
Interview Prof. Maraun,education,Doctorate degree / Ph.D.,inst_trust_mean,49.1
Interview Prof. Maraun,education,Doctorate degree / Ph.D.,newsletter_signup,0.5
Interview Prof. Maraun,education,Doctorate degree / Ph.D.,policy_general,50.75
Interview Prof. Maraun,education,Doctorate degree / Ph.D.,policy_role_mean,49.719
Interview Prof. Maraun,education,Doctorate degree / Ph.D.,policy_specific_mean,51.393
Interview Prof. Maraun,education,Doctorate degree / Ph.D.,trust_multidimensional,50.458
Interview Prof. Maraun,education,Doctorate degree / Ph.D.,trust_post,38.75
Funding,education,Less than high school,behavior_mean,48.375
Funding,education,Less than high school,belief_post,36.875
Funding,education,Less than high school,concern_mean,55.958
Funding,education,Less than high school,distrust_post,69.125
Funding,education,Less than high school,donation_ams,7.625
Funding,education,Less than high school,funding_perceptions,63.625
Funding,education,Less than high school,inst_trust_mean,46.55
Funding,education,Less than high school,newsletter_signup,0.375
Funding,education,Less than high school,policy_general,44.875
Funding,education,Less than high school,policy_role_mean,45.781
Funding,education,Less than high school,policy_specific_mean,50.589
Funding,education,Less than high school,trust_multidimensional,49.688
Funding,education,Less than high school,trust_post,27.875
Funding,education,High school diploma / GED,behavior_mean,52.353
Funding,education,High school diploma / GED,belief_post,60.353
Funding,education,High school diploma / GED,concern_mean,50.176
Funding,education,High school diploma / GED,distrust_post,48
Funding,education,High school diploma / GED,donation_ams,5.471
Funding,education,High school diploma / GED,funding_perceptions,48.706
Funding,education,High school diploma / GED,inst_trust_mean,45.4
Funding,education,High school diploma / GED,newsletter_signup,0.176
Funding,education,High school diploma / GED,policy_general,48.059
Funding,education,High school diploma / GED,policy_role_mean,47.279
Funding,education,High school diploma / GED,policy_specific_mean,50.05
Funding,education,High school diploma / GED,trust_multidimensional,55.922
Funding,education,High school diploma / GED,trust_post,56.412
Funding,education,Some college or Associate's degree,behavior_mean,52.63
Funding,education,Some college or Associate's degree,belief_post,52.222
Funding,education,Some college or Associate's degree,concern_mean,41.815
Funding,education,Some college or Associate's degree,distrust_post,60.222
Funding,education,Some college or Associate's degree,donation_ams,4.556
Funding,education,Some college or Associate's degree,funding_perceptions,52.333
Funding,education,Some college or Associate's degree,inst_trust_mean,48.356
Funding,education,Some college or Associate's degree,newsletter_signup,0.111
Funding,education,Some college or Associate's degree,policy_general,49.333
Funding,education,Some college or Associate's degree,policy_role_mean,52.417
Funding,education,Some college or Associate's degree,policy_specific_mean,49.238
Funding,education,Some college or Associate's degree,trust_multidimensional,52.648
Funding,education,Some college or Associate's degree,trust_post,57
Funding,education,Bachelor's degree,behavior_mean,47.833
Funding,education,Bachelor's degree,belief_post,61
Funding,education,Bachelor's degree,concern_mean,56.963
Funding,education,Bachelor's degree,distrust_post,52
Funding,education,Bachelor's degree,donation_ams,5.333
Funding,education,Bachelor's degree,funding_perceptions,61.667
Funding,education,Bachelor's degree,inst_trust_mean,52.511
Funding,education,Bachelor's degree,newsletter_signup,0.111
Funding,education,Bachelor's degree,policy_general,52.778
Funding,education,Bachelor's degree,policy_role_mean,49.75
Funding,education,Bachelor's degree,policy_specific_mean,50.333
Funding,education,Bachelor's degree,trust_multidimensional,47.704
Funding,education,Bachelor's degree,trust_post,57.111
Funding,education,Master's degree / Professional degree,behavior_mean,46.389
Funding,education,Master's degree / Professional degree,belief_post,26
Funding,education,Master's degree / Professional degree,concern_mean,41.333
Funding,education,Master's degree / Professional degree,distrust_post,43.667
Funding,education,Master's degree / Professional degree,donation_ams,4.333
Funding,education,Master's degree / Professional degree,funding_perceptions,47
Funding,education,Master's degree / Professional degree,inst_trust_mean,44.6
Funding,education,Master's degree / Professional degree,newsletter_signup,0.167
Funding,education,Master's degree / Professional degree,policy_general,51
Funding,education,Master's degree / Professional degree,policy_role_mean,55.833
Funding,education,Master's degree / Professional degree,policy_specific_mean,50.714
Funding,education,Master's degree / Professional degree,trust_multidimensional,56.194
Funding,education,Master's degree / Professional degree,trust_post,37
Funding,education,Doctorate degree / Ph.D.,behavior_mean,50.076
Funding,education,Doctorate degree / Ph.D.,belief_post,68.091
Funding,education,Doctorate degree / Ph.D.,concern_mean,45.879
Funding,education,Doctorate degree / Ph.D.,distrust_post,53.636
Funding,education,Doctorate degree / Ph.D.,donation_ams,4.818
Funding,education,Doctorate degree / Ph.D.,funding_perceptions,47.909
Funding,education,Doctorate degree / Ph.D.,inst_trust_mean,53.618
Funding,education,Doctorate degree / Ph.D.,newsletter_signup,0.273
Funding,education,Doctorate degree / Ph.D.,policy_general,44.455
Funding,education,Doctorate degree / Ph.D.,policy_role_mean,55.614
Funding,education,Doctorate degree / Ph.D.,policy_specific_mean,54.338
Funding,education,Doctorate degree / Ph.D.,trust_multidimensional,48.955
Funding,education,Doctorate degree / Ph.D.,trust_post,42.909
Oil industry misinformation,education,Less than high school,behavior_mean,49.986
Oil industry misinformation,education,Less than high school,belief_post,44.667
Oil industry misinformation,education,Less than high school,concern_mean,46.778
Oil industry misinformation,education,Less than high school,distrust_post,57.5
Oil industry misinformation,education,Less than high school,donation_ams,3.5
Oil industry misinformation,education,Less than high school,funding_perceptions,45.5
Oil industry misinformation,education,Less than high school,inst_trust_mean,49.017
Oil industry misinformation,education,Less than high school,newsletter_signup,0.167
Oil industry misinformation,education,Less than high school,policy_general,49.583
Oil industry misinformation,education,Less than high school,policy_role_mean,40.854
Oil industry misinformation,education,Less than high school,policy_specific_mean,48.5
Oil industry misinformation,education,Less than high school,trust_multidimensional,45.979
Oil industry misinformation,education,Less than high school,trust_post,59.5
Oil industry misinformation,education,High school diploma / GED,behavior_mean,46.217
Oil industry misinformation,education,High school diploma / GED,belief_post,54.5
Oil industry misinformation,education,High school diploma / GED,concern_mean,58.4
Oil industry misinformation,education,High school diploma / GED,distrust_post,58.7
Oil industry misinformation,education,High school diploma / GED,donation_ams,5.8
Oil industry misinformation,education,High school diploma / GED,funding_perceptions,55.6
Oil industry misinformation,education,High school diploma / GED,inst_trust_mean,48.1
Oil industry misinformation,education,High school diploma / GED,newsletter_signup,0.2
Oil industry misinformation,education,High school diploma / GED,policy_general,58.2
Oil industry misinformation,education,High school diploma / GED,policy_role_mean,45.3
Oil industry misinformation,education,High school diploma / GED,policy_specific_mean,52.357
Oil industry misinformation,education,High school diploma / GED,trust_multidimensional,48.642
Oil industry misinformation,education,High school diploma / GED,trust_post,42.9
Oil industry misinformation,education,Some college or Associate's degree,behavior_mean,48.095
Oil industry misinformation,education,Some college or Associate's degree,belief_post,54.143
Oil industry misinformation,education,Some college or Associate's degree,concern_mean,40.571
Oil industry misinformation,education,Some college or Associate's degree,distrust_post,64.286
Oil industry misinformation,education,Some college or Associate's degree,donation_ams,6
Oil industry misinformation,education,Some college or Associate's degree,funding_perceptions,48
Oil industry misinformation,education,Some college or Associate's degree,inst_trust_mean,44.086
Oil industry misinformation,education,Some college or Associate's degree,newsletter_signup,0.143
Oil industry misinformation,education,Some college or Associate's degree,policy_general,51
Oil industry misinformation,education,Some college or Associate's degree,policy_role_mean,46.464
Oil industry misinformation,education,Some college or Associate's degree,policy_specific_mean,50.061
Oil industry misinformation,education,Some college or Associate's degree,trust_multidimensional,44.369
Oil industry misinformation,education,Some college or Associate's degree,trust_post,40.143
Oil industry misinformation,education,Bachelor's degree,behavior_mean,48.176
Oil industry misinformation,education,Bachelor's degree,belief_post,39.706
Oil industry misinformation,education,Bachelor's degree,concern_mean,52.588
Oil industry misinformation,education,Bachelor's degree,distrust_post,51.588
Oil industry misinformation,education,Bachelor's degree,donation_ams,3.765
Oil industry misinformation,education,Bachelor's degree,funding_perceptions,52.647
Oil industry misinformation,education,Bachelor's degree,inst_trust_mean,47.059
Oil industry misinformation,education,Bachelor's degree,newsletter_signup,0.235
Oil industry misinformation,education,Bachelor's degree,policy_general,37.353
Oil industry misinformation,education,Bachelor's degree,policy_role_mean,49.721
Oil industry misinformation,education,Bachelor's degree,policy_specific_mean,51.756
Oil industry misinformation,education,Bachelor's degree,trust_multidimensional,48.779
Oil industry misinformation,education,Bachelor's degree,trust_post,51.706
Oil industry misinformation,education,Master's degree / Professional degree,behavior_mean,52.8
Oil industry misinformation,education,Master's degree / Professional degree,belief_post,67
Oil industry misinformation,education,Master's degree / Professional degree,concern_mean,42
Oil industry misinformation,education,Master's degree / Professional degree,distrust_post,49
Oil industry misinformation,education,Master's degree / Professional degree,donation_ams,6.6
Oil industry misinformation,education,Master's degree / Professional degree,funding_perceptions,37.8
Oil industry misinformation,education,Master's degree / Professional degree,inst_trust_mean,39.32
Oil industry misinformation,education,Master's degree / Professional degree,newsletter_signup,0
Oil industry misinformation,education,Master's degree / Professional degree,policy_general,59.8
Oil industry misinformation,education,Master's degree / Professional degree,policy_role_mean,48
Oil industry misinformation,education,Master's degree / Professional degree,policy_specific_mean,50.457
Oil industry misinformation,education,Master's degree / Professional degree,trust_multidimensional,44.85
Oil industry misinformation,education,Master's degree / Professional degree,trust_post,41
Oil industry misinformation,education,Doctorate degree / Ph.D.,behavior_mean,45.315
Oil industry misinformation,education,Doctorate degree / Ph.D.,belief_post,41.889
Oil industry misinformation,education,Doctorate degree / Ph.D.,concern_mean,54.333
Oil industry misinformation,education,Doctorate degree / Ph.D.,distrust_post,64.778
Oil industry misinformation,education,Doctorate degree / Ph.D.,donation_ams,3.889
Oil industry misinformation,education,Doctorate degree / Ph.D.,funding_perceptions,50.111
Oil industry misinformation,education,Doctorate degree / Ph.D.,inst_trust_mean,47.756
Oil industry misinformation,education,Doctorate degree / Ph.D.,newsletter_signup,0
Oil industry misinformation,education,Doctorate degree / Ph.D.,policy_general,50.889
Oil industry misinformation,education,Doctorate degree / Ph.D.,policy_role_mean,55.528
Oil industry misinformation,education,Doctorate degree / Ph.D.,policy_specific_mean,46.762
Oil industry misinformation,education,Doctorate degree / Ph.D.,trust_multidimensional,53.315
Oil industry misinformation,education,Doctorate degree / Ph.D.,trust_post,48.778
Measurement & modeling (1),education,Less than high school,behavior_mean,48.988
Measurement & modeling (1),education,Less than high school,belief_post,46.286
Measurement & modeling (1),education,Less than high school,concern_mean,47.81
Measurement & modeling (1),education,Less than high school,distrust_post,51.786
Measurement & modeling (1),education,Less than high school,donation_ams,6.643
Measurement & modeling (1),education,Less than high school,funding_perceptions,39.714
Measurement & modeling (1),education,Less than high school,inst_trust_mean,51.486
Measurement & modeling (1),education,Less than high school,newsletter_signup,0.071
Measurement & modeling (1),education,Less than high school,policy_general,55
Measurement & modeling (1),education,Less than high school,policy_role_mean,49.857
Measurement & modeling (1),education,Less than high school,policy_specific_mean,48.459
Measurement & modeling (1),education,Less than high school,trust_multidimensional,47.893
Measurement & modeling (1),education,Less than high school,trust_post,53.429
Measurement & modeling (1),education,High school diploma / GED,behavior_mean,49.591
Measurement & modeling (1),education,High school diploma / GED,belief_post,40.909
Measurement & modeling (1),education,High school diploma / GED,concern_mean,46.03
Measurement & modeling (1),education,High school diploma / GED,distrust_post,53.091
Measurement & modeling (1),education,High school diploma / GED,donation_ams,6.182
Measurement & modeling (1),education,High school diploma / GED,funding_perceptions,43.273
Measurement & modeling (1),education,High school diploma / GED,inst_trust_mean,42.727
Measurement & modeling (1),education,High school diploma / GED,newsletter_signup,0.273
Measurement & modeling (1),education,High school diploma / GED,policy_general,54.545
Measurement & modeling (1),education,High school diploma / GED,policy_role_mean,48.591
Measurement & modeling (1),education,High school diploma / GED,policy_specific_mean,50.104
Measurement & modeling (1),education,High school diploma / GED,trust_multidimensional,44.561
Measurement & modeling (1),education,High school diploma / GED,trust_post,51.909
Measurement & modeling (1),education,Some college or Associate's degree,behavior_mean,43.476
Measurement & modeling (1),education,Some college or Associate's degree,belief_post,62.143
Measurement & modeling (1),education,Some college or Associate's degree,concern_mean,57.81
Measurement & modeling (1),education,Some college or Associate's degree,distrust_post,47.714
Measurement & modeling (1),education,Some college or Associate's degree,donation_ams,5.714
Measurement & modeling (1),education,Some college or Associate's degree,funding_perceptions,49
Measurement & modeling (1),education,Some college or Associate's degree,inst_trust_mean,46.971
Measurement & modeling (1),education,Some college or Associate's degree,newsletter_signup,0.429
Measurement & modeling (1),education,Some college or Associate's degree,policy_general,44.571
Measurement & modeling (1),education,Some college or Associate's degree,policy_role_mean,45
Measurement & modeling (1),education,Some college or Associate's degree,policy_specific_mean,49.959
Measurement & modeling (1),education,Some college or Associate's degree,trust_multidimensional,53.405
Measurement & modeling (1),education,Some college or Associate's degree,trust_post,40
Measurement & modeling (1),education,Bachelor's degree,behavior_mean,47.019
Measurement & modeling (1),education,Bachelor's degree,belief_post,51.333
Measurement & modeling (1),education,Bachelor's degree,concern_mean,43.37
Measurement & modeling (1),education,Bachelor's degree,distrust_post,57.111
Measurement & modeling (1),education,Bachelor's degree,donation_ams,5.667
Measurement & modeling (1),education,Bachelor's degree,funding_perceptions,55.889
Measurement & modeling (1),education,Bachelor's degree,inst_trust_mean,51.867
Measurement & modeling (1),education,Bachelor's degree,newsletter_signup,0.111
Measurement & modeling (1),education,Bachelor's degree,policy_general,47.222
Measurement & modeling (1),education,Bachelor's degree,policy_role_mean,52.139
Measurement & modeling (1),education,Bachelor's degree,policy_specific_mean,53.254
Measurement & modeling (1),education,Bachelor's degree,trust_multidimensional,51.324
Measurement & modeling (1),education,Bachelor's degree,trust_post,56.556
Measurement & modeling (1),education,Master's degree / Professional degree,behavior_mean,46.417
Measurement & modeling (1),education,Master's degree / Professional degree,belief_post,46.3
Measurement & modeling (1),education,Master's degree / Professional degree,concern_mean,54.967
Measurement & modeling (1),education,Master's degree / Professional degree,distrust_post,51.1
Measurement & modeling (1),education,Master's degree / Professional degree,donation_ams,5.8
Measurement & modeling (1),education,Master's degree / Professional degree,funding_perceptions,59.7
Measurement & modeling (1),education,Master's degree / Professional degree,inst_trust_mean,54.88
Measurement & modeling (1),education,Master's degree / Professional degree,newsletter_signup,0.4
Measurement & modeling (1),education,Master's degree / Professional degree,policy_general,55.5
Measurement & modeling (1),education,Master's degree / Professional degree,policy_role_mean,48
Measurement & modeling (1),education,Master's degree / Professional degree,policy_specific_mean,52.6
Measurement & modeling (1),education,Master's degree / Professional degree,trust_multidimensional,48.558
Measurement & modeling (1),education,Master's degree / Professional degree,trust_post,34.6
Measurement & modeling (1),education,Doctorate degree / Ph.D.,behavior_mean,49.185
Measurement & modeling (1),education,Doctorate degree / Ph.D.,belief_post,55.111
Measurement & modeling (1),education,Doctorate degree / Ph.D.,concern_mean,47.852
Measurement & modeling (1),education,Doctorate degree / Ph.D.,distrust_post,45.333
Measurement & modeling (1),education,Doctorate degree / Ph.D.,donation_ams,5.444
Measurement & modeling (1),education,Doctorate degree / Ph.D.,funding_perceptions,34.667
Measurement & modeling (1),education,Doctorate degree / Ph.D.,inst_trust_mean,48.333
Measurement & modeling (1),education,Doctorate degree / Ph.D.,newsletter_signup,0.556
Measurement & modeling (1),education,Doctorate degree / Ph.D.,policy_general,46.556
Measurement & modeling (1),education,Doctorate degree / Ph.D.,policy_role_mean,45.694
Measurement & modeling (1),education,Doctorate degree / Ph.D.,policy_specific_mean,56.778
Measurement & modeling (1),education,Doctorate degree / Ph.D.,trust_multidimensional,47.769
Measurement & modeling (1),education,Doctorate degree / Ph.D.,trust_post,41.444
Former skeptics,education,Less than high school,behavior_mean,48.426
Former skeptics,education,Less than high school,belief_post,51
Former skeptics,education,Less than high school,concern_mean,50.444
Former skeptics,education,Less than high school,distrust_post,56.444
Former skeptics,education,Less than high school,donation_ams,5.333
Former skeptics,education,Less than high school,funding_perceptions,53
Former skeptics,education,Less than high school,inst_trust_mean,49.333
Former skeptics,education,Less than high school,newsletter_signup,0.333
Former skeptics,education,Less than high school,policy_general,35.333
Former skeptics,education,Less than high school,policy_role_mean,45.361
Former skeptics,education,Less than high school,policy_specific_mean,48.397
Former skeptics,education,Less than high school,trust_multidimensional,53.213
Former skeptics,education,Less than high school,trust_post,63.333
Former skeptics,education,High school diploma / GED,behavior_mean,46.967
Former skeptics,education,High school diploma / GED,belief_post,50.7
Former skeptics,education,High school diploma / GED,concern_mean,53.433
Former skeptics,education,High school diploma / GED,distrust_post,39.3
Former skeptics,education,High school diploma / GED,donation_ams,5.3
Former skeptics,education,High school diploma / GED,funding_perceptions,58.8
Former skeptics,education,High school diploma / GED,inst_trust_mean,55.4
Former skeptics,education,High school diploma / GED,newsletter_signup,0.1
Former skeptics,education,High school diploma / GED,policy_general,50.4
Former skeptics,education,High school diploma / GED,policy_role_mean,43.075
Former skeptics,education,High school diploma / GED,policy_specific_mean,44.643
Former skeptics,education,High school diploma / GED,trust_multidimensional,48.933
Former skeptics,education,High school diploma / GED,trust_post,46.8
Former skeptics,education,Some college or Associate's degree,behavior_mean,49.181
Former skeptics,education,Some college or Associate's degree,belief_post,53.5
Former skeptics,education,Some college or Associate's degree,concern_mean,46.5
Former skeptics,education,Some college or Associate's degree,distrust_post,55.167
Former skeptics,education,Some college or Associate's degree,donation_ams,6.167
Former skeptics,education,Some college or Associate's degree,funding_perceptions,38.5
Former skeptics,education,Some college or Associate's degree,inst_trust_mean,46.267
Former skeptics,education,Some college or Associate's degree,newsletter_signup,0.25
Former skeptics,education,Some college or Associate's degree,policy_general,54
Former skeptics,education,Some college or Associate's degree,policy_role_mean,42.708
Former skeptics,education,Some college or Associate's degree,policy_specific_mean,50.381
Former skeptics,education,Some college or Associate's degree,trust_multidimensional,47.931
Former skeptics,education,Some college or Associate's degree,trust_post,68.833
Former skeptics,education,Bachelor's degree,behavior_mean,52.381
Former skeptics,education,Bachelor's degree,belief_post,48.571
Former skeptics,education,Bachelor's degree,concern_mean,42.095
Former skeptics,education,Bachelor's degree,distrust_post,50.571
Former skeptics,education,Bachelor's degree,donation_ams,3.929
Former skeptics,education,Bachelor's degree,funding_perceptions,44.429
Former skeptics,education,Bachelor's degree,inst_trust_mean,49.329
Former skeptics,education,Bachelor's degree,newsletter_signup,0.143
Former skeptics,education,Bachelor's degree,policy_general,46.571
Former skeptics,education,Bachelor's degree,policy_role_mean,54.75
Former skeptics,education,Bachelor's degree,policy_specific_mean,53.122
Former skeptics,education,Bachelor's degree,trust_multidimensional,50.554
Former skeptics,education,Bachelor's degree,trust_post,41.286
Former skeptics,education,Master's degree / Professional degree,behavior_mean,51.296
Former skeptics,education,Master's degree / Professional degree,belief_post,44.556
Former skeptics,education,Master's degree / Professional degree,concern_mean,58.593
Former skeptics,education,Master's degree / Professional degree,distrust_post,41.222
Former skeptics,education,Master's degree / Professional degree,donation_ams,5.556
Former skeptics,education,Master's degree / Professional degree,funding_perceptions,36.333
Former skeptics,education,Master's degree / Professional degree,inst_trust_mean,51.156
Former skeptics,education,Master's degree / Professional degree,newsletter_signup,0.333
Former skeptics,education,Master's degree / Professional degree,policy_general,65.444
Former skeptics,education,Master's degree / Professional degree,policy_role_mean,53.5
Former skeptics,education,Master's degree / Professional degree,policy_specific_mean,44.683
Former skeptics,education,Master's degree / Professional degree,trust_multidimensional,45.296
Former skeptics,education,Master's degree / Professional degree,trust_post,56.444
Former skeptics,education,Doctorate degree / Ph.D.,behavior_mean,52.806
Former skeptics,education,Doctorate degree / Ph.D.,belief_post,46.5
Former skeptics,education,Doctorate degree / Ph.D.,concern_mean,39.333
Former skeptics,education,Doctorate degree / Ph.D.,distrust_post,39
Former skeptics,education,Doctorate degree / Ph.D.,donation_ams,5.667
Former skeptics,education,Doctorate degree / Ph.D.,funding_perceptions,31.833
Former skeptics,education,Doctorate degree / Ph.D.,inst_trust_mean,59.7
Former skeptics,education,Doctorate degree / Ph.D.,newsletter_signup,0.333
Former skeptics,education,Doctorate degree / Ph.D.,policy_general,73.167
Former skeptics,education,Doctorate degree / Ph.D.,policy_role_mean,56.625
Former skeptics,education,Doctorate degree / Ph.D.,policy_specific_mean,52.333
Former skeptics,education,Doctorate degree / Ph.D.,trust_multidimensional,50.569
Former skeptics,education,Doctorate degree / Ph.D.,trust_post,39.833
High public trust,education,Less than high school,behavior_mean,53.479
High public trust,education,Less than high school,belief_post,54.875
High public trust,education,Less than high school,concern_mean,47.5
High public trust,education,Less than high school,distrust_post,48.125
High public trust,education,Less than high school,donation_ams,4.625
High public trust,education,Less than high school,funding_perceptions,62.5
High public trust,education,Less than high school,inst_trust_mean,42.725
High public trust,education,Less than high school,newsletter_signup,0.25
High public trust,education,Less than high school,policy_general,61.25
High public trust,education,Less than high school,policy_role_mean,46.5
High public trust,education,Less than high school,policy_specific_mean,53.786
High public trust,education,Less than high school,trust_multidimensional,48.021
High public trust,education,Less than high school,trust_post,62.25
High public trust,education,High school diploma / GED,behavior_mean,51.593
High public trust,education,High school diploma / GED,belief_post,60.667
High public trust,education,High school diploma / GED,concern_mean,57.519
High public trust,education,High school diploma / GED,distrust_post,64.667
High public trust,education,High school diploma / GED,donation_ams,4.444
High public trust,education,High school diploma / GED,funding_perceptions,50.778
High public trust,education,High school diploma / GED,inst_trust_mean,58.133
High public trust,education,High school diploma / GED,newsletter_signup,0.333
High public trust,education,High school diploma / GED,policy_general,41.667
High public trust,education,High school diploma / GED,policy_role_mean,49.778
High public trust,education,High school diploma / GED,policy_specific_mean,49.825
High public trust,education,High school diploma / GED,trust_multidimensional,50.537
High public trust,education,High school diploma / GED,trust_post,50.333
High public trust,education,Some college or Associate's degree,behavior_mean,49.536
High public trust,education,Some college or Associate's degree,belief_post,57.071
High public trust,education,Some college or Associate's degree,concern_mean,49.238
High public trust,education,Some college or Associate's degree,distrust_post,50.357
High public trust,education,Some college or Associate's degree,donation_ams,5.214
High public trust,education,Some college or Associate's degree,funding_perceptions,47.571
High public trust,education,Some college or Associate's degree,inst_trust_mean,52.7
High public trust,education,Some college or Associate's degree,newsletter_signup,0.214
High public trust,education,Some college or Associate's degree,policy_general,60.357
High public trust,education,Some college or Associate's degree,policy_role_mean,50.464
High public trust,education,Some college or Associate's degree,policy_specific_mean,51.214
High public trust,education,Some college or Associate's degree,trust_multidimensional,47.673
High public trust,education,Some college or Associate's degree,trust_post,51.5
High public trust,education,Bachelor's degree,behavior_mean,46.405
High public trust,education,Bachelor's degree,belief_post,51.429
High public trust,education,Bachelor's degree,concern_mean,49.714
High public trust,education,Bachelor's degree,distrust_post,39.714
High public trust,education,Bachelor's degree,donation_ams,4.714
High public trust,education,Bachelor's degree,funding_perceptions,40.357
High public trust,education,Bachelor's degree,inst_trust_mean,48.457
High public trust,education,Bachelor's degree,newsletter_signup,0.286
High public trust,education,Bachelor's degree,policy_general,55.214
High public trust,education,Bachelor's degree,policy_role_mean,44.393
High public trust,education,Bachelor's degree,policy_specific_mean,51.031
High public trust,education,Bachelor's degree,trust_multidimensional,51.655
High public trust,education,Bachelor's degree,trust_post,51.857
High public trust,education,Master's degree / Professional degree,behavior_mean,49.375
High public trust,education,Master's degree / Professional degree,belief_post,53.125
High public trust,education,Master's degree / Professional degree,concern_mean,47.75
High public trust,education,Master's degree / Professional degree,distrust_post,69.375
High public trust,education,Master's degree / Professional degree,donation_ams,4.125
High public trust,education,Master's degree / Professional degree,funding_perceptions,49.875
High public trust,education,Master's degree / Professional degree,inst_trust_mean,52.525
High public trust,education,Master's degree / Professional degree,newsletter_signup,0.5
High public trust,education,Master's degree / Professional degree,policy_general,53.375
High public trust,education,Master's degree / Professional degree,policy_role_mean,50.812
High public trust,education,Master's degree / Professional degree,policy_specific_mean,51.929
High public trust,education,Master's degree / Professional degree,trust_multidimensional,46.302
High public trust,education,Master's degree / Professional degree,trust_post,46
High public trust,education,Doctorate degree / Ph.D.,behavior_mean,43.976
High public trust,education,Doctorate degree / Ph.D.,belief_post,63
High public trust,education,Doctorate degree / Ph.D.,concern_mean,67.286
High public trust,education,Doctorate degree / Ph.D.,distrust_post,54.714
High public trust,education,Doctorate degree / Ph.D.,donation_ams,6.429
High public trust,education,Doctorate degree / Ph.D.,funding_perceptions,58.571
High public trust,education,Doctorate degree / Ph.D.,inst_trust_mean,50.429
High public trust,education,Doctorate degree / Ph.D.,newsletter_signup,0.143
High public trust,education,Doctorate degree / Ph.D.,policy_general,50.714
High public trust,education,Doctorate degree / Ph.D.,policy_role_mean,50.429
High public trust,education,Doctorate degree / Ph.D.,policy_specific_mean,51.408
High public trust,education,Doctorate degree / Ph.D.,trust_multidimensional,51.798
High public trust,education,Doctorate degree / Ph.D.,trust_post,56.429
Measurement & modeling (2),education,Less than high school,behavior_mean,52.354
Measurement & modeling (2),education,Less than high school,belief_post,52.125
Measurement & modeling (2),education,Less than high school,concern_mean,50.292
Measurement & modeling (2),education,Less than high school,distrust_post,62
Measurement & modeling (2),education,Less than high school,donation_ams,5.375
Measurement & modeling (2),education,Less than high school,funding_perceptions,47.75
Measurement & modeling (2),education,Less than high school,inst_trust_mean,59.05
Measurement & modeling (2),education,Less than high school,newsletter_signup,0.375
Measurement & modeling (2),education,Less than high school,policy_general,61.875
Measurement & modeling (2),education,Less than high school,policy_role_mean,50.062
Measurement & modeling (2),education,Less than high school,policy_specific_mean,47.518
Measurement & modeling (2),education,Less than high school,trust_multidimensional,49.896
Measurement & modeling (2),education,Less than high school,trust_post,54.625
Measurement & modeling (2),education,High school diploma / GED,behavior_mean,45.741
Measurement & modeling (2),education,High school diploma / GED,belief_post,51
Measurement & modeling (2),education,High school diploma / GED,concern_mean,42.556
Measurement & modeling (2),education,High school diploma / GED,distrust_post,50
Measurement & modeling (2),education,High school diploma / GED,donation_ams,5.333
Measurement & modeling (2),education,High school diploma / GED,funding_perceptions,32.444
Measurement & modeling (2),education,High school diploma / GED,inst_trust_mean,46.244
Measurement & modeling (2),education,High school diploma / GED,newsletter_signup,0
Measurement & modeling (2),education,High school diploma / GED,policy_general,55.556
Measurement & modeling (2),education,High school diploma / GED,policy_role_mean,52.611
Measurement & modeling (2),education,High school diploma / GED,policy_specific_mean,47.381
Measurement & modeling (2),education,High school diploma / GED,trust_multidimensional,51.333
Measurement & modeling (2),education,High school diploma / GED,trust_post,46.556
Measurement & modeling (2),education,Some college or Associate's degree,behavior_mean,47
Measurement & modeling (2),education,Some college or Associate's degree,belief_post,54.3
Measurement & modeling (2),education,Some college or Associate's degree,concern_mean,40.133
Measurement & modeling (2),education,Some college or Associate's degree,distrust_post,47.3
Measurement & modeling (2),education,Some college or Associate's degree,donation_ams,4.4
Measurement & modeling (2),education,Some college or Associate's degree,funding_perceptions,51
Measurement & modeling (2),education,Some college or Associate's degree,inst_trust_mean,55.68
Measurement & modeling (2),education,Some college or Associate's degree,newsletter_signup,0
Measurement & modeling (2),education,Some college or Associate's degree,policy_general,46
Measurement & modeling (2),education,Some college or Associate's degree,policy_role_mean,45.275
Measurement & modeling (2),education,Some college or Associate's degree,policy_specific_mean,51.957
Measurement & modeling (2),education,Some college or Associate's degree,trust_multidimensional,43.683
Measurement & modeling (2),education,Some college or Associate's degree,trust_post,56
Measurement & modeling (2),education,Bachelor's degree,behavior_mean,55.597
Measurement & modeling (2),education,Bachelor's degree,belief_post,50.083
Measurement & modeling (2),education,Bachelor's degree,concern_mean,54
Measurement & modeling (2),education,Bachelor's degree,distrust_post,49.167
Measurement & modeling (2),education,Bachelor's degree,donation_ams,5.167
Measurement & modeling (2),education,Bachelor's degree,funding_perceptions,55.083
Measurement & modeling (2),education,Bachelor's degree,inst_trust_mean,56.967
Measurement & modeling (2),education,Bachelor's degree,newsletter_signup,0.167
Measurement & modeling (2),education,Bachelor's degree,policy_general,51.583
Measurement & modeling (2),education,Bachelor's degree,policy_role_mean,54.354
Measurement & modeling (2),education,Bachelor's degree,policy_specific_mean,56.893
Measurement & modeling (2),education,Bachelor's degree,trust_multidimensional,50.729
Measurement & modeling (2),education,Bachelor's degree,trust_post,56.25
Measurement & modeling (2),education,Master's degree / Professional degree,behavior_mean,53.533
Measurement & modeling (2),education,Master's degree / Professional degree,belief_post,43.6
Measurement & modeling (2),education,Master's degree / Professional degree,concern_mean,44.533
Measurement & modeling (2),education,Master's degree / Professional degree,distrust_post,61.3
Measurement & modeling (2),education,Master's degree / Professional degree,donation_ams,5.8
Measurement & modeling (2),education,Master's degree / Professional degree,funding_perceptions,52.1
Measurement & modeling (2),education,Master's degree / Professional degree,inst_trust_mean,55.54
Measurement & modeling (2),education,Master's degree / Professional degree,newsletter_signup,0.1
Measurement & modeling (2),education,Master's degree / Professional degree,policy_general,56.5
Measurement & modeling (2),education,Master's degree / Professional degree,policy_role_mean,43.75
Measurement & modeling (2),education,Master's degree / Professional degree,policy_specific_mean,44.514
Measurement & modeling (2),education,Master's degree / Professional degree,trust_multidimensional,49.558
Measurement & modeling (2),education,Master's degree / Professional degree,trust_post,44.4
Measurement & modeling (2),education,Doctorate degree / Ph.D.,behavior_mean,51.485
Measurement & modeling (2),education,Doctorate degree / Ph.D.,belief_post,43
Measurement & modeling (2),education,Doctorate degree / Ph.D.,concern_mean,53.212
Measurement & modeling (2),education,Doctorate degree / Ph.D.,distrust_post,41.364
Measurement & modeling (2),education,Doctorate degree / Ph.D.,donation_ams,3.909
Measurement & modeling (2),education,Doctorate degree / Ph.D.,funding_perceptions,56.818
Measurement & modeling (2),education,Doctorate degree / Ph.D.,inst_trust_mean,47.655
Measurement & modeling (2),education,Doctorate degree / Ph.D.,newsletter_signup,0.545
Measurement & modeling (2),education,Doctorate degree / Ph.D.,policy_general,43.364
Measurement & modeling (2),education,Doctorate degree / Ph.D.,policy_role_mean,52.364
Measurement & modeling (2),education,Doctorate degree / Ph.D.,policy_specific_mean,51.74
Measurement & modeling (2),education,Doctorate degree / Ph.D.,trust_multidimensional,51.432
Measurement & modeling (2),education,Doctorate degree / Ph.D.,trust_post,75.182
Peer-review,education,Less than high school,behavior_mean,48.722
Peer-review,education,Less than high school,belief_post,42.25
Peer-review,education,Less than high school,concern_mean,47.306
Peer-review,education,Less than high school,distrust_post,49
Peer-review,education,Less than high school,donation_ams,4.833
Peer-review,education,Less than high school,funding_perceptions,48.583
Peer-review,education,Less than high school,inst_trust_mean,44.467
Peer-review,education,Less than high school,newsletter_signup,0.083
Peer-review,education,Less than high school,policy_general,48.583
Peer-review,education,Less than high school,policy_role_mean,45.062
Peer-review,education,Less than high school,policy_specific_mean,50.298
Peer-review,education,Less than high school,trust_multidimensional,50.5
Peer-review,education,Less than high school,trust_post,54.75
Peer-review,education,High school diploma / GED,behavior_mean,47.167
Peer-review,education,High school diploma / GED,belief_post,51
Peer-review,education,High school diploma / GED,concern_mean,40.111
Peer-review,education,High school diploma / GED,distrust_post,50.667
Peer-review,education,High school diploma / GED,donation_ams,3.333
Peer-review,education,High school diploma / GED,funding_perceptions,51
Peer-review,education,High school diploma / GED,inst_trust_mean,48.667
Peer-review,education,High school diploma / GED,newsletter_signup,0.667
Peer-review,education,High school diploma / GED,policy_general,33.667
Peer-review,education,High school diploma / GED,policy_role_mean,36.083
Peer-review,education,High school diploma / GED,policy_specific_mean,43.286
Peer-review,education,High school diploma / GED,trust_multidimensional,51.722
Peer-review,education,High school diploma / GED,trust_post,53
Peer-review,education,Some college or Associate's degree,behavior_mean,51.819
Peer-review,education,Some college or Associate's degree,belief_post,56.5
Peer-review,education,Some college or Associate's degree,concern_mean,46.722
Peer-review,education,Some college or Associate's degree,distrust_post,47.75
Peer-review,education,Some college or Associate's degree,donation_ams,4.5
Peer-review,education,Some college or Associate's degree,funding_perceptions,44.667
Peer-review,education,Some college or Associate's degree,inst_trust_mean,53.533
Peer-review,education,Some college or Associate's degree,newsletter_signup,0.25
Peer-review,education,Some college or Associate's degree,policy_general,40.417
Peer-review,education,Some college or Associate's degree,policy_role_mean,45.688
Peer-review,education,Some college or Associate's degree,policy_specific_mean,41.881
Peer-review,education,Some college or Associate's degree,trust_multidimensional,51.354
Peer-review,education,Some college or Associate's degree,trust_post,55.333
Peer-review,education,Bachelor's degree,behavior_mean,50.625
Peer-review,education,Bachelor's degree,belief_post,57.5
Peer-review,education,Bachelor's degree,concern_mean,54.375
Peer-review,education,Bachelor's degree,distrust_post,51.375
Peer-review,education,Bachelor's degree,donation_ams,4.375
Peer-review,education,Bachelor's degree,funding_perceptions,42.125
Peer-review,education,Bachelor's degree,inst_trust_mean,50.75
Peer-review,education,Bachelor's degree,newsletter_signup,0.375
Peer-review,education,Bachelor's degree,policy_general,49.625
Peer-review,education,Bachelor's degree,policy_role_mean,54.531
Peer-review,education,Bachelor's degree,policy_specific_mean,57.125
Peer-review,education,Bachelor's degree,trust_multidimensional,49.135
Peer-review,education,Bachelor's degree,trust_post,38.5
Peer-review,education,Master's degree / Professional degree,behavior_mean,50.2
Peer-review,education,Master's degree / Professional degree,belief_post,42.2
Peer-review,education,Master's degree / Professional degree,concern_mean,44.111
Peer-review,education,Master's degree / Professional degree,distrust_post,44.6
Peer-review,education,Master's degree / Professional degree,donation_ams,5.133
Peer-review,education,Master's degree / Professional degree,funding_perceptions,50.333
Peer-review,education,Master's degree / Professional degree,inst_trust_mean,46.427
Peer-review,education,Master's degree / Professional degree,newsletter_signup,0.133
Peer-review,education,Master's degree / Professional degree,policy_general,46.267
Peer-review,education,Master's degree / Professional degree,policy_role_mean,51.65
Peer-review,education,Master's degree / Professional degree,policy_specific_mean,47.362
Peer-review,education,Master's degree / Professional degree,trust_multidimensional,50.422
Peer-review,education,Master's degree / Professional degree,trust_post,39.067
Peer-review,education,Doctorate degree / Ph.D.,behavior_mean,47.3
Peer-review,education,Doctorate degree / Ph.D.,belief_post,59.7
Peer-review,education,Doctorate degree / Ph.D.,concern_mean,42.367
Peer-review,education,Doctorate degree / Ph.D.,distrust_post,46.9
Peer-review,education,Doctorate degree / Ph.D.,donation_ams,5.3
Peer-review,education,Doctorate degree / Ph.D.,funding_perceptions,46.7
Peer-review,education,Doctorate degree / Ph.D.,inst_trust_mean,52.5
Peer-review,education,Doctorate degree / Ph.D.,newsletter_signup,0.3
Peer-review,education,Doctorate degree / Ph.D.,policy_general,48.7
Peer-review,education,Doctorate degree / Ph.D.,policy_role_mean,49.25
Peer-review,education,Doctorate degree / Ph.D.,policy_specific_mean,48.571
Peer-review,education,Doctorate degree / Ph.D.,trust_multidimensional,51.983
Peer-review,education,Doctorate degree / Ph.D.,trust_post,42.7
Scientist community helpers,education,Less than high school,behavior_mean,52.551
Scientist community helpers,education,Less than high school,belief_post,45.077
Scientist community helpers,education,Less than high school,concern_mean,39.59
Scientist community helpers,education,Less than high school,distrust_post,37.692
Scientist community helpers,education,Less than high school,donation_ams,4.615
Scientist community helpers,education,Less than high school,funding_perceptions,51.385
Scientist community helpers,education,Less than high school,inst_trust_mean,50.169
Scientist community helpers,education,Less than high school,newsletter_signup,0.308
Scientist community helpers,education,Less than high school,policy_general,51.769
Scientist community helpers,education,Less than high school,policy_role_mean,50.308
Scientist community helpers,education,Less than high school,policy_specific_mean,49.286
Scientist community helpers,education,Less than high school,trust_multidimensional,51.186
Scientist community helpers,education,Less than high school,trust_post,41.154
Scientist community helpers,education,High school diploma / GED,behavior_mean,54.417
Scientist community helpers,education,High school diploma / GED,belief_post,44.7
Scientist community helpers,education,High school diploma / GED,concern_mean,49.2
Scientist community helpers,education,High school diploma / GED,distrust_post,48.1
Scientist community helpers,education,High school diploma / GED,donation_ams,6.5
Scientist community helpers,education,High school diploma / GED,funding_perceptions,43.4
Scientist community helpers,education,High school diploma / GED,inst_trust_mean,47.18
Scientist community helpers,education,High school diploma / GED,newsletter_signup,0.2
Scientist community helpers,education,High school diploma / GED,policy_general,43.4
Scientist community helpers,education,High school diploma / GED,policy_role_mean,48.1
Scientist community helpers,education,High school diploma / GED,policy_specific_mean,50.286
Scientist community helpers,education,High school diploma / GED,trust_multidimensional,50.683
Scientist community helpers,education,High school diploma / GED,trust_post,57.5
Scientist community helpers,education,Some college or Associate's degree,behavior_mean,52.875
Scientist community helpers,education,Some college or Associate's degree,belief_post,45.75
Scientist community helpers,education,Some college or Associate's degree,concern_mean,43.708
Scientist community helpers,education,Some college or Associate's degree,distrust_post,62.875
Scientist community helpers,education,Some college or Associate's degree,donation_ams,5.375
Scientist community helpers,education,Some college or Associate's degree,funding_perceptions,46
Scientist community helpers,education,Some college or Associate's degree,inst_trust_mean,46.55
Scientist community helpers,education,Some college or Associate's degree,newsletter_signup,0.125
Scientist community helpers,education,Some college or Associate's degree,policy_general,37.125
Scientist community helpers,education,Some college or Associate's degree,policy_role_mean,48.094
Scientist community helpers,education,Some college or Associate's degree,policy_specific_mean,47.429
Scientist community helpers,education,Some college or Associate's degree,trust_multidimensional,45.271
Scientist community helpers,education,Some college or Associate's degree,trust_post,56.75
Scientist community helpers,education,Bachelor's degree,behavior_mean,48.014
Scientist community helpers,education,Bachelor's degree,belief_post,60.667
Scientist community helpers,education,Bachelor's degree,concern_mean,52.944
Scientist community helpers,education,Bachelor's degree,distrust_post,55.667
Scientist community helpers,education,Bachelor's degree,donation_ams,5.917
Scientist community helpers,education,Bachelor's degree,funding_perceptions,60.833
Scientist community helpers,education,Bachelor's degree,inst_trust_mean,53.967
Scientist community helpers,education,Bachelor's degree,newsletter_signup,0.333
Scientist community helpers,education,Bachelor's degree,policy_general,59.833
Scientist community helpers,education,Bachelor's degree,policy_role_mean,51.479
Scientist community helpers,education,Bachelor's degree,policy_specific_mean,51.25
Scientist community helpers,education,Bachelor's degree,trust_multidimensional,51.569
Scientist community helpers,education,Bachelor's degree,trust_post,65.75
Scientist community helpers,education,Master's degree / Professional degree,behavior_mean,50.833
Scientist community helpers,education,Master's degree / Professional degree,belief_post,47.833
Scientist community helpers,education,Master's degree / Professional degree,concern_mean,46.722
Scientist community helpers,education,Master's degree / Professional degree,distrust_post,58
Scientist community helpers,education,Master's degree / Professional degree,donation_ams,3.5
Scientist community helpers,education,Master's degree / Professional degree,funding_perceptions,53.167
Scientist community helpers,education,Master's degree / Professional degree,inst_trust_mean,46.5
Scientist community helpers,education,Master's degree / Professional degree,newsletter_signup,0
Scientist community helpers,education,Master's degree / Professional degree,policy_general,47
Scientist community helpers,education,Master's degree / Professional degree,policy_role_mean,52.625
Scientist community helpers,education,Master's degree / Professional degree,policy_specific_mean,43.643
Scientist community helpers,education,Master's degree / Professional degree,trust_multidimensional,47.875
Scientist community helpers,education,Master's degree / Professional degree,trust_post,36
Scientist community helpers,education,Doctorate degree / Ph.D.,behavior_mean,51.515
Scientist community helpers,education,Doctorate degree / Ph.D.,belief_post,33.091
Scientist community helpers,education,Doctorate degree / Ph.D.,concern_mean,51
Scientist community helpers,education,Doctorate degree / Ph.D.,distrust_post,44.364
Scientist community helpers,education,Doctorate degree / Ph.D.,donation_ams,5.091
Scientist community helpers,education,Doctorate degree / Ph.D.,funding_perceptions,54.455
Scientist community helpers,education,Doctorate degree / Ph.D.,inst_trust_mean,50.618
Scientist community helpers,education,Doctorate degree / Ph.D.,newsletter_signup,0.091
Scientist community helpers,education,Doctorate degree / Ph.D.,policy_general,54.636
Scientist community helpers,education,Doctorate degree / Ph.D.,policy_role_mean,54.432
Scientist community helpers,education,Doctorate degree / Ph.D.,policy_specific_mean,52.948
Scientist community helpers,education,Doctorate degree / Ph.D.,trust_multidimensional,50.765
Scientist community helpers,education,Doctorate degree / Ph.D.,trust_post,60.364
Consensus,education,Less than high school,behavior_mean,50
Consensus,education,Less than high school,belief_post,54.545
Consensus,education,Less than high school,concern_mean,42.545
Consensus,education,Less than high school,distrust_post,43.818
Consensus,education,Less than high school,donation_ams,5
Consensus,education,Less than high school,funding_perceptions,51.455
Consensus,education,Less than high school,inst_trust_mean,47.582
Consensus,education,Less than high school,newsletter_signup,0.182
Consensus,education,Less than high school,policy_general,48.273
Consensus,education,Less than high school,policy_role_mean,44.091
Consensus,education,Less than high school,policy_specific_mean,48.584
Consensus,education,Less than high school,trust_multidimensional,49.955
Consensus,education,Less than high school,trust_post,49.091
Consensus,education,High school diploma / GED,behavior_mean,53.348
Consensus,education,High school diploma / GED,belief_post,51.364
Consensus,education,High school diploma / GED,concern_mean,46.636
Consensus,education,High school diploma / GED,distrust_post,42.455
Consensus,education,High school diploma / GED,donation_ams,6
Consensus,education,High school diploma / GED,funding_perceptions,28.455
Consensus,education,High school diploma / GED,inst_trust_mean,44.964
Consensus,education,High school diploma / GED,newsletter_signup,0.273
Consensus,education,High school diploma / GED,policy_general,48.455
Consensus,education,High school diploma / GED,policy_role_mean,49.591
Consensus,education,High school diploma / GED,policy_specific_mean,50.61
Consensus,education,High school diploma / GED,trust_multidimensional,49.348
Consensus,education,High school diploma / GED,trust_post,51.182
Consensus,education,Some college or Associate's degree,behavior_mean,55.767
Consensus,education,Some college or Associate's degree,belief_post,61.5
Consensus,education,Some college or Associate's degree,concern_mean,46.4
Consensus,education,Some college or Associate's degree,distrust_post,49
Consensus,education,Some college or Associate's degree,donation_ams,6.5
Consensus,education,Some college or Associate's degree,funding_perceptions,39.4
Consensus,education,Some college or Associate's degree,inst_trust_mean,51.28
Consensus,education,Some college or Associate's degree,newsletter_signup,0.2
Consensus,education,Some college or Associate's degree,policy_general,33.6
Consensus,education,Some college or Associate's degree,policy_role_mean,46.15
Consensus,education,Some college or Associate's degree,policy_specific_mean,52.957
Consensus,education,Some college or Associate's degree,trust_multidimensional,49.9
Consensus,education,Some college or Associate's degree,trust_post,47.2
Consensus,education,Bachelor's degree,behavior_mean,46.905
Consensus,education,Bachelor's degree,belief_post,49.571
Consensus,education,Bachelor's degree,concern_mean,60.524
Consensus,education,Bachelor's degree,distrust_post,27
Consensus,education,Bachelor's degree,donation_ams,4.143
Consensus,education,Bachelor's degree,funding_perceptions,59
Consensus,education,Bachelor's degree,inst_trust_mean,50.771
Consensus,education,Bachelor's degree,newsletter_signup,0.286
Consensus,education,Bachelor's degree,policy_general,44.857
Consensus,education,Bachelor's degree,policy_role_mean,46.929
Consensus,education,Bachelor's degree,policy_specific_mean,53.286
Consensus,education,Bachelor's degree,trust_multidimensional,55.083
Consensus,education,Bachelor's degree,trust_post,46.286
Consensus,education,Master's degree / Professional degree,behavior_mean,47.455
Consensus,education,Master's degree / Professional degree,belief_post,61.909
Consensus,education,Master's degree / Professional degree,concern_mean,44.273
Consensus,education,Master's degree / Professional degree,distrust_post,40.091
Consensus,education,Master's degree / Professional degree,donation_ams,4.636
Consensus,education,Master's degree / Professional degree,funding_perceptions,48.455
Consensus,education,Master's degree / Professional degree,inst_trust_mean,52.091
Consensus,education,Master's degree / Professional degree,newsletter_signup,0.273
Consensus,education,Master's degree / Professional degree,policy_general,47
Consensus,education,Master's degree / Professional degree,policy_role_mean,49.636
Consensus,education,Master's degree / Professional degree,policy_specific_mean,46.896
Consensus,education,Master's degree / Professional degree,trust_multidimensional,55.902
Consensus,education,Master's degree / Professional degree,trust_post,69.364
Consensus,education,Doctorate degree / Ph.D.,behavior_mean,50.983
Consensus,education,Doctorate degree / Ph.D.,belief_post,47.7
Consensus,education,Doctorate degree / Ph.D.,concern_mean,52.467
Consensus,education,Doctorate degree / Ph.D.,distrust_post,59.8
Consensus,education,Doctorate degree / Ph.D.,donation_ams,4.2
Consensus,education,Doctorate degree / Ph.D.,funding_perceptions,44.3
Consensus,education,Doctorate degree / Ph.D.,inst_trust_mean,51.6
Consensus,education,Doctorate degree / Ph.D.,newsletter_signup,0.1
Consensus,education,Doctorate degree / Ph.D.,policy_general,55.8
Consensus,education,Doctorate degree / Ph.D.,policy_role_mean,50.375
Consensus,education,Doctorate degree / Ph.D.,policy_specific_mean,56.9
Consensus,education,Doctorate degree / Ph.D.,trust_multidimensional,52.15
Consensus,education,Doctorate degree / Ph.D.,trust_post,46.2
Portrait Prof. Cherry,education,Less than high school,behavior_mean,48.556
Portrait Prof. Cherry,education,Less than high school,belief_post,62
Portrait Prof. Cherry,education,Less than high school,concern_mean,44.056
Portrait Prof. Cherry,education,Less than high school,distrust_post,33
Portrait Prof. Cherry,education,Less than high school,donation_ams,4.333
Portrait Prof. Cherry,education,Less than high school,funding_perceptions,39.75
Portrait Prof. Cherry,education,Less than high school,inst_trust_mean,49.4
Portrait Prof. Cherry,education,Less than high school,newsletter_signup,0.25
Portrait Prof. Cherry,education,Less than high school,policy_general,47.833
Portrait Prof. Cherry,education,Less than high school,policy_role_mean,55.979
Portrait Prof. Cherry,education,Less than high school,policy_specific_mean,53.131
Portrait Prof. Cherry,education,Less than high school,trust_multidimensional,46.646
Portrait Prof. Cherry,education,Less than high school,trust_post,47.083
Portrait Prof. Cherry,education,High school diploma / GED,behavior_mean,52.861
Portrait Prof. Cherry,education,High school diploma / GED,belief_post,55.5
Portrait Prof. Cherry,education,High school diploma / GED,concern_mean,58.611
Portrait Prof. Cherry,education,High school diploma / GED,distrust_post,35.667
Portrait Prof. Cherry,education,High school diploma / GED,donation_ams,5
Portrait Prof. Cherry,education,High school diploma / GED,funding_perceptions,54.667
Portrait Prof. Cherry,education,High school diploma / GED,inst_trust_mean,55.967
Portrait Prof. Cherry,education,High school diploma / GED,newsletter_signup,0.167
Portrait Prof. Cherry,education,High school diploma / GED,policy_general,50.167
Portrait Prof. Cherry,education,High school diploma / GED,policy_role_mean,55.667
Portrait Prof. Cherry,education,High school diploma / GED,policy_specific_mean,54.929
Portrait Prof. Cherry,education,High school diploma / GED,trust_multidimensional,49.194
Portrait Prof. Cherry,education,High school diploma / GED,trust_post,44
Portrait Prof. Cherry,education,Some college or Associate's degree,behavior_mean,49.5
Portrait Prof. Cherry,education,Some college or Associate's degree,belief_post,59.75
Portrait Prof. Cherry,education,Some college or Associate's degree,concern_mean,54.542
Portrait Prof. Cherry,education,Some college or Associate's degree,distrust_post,47.438
Portrait Prof. Cherry,education,Some college or Associate's degree,donation_ams,6.062
Portrait Prof. Cherry,education,Some college or Associate's degree,funding_perceptions,40.5
Portrait Prof. Cherry,education,Some college or Associate's degree,inst_trust_mean,48.513
Portrait Prof. Cherry,education,Some college or Associate's degree,newsletter_signup,0.125
Portrait Prof. Cherry,education,Some college or Associate's degree,policy_general,52.688
Portrait Prof. Cherry,education,Some college or Associate's degree,policy_role_mean,43.156
Portrait Prof. Cherry,education,Some college or Associate's degree,policy_specific_mean,47.482
Portrait Prof. Cherry,education,Some college or Associate's degree,trust_multidimensional,49.099
Portrait Prof. Cherry,education,Some college or Associate's degree,trust_post,40.375
Portrait Prof. Cherry,education,Bachelor's degree,behavior_mean,51.394
Portrait Prof. Cherry,education,Bachelor's degree,belief_post,47.636
Portrait Prof. Cherry,education,Bachelor's degree,concern_mean,47.212
Portrait Prof. Cherry,education,Bachelor's degree,distrust_post,57.182
Portrait Prof. Cherry,education,Bachelor's degree,donation_ams,5.364
Portrait Prof. Cherry,education,Bachelor's degree,funding_perceptions,56.636
Portrait Prof. Cherry,education,Bachelor's degree,inst_trust_mean,45.673
Portrait Prof. Cherry,education,Bachelor's degree,newsletter_signup,0.455
Portrait Prof. Cherry,education,Bachelor's degree,policy_general,61.364
Portrait Prof. Cherry,education,Bachelor's degree,policy_role_mean,46.205
Portrait Prof. Cherry,education,Bachelor's degree,policy_specific_mean,43.883
Portrait Prof. Cherry,education,Bachelor's degree,trust_multidimensional,51.409
Portrait Prof. Cherry,education,Bachelor's degree,trust_post,53.545
Portrait Prof. Cherry,education,Master's degree / Professional degree,behavior_mean,49.854
Portrait Prof. Cherry,education,Master's degree / Professional degree,belief_post,52.25
Portrait Prof. Cherry,education,Master's degree / Professional degree,concern_mean,47.25
Portrait Prof. Cherry,education,Master's degree / Professional degree,distrust_post,53.125
Portrait Prof. Cherry,education,Master's degree / Professional degree,donation_ams,6
Portrait Prof. Cherry,education,Master's degree / Professional degree,funding_perceptions,41.5
Portrait Prof. Cherry,education,Master's degree / Professional degree,inst_trust_mean,46.575
Portrait Prof. Cherry,education,Master's degree / Professional degree,newsletter_signup,0.125
Portrait Prof. Cherry,education,Master's degree / Professional degree,policy_general,43.75
Portrait Prof. Cherry,education,Master's degree / Professional degree,policy_role_mean,47.656
Portrait Prof. Cherry,education,Master's degree / Professional degree,policy_specific_mean,58.536
Portrait Prof. Cherry,education,Master's degree / Professional degree,trust_multidimensional,51.271
Portrait Prof. Cherry,education,Master's degree / Professional degree,trust_post,46.25
Portrait Prof. Cherry,education,Doctorate degree / Ph.D.,behavior_mean,45.905
Portrait Prof. Cherry,education,Doctorate degree / Ph.D.,belief_post,44
Portrait Prof. Cherry,education,Doctorate degree / Ph.D.,concern_mean,48.571
Portrait Prof. Cherry,education,Doctorate degree / Ph.D.,distrust_post,57.429
Portrait Prof. Cherry,education,Doctorate degree / Ph.D.,donation_ams,5
Portrait Prof. Cherry,education,Doctorate degree / Ph.D.,funding_perceptions,51.143
Portrait Prof. Cherry,education,Doctorate degree / Ph.D.,inst_trust_mean,46.4
Portrait Prof. Cherry,education,Doctorate degree / Ph.D.,newsletter_signup,0.143
Portrait Prof. Cherry,education,Doctorate degree / Ph.D.,policy_general,61.714
Portrait Prof. Cherry,education,Doctorate degree / Ph.D.,policy_role_mean,38.607
Portrait Prof. Cherry,education,Doctorate degree / Ph.D.,policy_specific_mean,45.735
Portrait Prof. Cherry,education,Doctorate degree / Ph.D.,trust_multidimensional,46.31
Portrait Prof. Cherry,education,Doctorate degree / Ph.D.,trust_post,42.714
Model accuracy,education,Less than high school,behavior_mean,46.515
Model accuracy,education,Less than high school,belief_post,52.182
Model accuracy,education,Less than high school,concern_mean,46.848
Model accuracy,education,Less than high school,distrust_post,51.182
Model accuracy,education,Less than high school,donation_ams,3
Model accuracy,education,Less than high school,funding_perceptions,41.909
Model accuracy,education,Less than high school,inst_trust_mean,50.727
Model accuracy,education,Less than high school,newsletter_signup,0.182
Model accuracy,education,Less than high school,policy_general,50.091
Model accuracy,education,Less than high school,policy_role_mean,46.068
Model accuracy,education,Less than high school,policy_specific_mean,51.078
Model accuracy,education,Less than high school,trust_multidimensional,48.992
Model accuracy,education,Less than high school,trust_post,39.727
Model accuracy,education,High school diploma / GED,behavior_mean,57.019
Model accuracy,education,High school diploma / GED,belief_post,47.556
Model accuracy,education,High school diploma / GED,concern_mean,48.889
Model accuracy,education,High school diploma / GED,distrust_post,55.222
Model accuracy,education,High school diploma / GED,donation_ams,4.111
Model accuracy,education,High school diploma / GED,funding_perceptions,54
Model accuracy,education,High school diploma / GED,inst_trust_mean,47.333
Model accuracy,education,High school diploma / GED,newsletter_signup,0.444
Model accuracy,education,High school diploma / GED,policy_general,46.333
Model accuracy,education,High school diploma / GED,policy_role_mean,42.222
Model accuracy,education,High school diploma / GED,policy_specific_mean,54.381
Model accuracy,education,High school diploma / GED,trust_multidimensional,51.352
Model accuracy,education,High school diploma / GED,trust_post,55.222
Model accuracy,education,Some college or Associate's degree,behavior_mean,51.811
Model accuracy,education,Some college or Associate's degree,belief_post,40.8
Model accuracy,education,Some college or Associate's degree,concern_mean,51.111
Model accuracy,education,Some college or Associate's degree,distrust_post,46.667
Model accuracy,education,Some college or Associate's degree,donation_ams,4.667
Model accuracy,education,Some college or Associate's degree,funding_perceptions,45.267
Model accuracy,education,Some college or Associate's degree,inst_trust_mean,47.533
Model accuracy,education,Some college or Associate's degree,newsletter_signup,0.067
Model accuracy,education,Some college or Associate's degree,policy_general,50.8
Model accuracy,education,Some college or Associate's degree,policy_role_mean,47.867
Model accuracy,education,Some college or Associate's degree,policy_specific_mean,48.619
Model accuracy,education,Some college or Associate's degree,trust_multidimensional,49.806
Model accuracy,education,Some college or Associate's degree,trust_post,49.2
Model accuracy,education,Bachelor's degree,behavior_mean,53.361
Model accuracy,education,Bachelor's degree,belief_post,40.167
Model accuracy,education,Bachelor's degree,concern_mean,67.222
Model accuracy,education,Bachelor's degree,distrust_post,65.167
Model accuracy,education,Bachelor's degree,donation_ams,5
Model accuracy,education,Bachelor's degree,funding_perceptions,47.833
Model accuracy,education,Bachelor's degree,inst_trust_mean,48.467
Model accuracy,education,Bachelor's degree,newsletter_signup,0.333
Model accuracy,education,Bachelor's degree,policy_general,47
Model accuracy,education,Bachelor's degree,policy_role_mean,45.958
Model accuracy,education,Bachelor's degree,policy_specific_mean,47.571
Model accuracy,education,Bachelor's degree,trust_multidimensional,45.931
Model accuracy,education,Bachelor's degree,trust_post,41.667
Model accuracy,education,Master's degree / Professional degree,behavior_mean,51.861
Model accuracy,education,Master's degree / Professional degree,belief_post,33.417
Model accuracy,education,Master's degree / Professional degree,concern_mean,53.639
Model accuracy,education,Master's degree / Professional degree,distrust_post,50.667
Model accuracy,education,Master's degree / Professional degree,donation_ams,6.333
Model accuracy,education,Master's degree / Professional degree,funding_perceptions,39.917
Model accuracy,education,Master's degree / Professional degree,inst_trust_mean,50.583
Model accuracy,education,Master's degree / Professional degree,newsletter_signup,0.333
Model accuracy,education,Master's degree / Professional degree,policy_general,48.833
Model accuracy,education,Master's degree / Professional degree,policy_role_mean,48.229
Model accuracy,education,Master's degree / Professional degree,policy_specific_mean,48.595
Model accuracy,education,Master's degree / Professional degree,trust_multidimensional,50.972
Model accuracy,education,Master's degree / Professional degree,trust_post,50.417
Model accuracy,education,Doctorate degree / Ph.D.,behavior_mean,53.5
Model accuracy,education,Doctorate degree / Ph.D.,belief_post,61.286
Model accuracy,education,Doctorate degree / Ph.D.,concern_mean,51
Model accuracy,education,Doctorate degree / Ph.D.,distrust_post,64.286
Model accuracy,education,Doctorate degree / Ph.D.,donation_ams,4.714
Model accuracy,education,Doctorate degree / Ph.D.,funding_perceptions,50.571
Model accuracy,education,Doctorate degree / Ph.D.,inst_trust_mean,53.229
Model accuracy,education,Doctorate degree / Ph.D.,newsletter_signup,0.143
Model accuracy,education,Doctorate degree / Ph.D.,policy_general,39
Model accuracy,education,Doctorate degree / Ph.D.,policy_role_mean,48.643
Model accuracy,education,Doctorate degree / Ph.D.,policy_specific_mean,52.571
Model accuracy,education,Doctorate degree / Ph.D.,trust_multidimensional,51.94
Model accuracy,education,Doctorate degree / Ph.D.,trust_post,44.571
Interview Prof. Sebille,education,Less than high school,behavior_mean,51.883
Interview Prof. Sebille,education,Less than high school,belief_post,48.9
Interview Prof. Sebille,education,Less than high school,concern_mean,49.633
Interview Prof. Sebille,education,Less than high school,distrust_post,53.5
Interview Prof. Sebille,education,Less than high school,donation_ams,5.5
Interview Prof. Sebille,education,Less than high school,funding_perceptions,44.2
Interview Prof. Sebille,education,Less than high school,inst_trust_mean,41.2
Interview Prof. Sebille,education,Less than high school,newsletter_signup,0.1
Interview Prof. Sebille,education,Less than high school,policy_general,59.4
Interview Prof. Sebille,education,Less than high school,policy_role_mean,46.675
Interview Prof. Sebille,education,Less than high school,policy_specific_mean,46
Interview Prof. Sebille,education,Less than high school,trust_multidimensional,51.25
Interview Prof. Sebille,education,Less than high school,trust_post,58.3
Interview Prof. Sebille,education,High school diploma / GED,behavior_mean,46.958
Interview Prof. Sebille,education,High school diploma / GED,belief_post,43
Interview Prof. Sebille,education,High school diploma / GED,concern_mean,46.083
Interview Prof. Sebille,education,High school diploma / GED,distrust_post,50.75
Interview Prof. Sebille,education,High school diploma / GED,donation_ams,4.75
Interview Prof. Sebille,education,High school diploma / GED,funding_perceptions,43.625
Interview Prof. Sebille,education,High school diploma / GED,inst_trust_mean,52.875
Interview Prof. Sebille,education,High school diploma / GED,newsletter_signup,0.125
Interview Prof. Sebille,education,High school diploma / GED,policy_general,35.25
Interview Prof. Sebille,education,High school diploma / GED,policy_role_mean,44.75
Interview Prof. Sebille,education,High school diploma / GED,policy_specific_mean,52.643
Interview Prof. Sebille,education,High school diploma / GED,trust_multidimensional,46.188
Interview Prof. Sebille,education,High school diploma / GED,trust_post,55.5
Interview Prof. Sebille,education,Some college or Associate's degree,behavior_mean,47.452
Interview Prof. Sebille,education,Some college or Associate's degree,belief_post,41.929
Interview Prof. Sebille,education,Some college or Associate's degree,concern_mean,49.81
Interview Prof. Sebille,education,Some college or Associate's degree,distrust_post,38.786
Interview Prof. Sebille,education,Some college or Associate's degree,donation_ams,2.714
Interview Prof. Sebille,education,Some college or Associate's degree,funding_perceptions,63.429
Interview Prof. Sebille,education,Some college or Associate's degree,inst_trust_mean,49.614
Interview Prof. Sebille,education,Some college or Associate's degree,newsletter_signup,0.214
Interview Prof. Sebille,education,Some college or Associate's degree,policy_general,52.714
Interview Prof. Sebille,education,Some college or Associate's degree,policy_role_mean,44.036
Interview Prof. Sebille,education,Some college or Associate's degree,policy_specific_mean,55.153
Interview Prof. Sebille,education,Some college or Associate's degree,trust_multidimensional,48.387
Interview Prof. Sebille,education,Some college or Associate's degree,trust_post,57.929
Interview Prof. Sebille,education,Bachelor's degree,behavior_mean,52.738
Interview Prof. Sebille,education,Bachelor's degree,belief_post,37.143
Interview Prof. Sebille,education,Bachelor's degree,concern_mean,41.905
Interview Prof. Sebille,education,Bachelor's degree,distrust_post,23.857
Interview Prof. Sebille,education,Bachelor's degree,donation_ams,4.429
Interview Prof. Sebille,education,Bachelor's degree,funding_perceptions,54.571
Interview Prof. Sebille,education,Bachelor's degree,inst_trust_mean,50.571
Interview Prof. Sebille,education,Bachelor's degree,newsletter_signup,0.286
Interview Prof. Sebille,education,Bachelor's degree,policy_general,52.857
Interview Prof. Sebille,education,Bachelor's degree,policy_role_mean,55.964
Interview Prof. Sebille,education,Bachelor's degree,policy_specific_mean,48.918
Interview Prof. Sebille,education,Bachelor's degree,trust_multidimensional,50.357
Interview Prof. Sebille,education,Bachelor's degree,trust_post,47.286
Interview Prof. Sebille,education,Master's degree / Professional degree,behavior_mean,50.056
Interview Prof. Sebille,education,Master's degree / Professional degree,belief_post,42.75
Interview Prof. Sebille,education,Master's degree / Professional degree,concern_mean,50.778
Interview Prof. Sebille,education,Master's degree / Professional degree,distrust_post,42.417
Interview Prof. Sebille,education,Master's degree / Professional degree,donation_ams,5.583
Interview Prof. Sebille,education,Master's degree / Professional degree,funding_perceptions,53.5
Interview Prof. Sebille,education,Master's degree / Professional degree,inst_trust_mean,49.533
Interview Prof. Sebille,education,Master's degree / Professional degree,newsletter_signup,0.167
Interview Prof. Sebille,education,Master's degree / Professional degree,policy_general,41
Interview Prof. Sebille,education,Master's degree / Professional degree,policy_role_mean,50.896
Interview Prof. Sebille,education,Master's degree / Professional degree,policy_specific_mean,47.06
Interview Prof. Sebille,education,Master's degree / Professional degree,trust_multidimensional,51.674
Interview Prof. Sebille,education,Master's degree / Professional degree,trust_post,50.417
Interview Prof. Sebille,education,Doctorate degree / Ph.D.,behavior_mean,54.944
Interview Prof. Sebille,education,Doctorate degree / Ph.D.,belief_post,61.444
Interview Prof. Sebille,education,Doctorate degree / Ph.D.,concern_mean,52.63
Interview Prof. Sebille,education,Doctorate degree / Ph.D.,distrust_post,44.222
Interview Prof. Sebille,education,Doctorate degree / Ph.D.,donation_ams,5.222
Interview Prof. Sebille,education,Doctorate degree / Ph.D.,funding_perceptions,53.889
Interview Prof. Sebille,education,Doctorate degree / Ph.D.,inst_trust_mean,49.956
Interview Prof. Sebille,education,Doctorate degree / Ph.D.,newsletter_signup,0.111
Interview Prof. Sebille,education,Doctorate degree / Ph.D.,policy_general,57.222
Interview Prof. Sebille,education,Doctorate degree / Ph.D.,policy_role_mean,49.25
Interview Prof. Sebille,education,Doctorate degree / Ph.D.,policy_specific_mean,51.651
Interview Prof. Sebille,education,Doctorate degree / Ph.D.,trust_multidimensional,52.704
Interview Prof. Sebille,education,Doctorate degree / Ph.D.,trust_post,51.556
Extreme weather predictions,education,Less than high school,behavior_mean,47.333
Extreme weather predictions,education,Less than high school,belief_post,47.333
Extreme weather predictions,education,Less than high school,concern_mean,43.926
Extreme weather predictions,education,Less than high school,distrust_post,52.778
Extreme weather predictions,education,Less than high school,donation_ams,5.222
Extreme weather predictions,education,Less than high school,funding_perceptions,49.111
Extreme weather predictions,education,Less than high school,inst_trust_mean,47.911
Extreme weather predictions,education,Less than high school,newsletter_signup,0.222
Extreme weather predictions,education,Less than high school,policy_general,38.333
Extreme weather predictions,education,Less than high school,policy_role_mean,47.528
Extreme weather predictions,education,Less than high school,policy_specific_mean,48.19
Extreme weather predictions,education,Less than high school,trust_multidimensional,53.806
Extreme weather predictions,education,Less than high school,trust_post,49
Extreme weather predictions,education,High school diploma / GED,behavior_mean,51.923
Extreme weather predictions,education,High school diploma / GED,belief_post,50.615
Extreme weather predictions,education,High school diploma / GED,concern_mean,50.026
Extreme weather predictions,education,High school diploma / GED,distrust_post,55.462
Extreme weather predictions,education,High school diploma / GED,donation_ams,4.154
Extreme weather predictions,education,High school diploma / GED,funding_perceptions,47.462
Extreme weather predictions,education,High school diploma / GED,inst_trust_mean,50.338
Extreme weather predictions,education,High school diploma / GED,newsletter_signup,0.077
Extreme weather predictions,education,High school diploma / GED,policy_general,51.769
Extreme weather predictions,education,High school diploma / GED,policy_role_mean,47.519
Extreme weather predictions,education,High school diploma / GED,policy_specific_mean,51.055
Extreme weather predictions,education,High school diploma / GED,trust_multidimensional,49.885
Extreme weather predictions,education,High school diploma / GED,trust_post,56.385
Extreme weather predictions,education,Some college or Associate's degree,behavior_mean,49.796
Extreme weather predictions,education,Some college or Associate's degree,belief_post,42.444
Extreme weather predictions,education,Some college or Associate's degree,concern_mean,49.926
Extreme weather predictions,education,Some college or Associate's degree,distrust_post,71.111
Extreme weather predictions,education,Some college or Associate's degree,donation_ams,4.778
Extreme weather predictions,education,Some college or Associate's degree,funding_perceptions,40.667
Extreme weather predictions,education,Some college or Associate's degree,inst_trust_mean,47.711
Extreme weather predictions,education,Some college or Associate's degree,newsletter_signup,0.111
Extreme weather predictions,education,Some college or Associate's degree,policy_general,46.111
Extreme weather predictions,education,Some college or Associate's degree,policy_role_mean,49.083
Extreme weather predictions,education,Some college or Associate's degree,policy_specific_mean,51.254
Extreme weather predictions,education,Some college or Associate's degree,trust_multidimensional,47.231
Extreme weather predictions,education,Some college or Associate's degree,trust_post,42.111
Extreme weather predictions,education,Bachelor's degree,behavior_mean,45.5
Extreme weather predictions,education,Bachelor's degree,belief_post,62.444
Extreme weather predictions,education,Bachelor's degree,concern_mean,60.519
Extreme weather predictions,education,Bachelor's degree,distrust_post,54.444
Extreme weather predictions,education,Bachelor's degree,donation_ams,6.222
Extreme weather predictions,education,Bachelor's degree,funding_perceptions,38
Extreme weather predictions,education,Bachelor's degree,inst_trust_mean,45.711
Extreme weather predictions,education,Bachelor's degree,newsletter_signup,0.444
Extreme weather predictions,education,Bachelor's degree,policy_general,51.222
Extreme weather predictions,education,Bachelor's degree,policy_role_mean,56.25
Extreme weather predictions,education,Bachelor's degree,policy_specific_mean,51.254
Extreme weather predictions,education,Bachelor's degree,trust_multidimensional,52.25
Extreme weather predictions,education,Bachelor's degree,trust_post,45.111
Extreme weather predictions,education,Master's degree / Professional degree,behavior_mean,53.389
Extreme weather predictions,education,Master's degree / Professional degree,belief_post,54.333
Extreme weather predictions,education,Master's degree / Professional degree,concern_mean,53.111
Extreme weather predictions,education,Master's degree / Professional degree,distrust_post,53.778
Extreme weather predictions,education,Master's degree / Professional degree,donation_ams,3.222
Extreme weather predictions,education,Master's degree / Professional degree,funding_perceptions,56.778
Extreme weather predictions,education,Master's degree / Professional degree,inst_trust_mean,46.733
Extreme weather predictions,education,Master's degree / Professional degree,newsletter_signup,0.111
Extreme weather predictions,education,Master's degree / Professional degree,policy_general,49.889
Extreme weather predictions,education,Master's degree / Professional degree,policy_role_mean,56.333
Extreme weather predictions,education,Master's degree / Professional degree,policy_specific_mean,56.143
Extreme weather predictions,education,Master's degree / Professional degree,trust_multidimensional,47.852
Extreme weather predictions,education,Master's degree / Professional degree,trust_post,54.556
Extreme weather predictions,education,Doctorate degree / Ph.D.,behavior_mean,49.5
Extreme weather predictions,education,Doctorate degree / Ph.D.,belief_post,56.091
Extreme weather predictions,education,Doctorate degree / Ph.D.,concern_mean,52.727
Extreme weather predictions,education,Doctorate degree / Ph.D.,distrust_post,55.182
Extreme weather predictions,education,Doctorate degree / Ph.D.,donation_ams,5.364
Extreme weather predictions,education,Doctorate degree / Ph.D.,funding_perceptions,64.818
Extreme weather predictions,education,Doctorate degree / Ph.D.,inst_trust_mean,50.8
Extreme weather predictions,education,Doctorate degree / Ph.D.,newsletter_signup,0.182
Extreme weather predictions,education,Doctorate degree / Ph.D.,policy_general,40.818
Extreme weather predictions,education,Doctorate degree / Ph.D.,policy_role_mean,56.409
Extreme weather predictions,education,Doctorate degree / Ph.D.,policy_specific_mean,50.584
Extreme weather predictions,education,Doctorate degree / Ph.D.,trust_multidimensional,52.129
Extreme weather predictions,education,Doctorate degree / Ph.D.,trust_post,42.455
control,income,"Less than $30,000",behavior_mean,45.333
control,income,"Less than $30,000",belief_post,55.4
control,income,"Less than $30,000",concern_mean,57.767
control,income,"Less than $30,000",distrust_post,53.9
control,income,"Less than $30,000",donation_ams,5.7
control,income,"Less than $30,000",funding_perceptions,54.3
control,income,"Less than $30,000",inst_trust_mean,47.92
control,income,"Less than $30,000",newsletter_signup,0.1
control,income,"Less than $30,000",policy_general,47.7
control,income,"Less than $30,000",policy_role_mean,48.9
control,income,"Less than $30,000",policy_specific_mean,50.943
control,income,"Less than $30,000",trust_multidimensional,51.742
control,income,"Less than $30,000",trust_post,52.8
control,income,"$30,000 to $55,999",behavior_mean,50.444
control,income,"$30,000 to $55,999",belief_post,68.833
control,income,"$30,000 to $55,999",concern_mean,46.417
control,income,"$30,000 to $55,999",distrust_post,45.167
control,income,"$30,000 to $55,999",donation_ams,6
control,income,"$30,000 to $55,999",funding_perceptions,54.833
control,income,"$30,000 to $55,999",inst_trust_mean,47.283
control,income,"$30,000 to $55,999",newsletter_signup,0.167
control,income,"$30,000 to $55,999",policy_general,53.333
control,income,"$30,000 to $55,999",policy_role_mean,47.833
control,income,"$30,000 to $55,999",policy_specific_mean,50.095
control,income,"$30,000 to $55,999",trust_multidimensional,51.319
control,income,"$30,000 to $55,999",trust_post,53.5
control,income,"$56,000 to $99,999",behavior_mean,55.712
control,income,"$56,000 to $99,999",belief_post,42.364
control,income,"$56,000 to $99,999",concern_mean,56.091
control,income,"$56,000 to $99,999",distrust_post,47.545
control,income,"$56,000 to $99,999",donation_ams,3.455
control,income,"$56,000 to $99,999",funding_perceptions,45.091
control,income,"$56,000 to $99,999",inst_trust_mean,40.545
control,income,"$56,000 to $99,999",newsletter_signup,0.182
control,income,"$56,000 to $99,999",policy_general,34.091
control,income,"$56,000 to $99,999",policy_role_mean,46.341
control,income,"$56,000 to $99,999",policy_specific_mean,51.662
control,income,"$56,000 to $99,999",trust_multidimensional,50.545
control,income,"$56,000 to $99,999",trust_post,56.636
control,income,"$100,000 to $167,999",behavior_mean,43.449
control,income,"$100,000 to $167,999",belief_post,49.538
control,income,"$100,000 to $167,999",concern_mean,54.974
control,income,"$100,000 to $167,999",distrust_post,37.077
control,income,"$100,000 to $167,999",donation_ams,4.308
control,income,"$100,000 to $167,999",funding_perceptions,55
control,income,"$100,000 to $167,999",inst_trust_mean,49.338
control,income,"$100,000 to $167,999",newsletter_signup,0.231
control,income,"$100,000 to $167,999",policy_general,51.923
control,income,"$100,000 to $167,999",policy_role_mean,47.615
control,income,"$100,000 to $167,999",policy_specific_mean,50.505
control,income,"$100,000 to $167,999",trust_multidimensional,49.237
control,income,"$100,000 to $167,999",trust_post,56.769
control,income,"$168,000 or more",behavior_mean,47.25
control,income,"$168,000 or more",belief_post,44.786
control,income,"$168,000 or more",concern_mean,51.69
control,income,"$168,000 or more",distrust_post,59
control,income,"$168,000 or more",donation_ams,3.929
control,income,"$168,000 or more",funding_perceptions,57.214
control,income,"$168,000 or more",inst_trust_mean,45.8
control,income,"$168,000 or more",newsletter_signup,0.143
control,income,"$168,000 or more",policy_general,35.071
control,income,"$168,000 or more",policy_role_mean,56.25
control,income,"$168,000 or more",policy_specific_mean,50.959
control,income,"$168,000 or more",trust_multidimensional,50.435
control,income,"$168,000 or more",trust_post,41.429
Corporate reliance,income,"Less than $30,000",behavior_mean,52.238
Corporate reliance,income,"Less than $30,000",belief_post,45.429
Corporate reliance,income,"Less than $30,000",concern_mean,60.952
Corporate reliance,income,"Less than $30,000",distrust_post,54
Corporate reliance,income,"Less than $30,000",donation_ams,6.143
Corporate reliance,income,"Less than $30,000",funding_perceptions,56.571
Corporate reliance,income,"Less than $30,000",inst_trust_mean,54.514
Corporate reliance,income,"Less than $30,000",newsletter_signup,0.429
Corporate reliance,income,"Less than $30,000",policy_general,57.286
Corporate reliance,income,"Less than $30,000",policy_role_mean,42.929
Corporate reliance,income,"Less than $30,000",policy_specific_mean,50.776
Corporate reliance,income,"Less than $30,000",trust_multidimensional,47.31
Corporate reliance,income,"Less than $30,000",trust_post,41.714
Corporate reliance,income,"$30,000 to $55,999",behavior_mean,47.926
Corporate reliance,income,"$30,000 to $55,999",belief_post,43.444
Corporate reliance,income,"$30,000 to $55,999",concern_mean,53.815
Corporate reliance,income,"$30,000 to $55,999",distrust_post,56.556
Corporate reliance,income,"$30,000 to $55,999",donation_ams,5.444
Corporate reliance,income,"$30,000 to $55,999",funding_perceptions,54.889
Corporate reliance,income,"$30,000 to $55,999",inst_trust_mean,54.311
Corporate reliance,income,"$30,000 to $55,999",newsletter_signup,0.444
Corporate reliance,income,"$30,000 to $55,999",policy_general,45.444
Corporate reliance,income,"$30,000 to $55,999",policy_role_mean,53.972
Corporate reliance,income,"$30,000 to $55,999",policy_specific_mean,52.302
Corporate reliance,income,"$30,000 to $55,999",trust_multidimensional,47.722
Corporate reliance,income,"$30,000 to $55,999",trust_post,48.667
Corporate reliance,income,"$56,000 to $99,999",behavior_mean,50.069
Corporate reliance,income,"$56,000 to $99,999",belief_post,46.333
Corporate reliance,income,"$56,000 to $99,999",concern_mean,49.667
Corporate reliance,income,"$56,000 to $99,999",distrust_post,33.75
Corporate reliance,income,"$56,000 to $99,999",donation_ams,5.583
Corporate reliance,income,"$56,000 to $99,999",funding_perceptions,47.083
Corporate reliance,income,"$56,000 to $99,999",inst_trust_mean,52.383
Corporate reliance,income,"$56,000 to $99,999",newsletter_signup,0.333
Corporate reliance,income,"$56,000 to $99,999",policy_general,54.5
Corporate reliance,income,"$56,000 to $99,999",policy_role_mean,49.979
Corporate reliance,income,"$56,000 to $99,999",policy_specific_mean,51.238
Corporate reliance,income,"$56,000 to $99,999",trust_multidimensional,50.833
Corporate reliance,income,"$56,000 to $99,999",trust_post,49.75
Corporate reliance,income,"$100,000 to $167,999",behavior_mean,49.867
Corporate reliance,income,"$100,000 to $167,999",belief_post,41.7
Corporate reliance,income,"$100,000 to $167,999",concern_mean,43.933
Corporate reliance,income,"$100,000 to $167,999",distrust_post,43.3
Corporate reliance,income,"$100,000 to $167,999",donation_ams,3.5
Corporate reliance,income,"$100,000 to $167,999",funding_perceptions,47.6
Corporate reliance,income,"$100,000 to $167,999",inst_trust_mean,51.04
Corporate reliance,income,"$100,000 to $167,999",newsletter_signup,0.2
Corporate reliance,income,"$100,000 to $167,999",policy_general,38
Corporate reliance,income,"$100,000 to $167,999",policy_role_mean,52.95
Corporate reliance,income,"$100,000 to $167,999",policy_specific_mean,48.457
Corporate reliance,income,"$100,000 to $167,999",trust_multidimensional,52.4
Corporate reliance,income,"$100,000 to $167,999",trust_post,48.5
Corporate reliance,income,"$168,000 or more",behavior_mean,44.098
Corporate reliance,income,"$168,000 or more",belief_post,50
Corporate reliance,income,"$168,000 or more",concern_mean,53.242
Corporate reliance,income,"$168,000 or more",distrust_post,46.182
Corporate reliance,income,"$168,000 or more",donation_ams,5
Corporate reliance,income,"$168,000 or more",funding_perceptions,45.455
Corporate reliance,income,"$168,000 or more",inst_trust_mean,51.255
Corporate reliance,income,"$168,000 or more",newsletter_signup,0.273
Corporate reliance,income,"$168,000 or more",policy_general,50.5
Corporate reliance,income,"$168,000 or more",policy_role_mean,48.352
Corporate reliance,income,"$168,000 or more",policy_specific_mean,47.162
Corporate reliance,income,"$168,000 or more",trust_multidimensional,51.337
Corporate reliance,income,"$168,000 or more",trust_post,45.182
Social justice,income,"Less than $30,000",behavior_mean,49.198
Social justice,income,"Less than $30,000",belief_post,51.312
Social justice,income,"Less than $30,000",concern_mean,54.188
Social justice,income,"Less than $30,000",distrust_post,57.812
Social justice,income,"Less than $30,000",donation_ams,5.375
Social justice,income,"Less than $30,000",funding_perceptions,40.938
Social justice,income,"Less than $30,000",inst_trust_mean,49.962
Social justice,income,"Less than $30,000",newsletter_signup,0.125
Social justice,income,"Less than $30,000",policy_general,53.938
Social justice,income,"Less than $30,000",policy_role_mean,48.484
Social justice,income,"Less than $30,000",policy_specific_mean,48.714
Social justice,income,"Less than $30,000",trust_multidimensional,49.953
Social justice,income,"Less than $30,000",trust_post,41.312
Social justice,income,"$30,000 to $55,999",behavior_mean,47.893
Social justice,income,"$30,000 to $55,999",belief_post,53.643
Social justice,income,"$30,000 to $55,999",concern_mean,49.095
Social justice,income,"$30,000 to $55,999",distrust_post,50.643
Social justice,income,"$30,000 to $55,999",donation_ams,4.714
Social justice,income,"$30,000 to $55,999",funding_perceptions,57.857
Social justice,income,"$30,000 to $55,999",inst_trust_mean,51.243
Social justice,income,"$30,000 to $55,999",newsletter_signup,0.143
Social justice,income,"$30,000 to $55,999",policy_general,49.571
Social justice,income,"$30,000 to $55,999",policy_role_mean,52.357
Social justice,income,"$30,000 to $55,999",policy_specific_mean,46.378
Social justice,income,"$30,000 to $55,999",trust_multidimensional,51.565
Social justice,income,"$30,000 to $55,999",trust_post,53.357
Social justice,income,"$56,000 to $99,999",behavior_mean,42.267
Social justice,income,"$56,000 to $99,999",belief_post,42
Social justice,income,"$56,000 to $99,999",concern_mean,44.733
Social justice,income,"$56,000 to $99,999",distrust_post,58.4
Social justice,income,"$56,000 to $99,999",donation_ams,4.6
Social justice,income,"$56,000 to $99,999",funding_perceptions,22.8
Social justice,income,"$56,000 to $99,999",inst_trust_mean,48.76
Social justice,income,"$56,000 to $99,999",newsletter_signup,0.2
Social justice,income,"$56,000 to $99,999",policy_general,45
Social justice,income,"$56,000 to $99,999",policy_role_mean,48.5
Social justice,income,"$56,000 to $99,999",policy_specific_mean,47.829
Social justice,income,"$56,000 to $99,999",trust_multidimensional,52.167
Social justice,income,"$56,000 to $99,999",trust_post,41.6
Social justice,income,"$100,000 to $167,999",behavior_mean,51.176
Social justice,income,"$100,000 to $167,999",belief_post,51.471
Social justice,income,"$100,000 to $167,999",concern_mean,43.961
Social justice,income,"$100,000 to $167,999",distrust_post,44
Social justice,income,"$100,000 to $167,999",donation_ams,4.765
Social justice,income,"$100,000 to $167,999",funding_perceptions,46.588
Social justice,income,"$100,000 to $167,999",inst_trust_mean,47.976
Social justice,income,"$100,000 to $167,999",newsletter_signup,0.412
Social justice,income,"$100,000 to $167,999",policy_general,57.588
Social justice,income,"$100,000 to $167,999",policy_role_mean,48.015
Social justice,income,"$100,000 to $167,999",policy_specific_mean,51.008
Social justice,income,"$100,000 to $167,999",trust_multidimensional,52.417
Social justice,income,"$100,000 to $167,999",trust_post,51.059
Social justice,income,"$168,000 or more",behavior_mean,58.188
Social justice,income,"$168,000 or more",belief_post,40.125
Social justice,income,"$168,000 or more",concern_mean,52.708
Social justice,income,"$168,000 or more",distrust_post,48.75
Social justice,income,"$168,000 or more",donation_ams,3.375
Social justice,income,"$168,000 or more",funding_perceptions,60.5
Social justice,income,"$168,000 or more",inst_trust_mean,48.175
Social justice,income,"$168,000 or more",newsletter_signup,0
Social justice,income,"$168,000 or more",policy_general,52.125
Social justice,income,"$168,000 or more",policy_role_mean,45.594
Social justice,income,"$168,000 or more",policy_specific_mean,54.821
Social justice,income,"$168,000 or more",trust_multidimensional,56.083
Social justice,income,"$168,000 or more",trust_post,73.875
Interview Prof. Maraun,income,"Less than $30,000",behavior_mean,53.346
Interview Prof. Maraun,income,"Less than $30,000",belief_post,51.462
Interview Prof. Maraun,income,"Less than $30,000",concern_mean,49.436
Interview Prof. Maraun,income,"Less than $30,000",distrust_post,50.538
Interview Prof. Maraun,income,"Less than $30,000",donation_ams,3.538
Interview Prof. Maraun,income,"Less than $30,000",funding_perceptions,56.231
Interview Prof. Maraun,income,"Less than $30,000",inst_trust_mean,54.446
Interview Prof. Maraun,income,"Less than $30,000",newsletter_signup,0.308
Interview Prof. Maraun,income,"Less than $30,000",policy_general,58.231
Interview Prof. Maraun,income,"Less than $30,000",policy_role_mean,49.846
Interview Prof. Maraun,income,"Less than $30,000",policy_specific_mean,45.22
Interview Prof. Maraun,income,"Less than $30,000",trust_multidimensional,50.276
Interview Prof. Maraun,income,"Less than $30,000",trust_post,46.769
Interview Prof. Maraun,income,"$30,000 to $55,999",behavior_mean,52.222
Interview Prof. Maraun,income,"$30,000 to $55,999",belief_post,48.889
Interview Prof. Maraun,income,"$30,000 to $55,999",concern_mean,51.444
Interview Prof. Maraun,income,"$30,000 to $55,999",distrust_post,54.778
Interview Prof. Maraun,income,"$30,000 to $55,999",donation_ams,4.111
Interview Prof. Maraun,income,"$30,000 to $55,999",funding_perceptions,40.556
Interview Prof. Maraun,income,"$30,000 to $55,999",inst_trust_mean,56.844
Interview Prof. Maraun,income,"$30,000 to $55,999",newsletter_signup,0.333
Interview Prof. Maraun,income,"$30,000 to $55,999",policy_general,40.556
Interview Prof. Maraun,income,"$30,000 to $55,999",policy_role_mean,49.833
Interview Prof. Maraun,income,"$30,000 to $55,999",policy_specific_mean,53.476
Interview Prof. Maraun,income,"$30,000 to $55,999",trust_multidimensional,51.704
Interview Prof. Maraun,income,"$30,000 to $55,999",trust_post,46
Interview Prof. Maraun,income,"$56,000 to $99,999",behavior_mean,53.095
Interview Prof. Maraun,income,"$56,000 to $99,999",belief_post,59.429
Interview Prof. Maraun,income,"$56,000 to $99,999",concern_mean,48.262
Interview Prof. Maraun,income,"$56,000 to $99,999",distrust_post,42.214
Interview Prof. Maraun,income,"$56,000 to $99,999",donation_ams,6.214
Interview Prof. Maraun,income,"$56,000 to $99,999",funding_perceptions,43.071
Interview Prof. Maraun,income,"$56,000 to $99,999",inst_trust_mean,53.014
Interview Prof. Maraun,income,"$56,000 to $99,999",newsletter_signup,0.071
Interview Prof. Maraun,income,"$56,000 to $99,999",policy_general,42.929
Interview Prof. Maraun,income,"$56,000 to $99,999",policy_role_mean,53.339
Interview Prof. Maraun,income,"$56,000 to $99,999",policy_specific_mean,48.092
Interview Prof. Maraun,income,"$56,000 to $99,999",trust_multidimensional,51.554
Interview Prof. Maraun,income,"$56,000 to $99,999",trust_post,49.429
Interview Prof. Maraun,income,"$100,000 to $167,999",behavior_mean,47.712
Interview Prof. Maraun,income,"$100,000 to $167,999",belief_post,61
Interview Prof. Maraun,income,"$100,000 to $167,999",concern_mean,50.091
Interview Prof. Maraun,income,"$100,000 to $167,999",distrust_post,57.182
Interview Prof. Maraun,income,"$100,000 to $167,999",donation_ams,6.636
Interview Prof. Maraun,income,"$100,000 to $167,999",funding_perceptions,68.091
Interview Prof. Maraun,income,"$100,000 to $167,999",inst_trust_mean,48.4
Interview Prof. Maraun,income,"$100,000 to $167,999",newsletter_signup,0.182
Interview Prof. Maraun,income,"$100,000 to $167,999",policy_general,61.636
Interview Prof. Maraun,income,"$100,000 to $167,999",policy_role_mean,45.386
Interview Prof. Maraun,income,"$100,000 to $167,999",policy_specific_mean,51.701
Interview Prof. Maraun,income,"$100,000 to $167,999",trust_multidimensional,50.318
Interview Prof. Maraun,income,"$100,000 to $167,999",trust_post,51.364
Interview Prof. Maraun,income,"$168,000 or more",behavior_mean,49.41
Interview Prof. Maraun,income,"$168,000 or more",belief_post,38.077
Interview Prof. Maraun,income,"$168,000 or more",concern_mean,49.718
Interview Prof. Maraun,income,"$168,000 or more",distrust_post,54
Interview Prof. Maraun,income,"$168,000 or more",donation_ams,4.615
Interview Prof. Maraun,income,"$168,000 or more",funding_perceptions,44.692
Interview Prof. Maraun,income,"$168,000 or more",inst_trust_mean,50.954
Interview Prof. Maraun,income,"$168,000 or more",newsletter_signup,0
Interview Prof. Maraun,income,"$168,000 or more",policy_general,49.231
Interview Prof. Maraun,income,"$168,000 or more",policy_role_mean,53.308
Interview Prof. Maraun,income,"$168,000 or more",policy_specific_mean,52.527
Interview Prof. Maraun,income,"$168,000 or more",trust_multidimensional,49.179
Interview Prof. Maraun,income,"$168,000 or more",trust_post,43.538
Funding,income,"Less than $30,000",behavior_mean,48.19
Funding,income,"Less than $30,000",belief_post,45.571
Funding,income,"Less than $30,000",concern_mean,44.333
Funding,income,"Less than $30,000",distrust_post,42.429
Funding,income,"Less than $30,000",donation_ams,4.571
Funding,income,"Less than $30,000",funding_perceptions,50.571
Funding,income,"Less than $30,000",inst_trust_mean,38.114
Funding,income,"Less than $30,000",newsletter_signup,0.286
Funding,income,"Less than $30,000",policy_general,47.429
Funding,income,"Less than $30,000",policy_role_mean,48.393
Funding,income,"Less than $30,000",policy_specific_mean,47.673
Funding,income,"Less than $30,000",trust_multidimensional,57.952
Funding,income,"Less than $30,000",trust_post,36.857
Funding,income,"$30,000 to $55,999",behavior_mean,50.683
Funding,income,"$30,000 to $55,999",belief_post,40.6
Funding,income,"$30,000 to $55,999",concern_mean,44.433
Funding,income,"$30,000 to $55,999",distrust_post,57.5
Funding,income,"$30,000 to $55,999",donation_ams,5.3
Funding,income,"$30,000 to $55,999",funding_perceptions,55.2
Funding,income,"$30,000 to $55,999",inst_trust_mean,45.44
Funding,income,"$30,000 to $55,999",newsletter_signup,0.1
Funding,income,"$30,000 to $55,999",policy_general,45.5
Funding,income,"$30,000 to $55,999",policy_role_mean,52.225
Funding,income,"$30,000 to $55,999",policy_specific_mean,52.343
Funding,income,"$30,000 to $55,999",trust_multidimensional,49.642
Funding,income,"$30,000 to $55,999",trust_post,43.3
Funding,income,"$56,000 to $99,999",behavior_mean,49.803
Funding,income,"$56,000 to $99,999",belief_post,59.136
Funding,income,"$56,000 to $99,999",concern_mean,49.864
Funding,income,"$56,000 to $99,999",distrust_post,52.682
Funding,income,"$56,000 to $99,999",donation_ams,5.045
Funding,income,"$56,000 to $99,999",funding_perceptions,53.182
Funding,income,"$56,000 to $99,999",inst_trust_mean,51.355
Funding,income,"$56,000 to $99,999",newsletter_signup,0.273
Funding,income,"$56,000 to $99,999",policy_general,45.864
Funding,income,"$56,000 to $99,999",policy_role_mean,49.705
Funding,income,"$56,000 to $99,999",policy_specific_mean,51.026
Funding,income,"$56,000 to $99,999",trust_multidimensional,51.049
Funding,income,"$56,000 to $99,999",trust_post,50.545
Funding,income,"$100,000 to $167,999",behavior_mean,52.167
Funding,income,"$100,000 to $167,999",belief_post,61.143
Funding,income,"$100,000 to $167,999",concern_mean,51.19
Funding,income,"$100,000 to $167,999",distrust_post,48
Funding,income,"$100,000 to $167,999",donation_ams,4.571
Funding,income,"$100,000 to $167,999",funding_perceptions,50.286
Funding,income,"$100,000 to $167,999",inst_trust_mean,54
Funding,income,"$100,000 to $167,999",newsletter_signup,0.143
Funding,income,"$100,000 to $167,999",policy_general,47
Funding,income,"$100,000 to $167,999",policy_role_mean,55.857
Funding,income,"$100,000 to $167,999",policy_specific_mean,44.612
Funding,income,"$100,000 to $167,999",trust_multidimensional,53.833
Funding,income,"$100,000 to $167,999",trust_post,44.857
Funding,income,"$168,000 or more",behavior_mean,50.381
Funding,income,"$168,000 or more",belief_post,56.5
Funding,income,"$168,000 or more",concern_mean,52.31
Funding,income,"$168,000 or more",distrust_post,61.714
Funding,income,"$168,000 or more",donation_ams,6.714
Funding,income,"$168,000 or more",funding_perceptions,53.143
Funding,income,"$168,000 or more",inst_trust_mean,48.6
Funding,income,"$168,000 or more",newsletter_signup,0.143
Funding,income,"$168,000 or more",policy_general,54.643
Funding,income,"$168,000 or more",policy_role_mean,49.339
Funding,income,"$168,000 or more",policy_specific_mean,54.408
Funding,income,"$168,000 or more",trust_multidimensional,51.786
Funding,income,"$168,000 or more",trust_post,56.143
Oil industry misinformation,income,"Less than $30,000",behavior_mean,44.85
Oil industry misinformation,income,"Less than $30,000",belief_post,44.8
Oil industry misinformation,income,"Less than $30,000",concern_mean,53.933
Oil industry misinformation,income,"Less than $30,000",distrust_post,61.6
Oil industry misinformation,income,"Less than $30,000",donation_ams,4
Oil industry misinformation,income,"Less than $30,000",funding_perceptions,48.8
Oil industry misinformation,income,"Less than $30,000",inst_trust_mean,48.08
Oil industry misinformation,income,"Less than $30,000",newsletter_signup,0.1
Oil industry misinformation,income,"Less than $30,000",policy_general,58.8
Oil industry misinformation,income,"Less than $30,000",policy_role_mean,47.675
Oil industry misinformation,income,"Less than $30,000",policy_specific_mean,47.586
Oil industry misinformation,income,"Less than $30,000",trust_multidimensional,49.642
Oil industry misinformation,income,"Less than $30,000",trust_post,50.9
Oil industry misinformation,income,"$30,000 to $55,999",behavior_mean,51.373
Oil industry misinformation,income,"$30,000 to $55,999",belief_post,54.059
Oil industry misinformation,income,"$30,000 to $55,999",concern_mean,52.078
Oil industry misinformation,income,"$30,000 to $55,999",distrust_post,56.706
Oil industry misinformation,income,"$30,000 to $55,999",donation_ams,6.059
Oil industry misinformation,income,"$30,000 to $55,999",funding_perceptions,57.941
Oil industry misinformation,income,"$30,000 to $55,999",inst_trust_mean,42.694
Oil industry misinformation,income,"$30,000 to $55,999",newsletter_signup,0.176
Oil industry misinformation,income,"$30,000 to $55,999",policy_general,51.647
Oil industry misinformation,income,"$30,000 to $55,999",policy_role_mean,47.324
Oil industry misinformation,income,"$30,000 to $55,999",policy_specific_mean,50.084
Oil industry misinformation,income,"$30,000 to $55,999",trust_multidimensional,45.426
Oil industry misinformation,income,"$30,000 to $55,999",trust_post,42.412
Oil industry misinformation,income,"$56,000 to $99,999",behavior_mean,45.152
Oil industry misinformation,income,"$56,000 to $99,999",belief_post,38.727
Oil industry misinformation,income,"$56,000 to $99,999",concern_mean,47.788
Oil industry misinformation,income,"$56,000 to $99,999",distrust_post,51.545
Oil industry misinformation,income,"$56,000 to $99,999",donation_ams,3.818
Oil industry misinformation,income,"$56,000 to $99,999",funding_perceptions,42.545
Oil industry misinformation,income,"$56,000 to $99,999",inst_trust_mean,49.018
Oil industry misinformation,income,"$56,000 to $99,999",newsletter_signup,0.091
Oil industry misinformation,income,"$56,000 to $99,999",policy_general,44.727
Oil industry misinformation,income,"$56,000 to $99,999",policy_role_mean,47.568
Oil industry misinformation,income,"$56,000 to $99,999",policy_specific_mean,48.416
Oil industry misinformation,income,"$56,000 to $99,999",trust_multidimensional,47.985
Oil industry misinformation,income,"$56,000 to $99,999",trust_post,57.182
Oil industry misinformation,income,"$100,000 to $167,999",behavior_mean,48.379
Oil industry misinformation,income,"$100,000 to $167,999",belief_post,52.455
Oil industry misinformation,income,"$100,000 to $167,999",concern_mean,52.818
Oil industry misinformation,income,"$100,000 to $167,999",distrust_post,56.273
Oil industry misinformation,income,"$100,000 to $167,999",donation_ams,4.727
Oil industry misinformation,income,"$100,000 to $167,999",funding_perceptions,48.455
Oil industry misinformation,income,"$100,000 to $167,999",inst_trust_mean,46.345
Oil industry misinformation,income,"$100,000 to $167,999",newsletter_signup,0.273
Oil industry misinformation,income,"$100,000 to $167,999",policy_general,46.364
Oil industry misinformation,income,"$100,000 to $167,999",policy_role_mean,51.364
Oil industry misinformation,income,"$100,000 to $167,999",policy_specific_mean,52.429
Oil industry misinformation,income,"$100,000 to $167,999",trust_multidimensional,51.258
Oil industry misinformation,income,"$100,000 to $167,999",trust_post,59.818
Oil industry misinformation,income,"$168,000 or more",behavior_mean,48.985
Oil industry misinformation,income,"$168,000 or more",belief_post,43.364
Oil industry misinformation,income,"$168,000 or more",concern_mean,44.636
Oil industry misinformation,income,"$168,000 or more",distrust_post,60.545
Oil industry misinformation,income,"$168,000 or more",donation_ams,3.364
Oil industry misinformation,income,"$168,000 or more",funding_perceptions,45.364
Oil industry misinformation,income,"$168,000 or more",inst_trust_mean,49.873
Oil industry misinformation,income,"$168,000 or more",newsletter_signup,0.091
Oil industry misinformation,income,"$168,000 or more",policy_general,41.636
Oil industry misinformation,income,"$168,000 or more",policy_role_mean,44
Oil industry misinformation,income,"$168,000 or more",policy_specific_mean,52.039
Oil industry misinformation,income,"$168,000 or more",trust_multidimensional,47.432
Oil industry misinformation,income,"$168,000 or more",trust_post,39.091
Measurement & modeling (1),income,"Less than $30,000",behavior_mean,46.528
Measurement & modeling (1),income,"Less than $30,000",belief_post,43.333
Measurement & modeling (1),income,"Less than $30,000",concern_mean,50.806
Measurement & modeling (1),income,"Less than $30,000",distrust_post,43
Measurement & modeling (1),income,"Less than $30,000",donation_ams,5.833
Measurement & modeling (1),income,"Less than $30,000",funding_perceptions,41.25
Measurement & modeling (1),income,"Less than $30,000",inst_trust_mean,47.5
Measurement & modeling (1),income,"Less than $30,000",newsletter_signup,0.167
Measurement & modeling (1),income,"Less than $30,000",policy_general,50.417
Measurement & modeling (1),income,"Less than $30,000",policy_role_mean,54.854
Measurement & modeling (1),income,"Less than $30,000",policy_specific_mean,52.976
Measurement & modeling (1),income,"Less than $30,000",trust_multidimensional,48.653
Measurement & modeling (1),income,"Less than $30,000",trust_post,59.667
Measurement & modeling (1),income,"$30,000 to $55,999",behavior_mean,44.397
Measurement & modeling (1),income,"$30,000 to $55,999",belief_post,61.154
Measurement & modeling (1),income,"$30,000 to $55,999",concern_mean,48.974
Measurement & modeling (1),income,"$30,000 to $55,999",distrust_post,56.615
Measurement & modeling (1),income,"$30,000 to $55,999",donation_ams,7.308
Measurement & modeling (1),income,"$30,000 to $55,999",funding_perceptions,51.462
Measurement & modeling (1),income,"$30,000 to $55,999",inst_trust_mean,50.554
Measurement & modeling (1),income,"$30,000 to $55,999",newsletter_signup,0.308
Measurement & modeling (1),income,"$30,000 to $55,999",policy_general,48.231
Measurement & modeling (1),income,"$30,000 to $55,999",policy_role_mean,51.385
Measurement & modeling (1),income,"$30,000 to $55,999",policy_specific_mean,50.352
Measurement & modeling (1),income,"$30,000 to $55,999",trust_multidimensional,48.013
Measurement & modeling (1),income,"$30,000 to $55,999",trust_post,33.692
Measurement & modeling (1),income,"$56,000 to $99,999",behavior_mean,47.405
Measurement & modeling (1),income,"$56,000 to $99,999",belief_post,45.429
Measurement & modeling (1),income,"$56,000 to $99,999",concern_mean,45.238
Measurement & modeling (1),income,"$56,000 to $99,999",distrust_post,44.071
Measurement & modeling (1),income,"$56,000 to $99,999",donation_ams,4.571
Measurement & modeling (1),income,"$56,000 to $99,999",funding_perceptions,64
Measurement & modeling (1),income,"$56,000 to $99,999",inst_trust_mean,48.943
Measurement & modeling (1),income,"$56,000 to $99,999",newsletter_signup,0.286
Measurement & modeling (1),income,"$56,000 to $99,999",policy_general,53.429
Measurement & modeling (1),income,"$56,000 to $99,999",policy_role_mean,45.857
Measurement & modeling (1),income,"$56,000 to $99,999",policy_specific_mean,48.143
Measurement & modeling (1),income,"$56,000 to $99,999",trust_multidimensional,50.327
Measurement & modeling (1),income,"$56,000 to $99,999",trust_post,38.429
Measurement & modeling (1),income,"$100,000 to $167,999",behavior_mean,52.619
Measurement & modeling (1),income,"$100,000 to $167,999",belief_post,44.143
Measurement & modeling (1),income,"$100,000 to $167,999",concern_mean,46.952
Measurement & modeling (1),income,"$100,000 to $167,999",distrust_post,62.714
Measurement & modeling (1),income,"$100,000 to $167,999",donation_ams,5.286
Measurement & modeling (1),income,"$100,000 to $167,999",funding_perceptions,18.286
Measurement & modeling (1),income,"$100,000 to $167,999",inst_trust_mean,48.771
Measurement & modeling (1),income,"$100,000 to $167,999",newsletter_signup,0.286
Measurement & modeling (1),income,"$100,000 to $167,999",policy_general,70.143
Measurement & modeling (1),income,"$100,000 to $167,999",policy_role_mean,44.75
Measurement & modeling (1),income,"$100,000 to $167,999",policy_specific_mean,56.122
Measurement & modeling (1),income,"$100,000 to $167,999",trust_multidimensional,45.56
Measurement & modeling (1),income,"$100,000 to $167,999",trust_post,54.571
Measurement & modeling (1),income,"$168,000 or more",behavior_mean,49.869
Measurement & modeling (1),income,"$168,000 or more",belief_post,49.571
Measurement & modeling (1),income,"$168,000 or more",concern_mean,53.048
Measurement & modeling (1),income,"$168,000 or more",distrust_post,54.857
Measurement & modeling (1),income,"$168,000 or more",donation_ams,6.643
Measurement & modeling (1),income,"$168,000 or more",funding_perceptions,42.786
Measurement & modeling (1),income,"$168,000 or more",inst_trust_mean,51.171
Measurement & modeling (1),income,"$168,000 or more",newsletter_signup,0.357
Measurement & modeling (1),income,"$168,000 or more",policy_general,43.571
Measurement & modeling (1),income,"$168,000 or more",policy_role_mean,44.75
Measurement & modeling (1),income,"$168,000 or more",policy_specific_mean,52.745
Measurement & modeling (1),income,"$168,000 or more",trust_multidimensional,48.601
Measurement & modeling (1),income,"$168,000 or more",trust_post,53.786
Former skeptics,income,"Less than $30,000",behavior_mean,48.136
Former skeptics,income,"Less than $30,000",belief_post,50.909
Former skeptics,income,"Less than $30,000",concern_mean,48.424
Former skeptics,income,"Less than $30,000",distrust_post,45.364
Former skeptics,income,"Less than $30,000",donation_ams,4.818
Former skeptics,income,"Less than $30,000",funding_perceptions,45.091
Former skeptics,income,"Less than $30,000",inst_trust_mean,56.018
Former skeptics,income,"Less than $30,000",newsletter_signup,0.091
Former skeptics,income,"Less than $30,000",policy_general,62.545
Former skeptics,income,"Less than $30,000",policy_role_mean,45.341
Former skeptics,income,"Less than $30,000",policy_specific_mean,49.961
Former skeptics,income,"Less than $30,000",trust_multidimensional,48.326
Former skeptics,income,"Less than $30,000",trust_post,41.455
Former skeptics,income,"$30,000 to $55,999",behavior_mean,50.611
Former skeptics,income,"$30,000 to $55,999",belief_post,81.833
Former skeptics,income,"$30,000 to $55,999",concern_mean,60.111
Former skeptics,income,"$30,000 to $55,999",distrust_post,29.167
Former skeptics,income,"$30,000 to $55,999",donation_ams,5.833
Former skeptics,income,"$30,000 to $55,999",funding_perceptions,46.5
Former skeptics,income,"$30,000 to $55,999",inst_trust_mean,53
Former skeptics,income,"$30,000 to $55,999",newsletter_signup,0.167
Former skeptics,income,"$30,000 to $55,999",policy_general,39.333
Former skeptics,income,"$30,000 to $55,999",policy_role_mean,47.625
Former skeptics,income,"$30,000 to $55,999",policy_specific_mean,55.952
Former skeptics,income,"$30,000 to $55,999",trust_multidimensional,56.472
Former skeptics,income,"$30,000 to $55,999",trust_post,49.5
Former skeptics,income,"$56,000 to $99,999",behavior_mean,48.244
Former skeptics,income,"$56,000 to $99,999",belief_post,43.615
Former skeptics,income,"$56,000 to $99,999",concern_mean,41.641
Former skeptics,income,"$56,000 to $99,999",distrust_post,57.385
Former skeptics,income,"$56,000 to $99,999",donation_ams,5.154
Former skeptics,income,"$56,000 to $99,999",funding_perceptions,39.769
Former skeptics,income,"$56,000 to $99,999",inst_trust_mean,46.8
Former skeptics,income,"$56,000 to $99,999",newsletter_signup,0.154
Former skeptics,income,"$56,000 to $99,999",policy_general,62.923
Former skeptics,income,"$56,000 to $99,999",policy_role_mean,49.577
Former skeptics,income,"$56,000 to $99,999",policy_specific_mean,49.44
Former skeptics,income,"$56,000 to $99,999",trust_multidimensional,46.705
Former skeptics,income,"$56,000 to $99,999",trust_post,63.231
Former skeptics,income,"$100,000 to $167,999",behavior_mean,52.073
Former skeptics,income,"$100,000 to $167,999",belief_post,49.75
Former skeptics,income,"$100,000 to $167,999",concern_mean,51.896
Former skeptics,income,"$100,000 to $167,999",distrust_post,49.062
Former skeptics,income,"$100,000 to $167,999",donation_ams,5.312
Former skeptics,income,"$100,000 to $167,999",funding_perceptions,44.438
Former skeptics,income,"$100,000 to $167,999",inst_trust_mean,49.812
Former skeptics,income,"$100,000 to $167,999",newsletter_signup,0.312
Former skeptics,income,"$100,000 to $167,999",policy_general,54.188
Former skeptics,income,"$100,000 to $167,999",policy_role_mean,54.188
Former skeptics,income,"$100,000 to $167,999",policy_specific_mean,47.884
Former skeptics,income,"$100,000 to $167,999",trust_multidimensional,48.583
Former skeptics,income,"$100,000 to $167,999",trust_post,56.812
Former skeptics,income,"$168,000 or more",behavior_mean,51
Former skeptics,income,"$168,000 or more",belief_post,39.571
Former skeptics,income,"$168,000 or more",concern_mean,45.286
Former skeptics,income,"$168,000 or more",distrust_post,47.929
Former skeptics,income,"$168,000 or more",donation_ams,5.286
Former skeptics,income,"$168,000 or more",funding_perceptions,47.429
Former skeptics,income,"$168,000 or more",inst_trust_mean,51.629
Former skeptics,income,"$168,000 or more",newsletter_signup,0.357
Former skeptics,income,"$168,000 or more",policy_general,38.643
Former skeptics,income,"$168,000 or more",policy_role_mean,45.946
Former skeptics,income,"$168,000 or more",policy_specific_mean,46.592
Former skeptics,income,"$168,000 or more",trust_multidimensional,50.524
Former skeptics,income,"$168,000 or more",trust_post,50.357
High public trust,income,"Less than $30,000",behavior_mean,46.218
High public trust,income,"Less than $30,000",belief_post,56.923
High public trust,income,"Less than $30,000",concern_mean,49.513
High public trust,income,"Less than $30,000",distrust_post,41.077
High public trust,income,"Less than $30,000",donation_ams,4.231
High public trust,income,"Less than $30,000",funding_perceptions,51.692
High public trust,income,"Less than $30,000",inst_trust_mean,46.631
High public trust,income,"Less than $30,000",newsletter_signup,0.462
High public trust,income,"Less than $30,000",policy_general,63.385
High public trust,income,"Less than $30,000",policy_role_mean,53.904
High public trust,income,"Less than $30,000",policy_specific_mean,47.275
High public trust,income,"Less than $30,000",trust_multidimensional,45.712
High public trust,income,"Less than $30,000",trust_post,60.462
High public trust,income,"$30,000 to $55,999",behavior_mean,46.104
High public trust,income,"$30,000 to $55,999",belief_post,59.062
High public trust,income,"$30,000 to $55,999",concern_mean,56.792
High public trust,income,"$30,000 to $55,999",distrust_post,51.062
High public trust,income,"$30,000 to $55,999",donation_ams,4.75
High public trust,income,"$30,000 to $55,999",funding_perceptions,44.375
High public trust,income,"$30,000 to $55,999",inst_trust_mean,48.65
High public trust,income,"$30,000 to $55,999",newsletter_signup,0.188
High public trust,income,"$30,000 to $55,999",policy_general,50.25
High public trust,income,"$30,000 to $55,999",policy_role_mean,45.625
High public trust,income,"$30,000 to $55,999",policy_specific_mean,55.688
High public trust,income,"$30,000 to $55,999",trust_multidimensional,51.651
High public trust,income,"$30,000 to $55,999",trust_post,43.188
High public trust,income,"$56,000 to $99,999",behavior_mean,57.444
High public trust,income,"$56,000 to $99,999",belief_post,68.333
High public trust,income,"$56,000 to $99,999",concern_mean,55.556
High public trust,income,"$56,000 to $99,999",distrust_post,66.667
High public trust,income,"$56,000 to $99,999",donation_ams,4.333
High public trust,income,"$56,000 to $99,999",funding_perceptions,54.5
High public trust,income,"$56,000 to $99,999",inst_trust_mean,61.467
High public trust,income,"$56,000 to $99,999",newsletter_signup,0
High public trust,income,"$56,000 to $99,999",policy_general,62.167
High public trust,income,"$56,000 to $99,999",policy_role_mean,56.583
High public trust,income,"$56,000 to $99,999",policy_specific_mean,50.667
High public trust,income,"$56,000 to $99,999",trust_multidimensional,47.139
High public trust,income,"$56,000 to $99,999",trust_post,64
High public trust,income,"$100,000 to $167,999",behavior_mean,50.726
High public trust,income,"$100,000 to $167,999",belief_post,52.214
High public trust,income,"$100,000 to $167,999",concern_mean,51.19
High public trust,income,"$100,000 to $167,999",distrust_post,62.643
High public trust,income,"$100,000 to $167,999",donation_ams,6.071
High public trust,income,"$100,000 to $167,999",funding_perceptions,49.714
High public trust,income,"$100,000 to $167,999",inst_trust_mean,54.757
High public trust,income,"$100,000 to $167,999",newsletter_signup,0.357
High public trust,income,"$100,000 to $167,999",policy_general,51.214
High public trust,income,"$100,000 to $167,999",policy_role_mean,45.482
High public trust,income,"$100,000 to $167,999",policy_specific_mean,50.378
High public trust,income,"$100,000 to $167,999",trust_multidimensional,49.095
High public trust,income,"$100,000 to $167,999",trust_post,51.357
High public trust,income,"$168,000 or more",behavior_mean,49.53
High public trust,income,"$168,000 or more",belief_post,49.455
High public trust,income,"$168,000 or more",concern_mean,48.515
High public trust,income,"$168,000 or more",distrust_post,48.909
High public trust,income,"$168,000 or more",donation_ams,4.727
High public trust,income,"$168,000 or more",funding_perceptions,53.818
High public trust,income,"$168,000 or more",inst_trust_mean,48.582
High public trust,income,"$168,000 or more",newsletter_signup,0.273
High public trust,income,"$168,000 or more",policy_general,49.727
High public trust,income,"$168,000 or more",policy_role_mean,45.5
High public trust,income,"$168,000 or more",policy_specific_mean,51.87
High public trust,income,"$168,000 or more",trust_multidimensional,51.977
High public trust,income,"$168,000 or more",trust_post,52.818
Measurement & modeling (2),income,"Less than $30,000",behavior_mean,48.967
Measurement & modeling (2),income,"Less than $30,000",belief_post,51
Measurement & modeling (2),income,"Less than $30,000",concern_mean,39.1
Measurement & modeling (2),income,"Less than $30,000",distrust_post,56.2
Measurement & modeling (2),income,"Less than $30,000",donation_ams,4.8
Measurement & modeling (2),income,"Less than $30,000",funding_perceptions,45.8
Measurement & modeling (2),income,"Less than $30,000",inst_trust_mean,50.06
Measurement & modeling (2),income,"Less than $30,000",newsletter_signup,0.1
Measurement & modeling (2),income,"Less than $30,000",policy_general,55.2
Measurement & modeling (2),income,"Less than $30,000",policy_role_mean,52.225
Measurement & modeling (2),income,"Less than $30,000",policy_specific_mean,46.571
Measurement & modeling (2),income,"Less than $30,000",trust_multidimensional,52.3
Measurement & modeling (2),income,"Less than $30,000",trust_post,50.4
Measurement & modeling (2),income,"$30,000 to $55,999",behavior_mean,50.577
Measurement & modeling (2),income,"$30,000 to $55,999",belief_post,52.231
Measurement & modeling (2),income,"$30,000 to $55,999",concern_mean,50.282
Measurement & modeling (2),income,"$30,000 to $55,999",distrust_post,56.308
Measurement & modeling (2),income,"$30,000 to $55,999",donation_ams,4.846
Measurement & modeling (2),income,"$30,000 to $55,999",funding_perceptions,56.154
Measurement & modeling (2),income,"$30,000 to $55,999",inst_trust_mean,55.292
Measurement & modeling (2),income,"$30,000 to $55,999",newsletter_signup,0.308
Measurement & modeling (2),income,"$30,000 to $55,999",policy_general,47.615
Measurement & modeling (2),income,"$30,000 to $55,999",policy_role_mean,48.154
Measurement & modeling (2),income,"$30,000 to $55,999",policy_specific_mean,44.714
Measurement & modeling (2),income,"$30,000 to $55,999",trust_multidimensional,49.244
Measurement & modeling (2),income,"$30,000 to $55,999",trust_post,40
Measurement & modeling (2),income,"$56,000 to $99,999",behavior_mean,52.361
Measurement & modeling (2),income,"$56,000 to $99,999",belief_post,46.833
Measurement & modeling (2),income,"$56,000 to $99,999",concern_mean,45.583
Measurement & modeling (2),income,"$56,000 to $99,999",distrust_post,51
Measurement & modeling (2),income,"$56,000 to $99,999",donation_ams,5.083
Measurement & modeling (2),income,"$56,000 to $99,999",funding_perceptions,36.25
Measurement & modeling (2),income,"$56,000 to $99,999",inst_trust_mean,54.783
Measurement & modeling (2),income,"$56,000 to $99,999",newsletter_signup,0.25
Measurement & modeling (2),income,"$56,000 to $99,999",policy_general,54.917
Measurement & modeling (2),income,"$56,000 to $99,999",policy_role_mean,49.25
Measurement & modeling (2),income,"$56,000 to $99,999",policy_specific_mean,55.012
Measurement & modeling (2),income,"$56,000 to $99,999",trust_multidimensional,50.278
Measurement & modeling (2),income,"$56,000 to $99,999",trust_post,68.75
Measurement & modeling (2),income,"$100,000 to $167,999",behavior_mean,55.91
Measurement & modeling (2),income,"$100,000 to $167,999",belief_post,46.154
Measurement & modeling (2),income,"$100,000 to $167,999",concern_mean,46.897
Measurement & modeling (2),income,"$100,000 to $167,999",distrust_post,57.615
Measurement & modeling (2),income,"$100,000 to $167,999",donation_ams,6.231
Measurement & modeling (2),income,"$100,000 to $167,999",funding_perceptions,56.923
Measurement & modeling (2),income,"$100,000 to $167,999",inst_trust_mean,51.677
Measurement & modeling (2),income,"$100,000 to $167,999",newsletter_signup,0.231
Measurement & modeling (2),income,"$100,000 to $167,999",policy_general,46
Measurement & modeling (2),income,"$100,000 to $167,999",policy_role_mean,48.635
Measurement & modeling (2),income,"$100,000 to $167,999",policy_specific_mean,57.011
Measurement & modeling (2),income,"$100,000 to $167,999",trust_multidimensional,47.519
Measurement & modeling (2),income,"$100,000 to $167,999",trust_post,60.769
Measurement & modeling (2),income,"$168,000 or more",behavior_mean,47.25
Measurement & modeling (2),income,"$168,000 or more",belief_post,48.167
Measurement & modeling (2),income,"$168,000 or more",concern_mean,55.333
Measurement & modeling (2),income,"$168,000 or more",distrust_post,35.167
Measurement & modeling (2),income,"$168,000 or more",donation_ams,3.75
Measurement & modeling (2),income,"$168,000 or more",funding_perceptions,52.333
Measurement & modeling (2),income,"$168,000 or more",inst_trust_mean,55
Measurement & modeling (2),income,"$168,000 or more",newsletter_signup,0.083
Measurement & modeling (2),income,"$168,000 or more",policy_general,57.333
Measurement & modeling (2),income,"$168,000 or more",policy_role_mean,51.75
Measurement & modeling (2),income,"$168,000 or more",policy_specific_mean,47.905
Measurement & modeling (2),income,"$168,000 or more",trust_multidimensional,48.653
Measurement & modeling (2),income,"$168,000 or more",trust_post,60.25
Peer-review,income,"Less than $30,000",behavior_mean,47.577
Peer-review,income,"Less than $30,000",belief_post,36.769
Peer-review,income,"Less than $30,000",concern_mean,48.667
Peer-review,income,"Less than $30,000",distrust_post,52.308
Peer-review,income,"Less than $30,000",donation_ams,5.462
Peer-review,income,"Less than $30,000",funding_perceptions,51.615
Peer-review,income,"Less than $30,000",inst_trust_mean,48.723
Peer-review,income,"Less than $30,000",newsletter_signup,0.385
Peer-review,income,"Less than $30,000",policy_general,52.385
Peer-review,income,"Less than $30,000",policy_role_mean,46.885
Peer-review,income,"Less than $30,000",policy_specific_mean,43.571
Peer-review,income,"Less than $30,000",trust_multidimensional,51.718
Peer-review,income,"Less than $30,000",trust_post,45.385
Peer-review,income,"$30,000 to $55,999",behavior_mean,41.208
Peer-review,income,"$30,000 to $55,999",belief_post,61.625
Peer-review,income,"$30,000 to $55,999",concern_mean,51.042
Peer-review,income,"$30,000 to $55,999",distrust_post,46.375
Peer-review,income,"$30,000 to $55,999",donation_ams,6.5
Peer-review,income,"$30,000 to $55,999",funding_perceptions,36.25
Peer-review,income,"$30,000 to $55,999",inst_trust_mean,48.475
Peer-review,income,"$30,000 to $55,999",newsletter_signup,0.125
Peer-review,income,"$30,000 to $55,999",policy_general,51.625
Peer-review,income,"$30,000 to $55,999",policy_role_mean,50.375
Peer-review,income,"$30,000 to $55,999",policy_specific_mean,46.821
Peer-review,income,"$30,000 to $55,999",trust_multidimensional,49.562
Peer-review,income,"$30,000 to $55,999",trust_post,36.125
Peer-review,income,"$56,000 to $99,999",behavior_mean,51.808
Peer-review,income,"$56,000 to $99,999",belief_post,47.769
Peer-review,income,"$56,000 to $99,999",concern_mean,41.128
Peer-review,income,"$56,000 to $99,999",distrust_post,42.077
Peer-review,income,"$56,000 to $99,999",donation_ams,3.462
Peer-review,income,"$56,000 to $99,999",funding_perceptions,51.923
Peer-review,income,"$56,000 to $99,999",inst_trust_mean,49.954
Peer-review,income,"$56,000 to $99,999",newsletter_signup,0.231
Peer-review,income,"$56,000 to $99,999",policy_general,39.538
Peer-review,income,"$56,000 to $99,999",policy_role_mean,48.346
Peer-review,income,"$56,000 to $99,999",policy_specific_mean,48.714
Peer-review,income,"$56,000 to $99,999",trust_multidimensional,48.942
Peer-review,income,"$56,000 to $99,999",trust_post,40.923
Peer-review,income,"$100,000 to $167,999",behavior_mean,52.426
Peer-review,income,"$100,000 to $167,999",belief_post,53.667
Peer-review,income,"$100,000 to $167,999",concern_mean,36.37
Peer-review,income,"$100,000 to $167,999",distrust_post,44.111
Peer-review,income,"$100,000 to $167,999",donation_ams,7.333
Peer-review,income,"$100,000 to $167,999",funding_perceptions,31.111
Peer-review,income,"$100,000 to $167,999",inst_trust_mean,56
Peer-review,income,"$100,000 to $167,999",newsletter_signup,0.111
Peer-review,income,"$100,000 to $167,999",policy_general,50.111
Peer-review,income,"$100,000 to $167,999",policy_role_mean,48.417
Peer-review,income,"$100,000 to $167,999",policy_specific_mean,54.206
Peer-review,income,"$100,000 to $167,999",trust_multidimensional,53.315
Peer-review,income,"$100,000 to $167,999",trust_post,48.333
Peer-review,income,"$168,000 or more",behavior_mean,52.088
Peer-review,income,"$168,000 or more",belief_post,56.059
Peer-review,income,"$168,000 or more",concern_mean,50.941
Peer-review,income,"$168,000 or more",distrust_post,51
Peer-review,income,"$168,000 or more",donation_ams,3.118
Peer-review,income,"$168,000 or more",funding_perceptions,53.824
Peer-review,income,"$168,000 or more",inst_trust_mean,45.576
Peer-review,income,"$168,000 or more",newsletter_signup,0.235
Peer-review,income,"$168,000 or more",policy_general,40.471
Peer-review,income,"$168,000 or more",policy_role_mean,48.471
Peer-review,income,"$168,000 or more",policy_specific_mean,48.647
Peer-review,income,"$168,000 or more",trust_multidimensional,50.691
Peer-review,income,"$168,000 or more",trust_post,56.176
Scientist community helpers,income,"Less than $30,000",behavior_mean,51.345
Scientist community helpers,income,"Less than $30,000",belief_post,40.786
Scientist community helpers,income,"Less than $30,000",concern_mean,51.976
Scientist community helpers,income,"Less than $30,000",distrust_post,50.786
Scientist community helpers,income,"Less than $30,000",donation_ams,6.357
Scientist community helpers,income,"Less than $30,000",funding_perceptions,52.714
Scientist community helpers,income,"Less than $30,000",inst_trust_mean,52.857
Scientist community helpers,income,"Less than $30,000",newsletter_signup,0.143
Scientist community helpers,income,"Less than $30,000",policy_general,44.857
Scientist community helpers,income,"Less than $30,000",policy_role_mean,49.464
Scientist community helpers,income,"Less than $30,000",policy_specific_mean,52.265
Scientist community helpers,income,"Less than $30,000",trust_multidimensional,51.119
Scientist community helpers,income,"Less than $30,000",trust_post,57.5
Scientist community helpers,income,"$30,000 to $55,999",behavior_mean,53.652
Scientist community helpers,income,"$30,000 to $55,999",belief_post,45.273
Scientist community helpers,income,"$30,000 to $55,999",concern_mean,48.788
Scientist community helpers,income,"$30,000 to $55,999",distrust_post,43.273
Scientist community helpers,income,"$30,000 to $55,999",donation_ams,3.727
Scientist community helpers,income,"$30,000 to $55,999",funding_perceptions,43.727
Scientist community helpers,income,"$30,000 to $55,999",inst_trust_mean,49.145
Scientist community helpers,income,"$30,000 to $55,999",newsletter_signup,0.182
Scientist community helpers,income,"$30,000 to $55,999",policy_general,47.182
Scientist community helpers,income,"$30,000 to $55,999",policy_role_mean,51.614
Scientist community helpers,income,"$30,000 to $55,999",policy_specific_mean,45.351
Scientist community helpers,income,"$30,000 to $55,999",trust_multidimensional,48.455
Scientist community helpers,income,"$30,000 to $55,999",trust_post,39
Scientist community helpers,income,"$56,000 to $99,999",behavior_mean,51.455
Scientist community helpers,income,"$56,000 to $99,999",belief_post,46.636
Scientist community helpers,income,"$56,000 to $99,999",concern_mean,43.545
Scientist community helpers,income,"$56,000 to $99,999",distrust_post,51
Scientist community helpers,income,"$56,000 to $99,999",donation_ams,6.455
Scientist community helpers,income,"$56,000 to $99,999",funding_perceptions,45.182
Scientist community helpers,income,"$56,000 to $99,999",inst_trust_mean,54.109
Scientist community helpers,income,"$56,000 to $99,999",newsletter_signup,0.182
Scientist community helpers,income,"$56,000 to $99,999",policy_general,47.091
Scientist community helpers,income,"$56,000 to $99,999",policy_role_mean,52.295
Scientist community helpers,income,"$56,000 to $99,999",policy_specific_mean,54.844
Scientist community helpers,income,"$56,000 to $99,999",trust_multidimensional,49.909
Scientist community helpers,income,"$56,000 to $99,999",trust_post,65.909
Scientist community helpers,income,"$100,000 to $167,999",behavior_mean,48.056
Scientist community helpers,income,"$100,000 to $167,999",belief_post,45.083
Scientist community helpers,income,"$100,000 to $167,999",concern_mean,42.417
Scientist community helpers,income,"$100,000 to $167,999",distrust_post,51.333
Scientist community helpers,income,"$100,000 to $167,999",donation_ams,4.917
Scientist community helpers,income,"$100,000 to $167,999",funding_perceptions,67.75
Scientist community helpers,income,"$100,000 to $167,999",inst_trust_mean,47.767
Scientist community helpers,income,"$100,000 to $167,999",newsletter_signup,0.333
Scientist community helpers,income,"$100,000 to $167,999",policy_general,46.583
Scientist community helpers,income,"$100,000 to $167,999",policy_role_mean,50.938
Scientist community helpers,income,"$100,000 to $167,999",policy_specific_mean,52.655
Scientist community helpers,income,"$100,000 to $167,999",trust_multidimensional,47.528
Scientist community helpers,income,"$100,000 to $167,999",trust_post,58.583
Scientist community helpers,income,"$168,000 or more",behavior_mean,53.875
Scientist community helpers,income,"$168,000 or more",belief_post,54.583
Scientist community helpers,income,"$168,000 or more",concern_mean,48.389
Scientist community helpers,income,"$168,000 or more",distrust_post,51.167
Scientist community helpers,income,"$168,000 or more",donation_ams,4.667
Scientist community helpers,income,"$168,000 or more",funding_perceptions,49.083
Scientist community helpers,income,"$168,000 or more",inst_trust_mean,44.233
Scientist community helpers,income,"$168,000 or more",newsletter_signup,0.167
Scientist community helpers,income,"$168,000 or more",policy_general,65.083
Scientist community helpers,income,"$168,000 or more",policy_role_mean,50.438
Scientist community helpers,income,"$168,000 or more",policy_specific_mean,43.048
Scientist community helpers,income,"$168,000 or more",trust_multidimensional,52.576
Scientist community helpers,income,"$168,000 or more",trust_post,47.583
Consensus,income,"Less than $30,000",behavior_mean,50.97
Consensus,income,"Less than $30,000",belief_post,48.455
Consensus,income,"Less than $30,000",concern_mean,48.364
Consensus,income,"Less than $30,000",distrust_post,46.545
Consensus,income,"Less than $30,000",donation_ams,5.545
Consensus,income,"Less than $30,000",funding_perceptions,58.455
Consensus,income,"Less than $30,000",inst_trust_mean,47.8
Consensus,income,"Less than $30,000",newsletter_signup,0.091
Consensus,income,"Less than $30,000",policy_general,40.818
Consensus,income,"Less than $30,000",policy_role_mean,47.818
Consensus,income,"Less than $30,000",policy_specific_mean,53.065
Consensus,income,"Less than $30,000",trust_multidimensional,50.917
Consensus,income,"Less than $30,000",trust_post,55.909
Consensus,income,"$30,000 to $55,999",behavior_mean,56.292
Consensus,income,"$30,000 to $55,999",belief_post,63.875
Consensus,income,"$30,000 to $55,999",concern_mean,42.958
Consensus,income,"$30,000 to $55,999",distrust_post,46.875
Consensus,income,"$30,000 to $55,999",donation_ams,6.125
Consensus,income,"$30,000 to $55,999",funding_perceptions,31.25
Consensus,income,"$30,000 to $55,999",inst_trust_mean,56.55
Consensus,income,"$30,000 to $55,999",newsletter_signup,0.125
Consensus,income,"$30,000 to $55,999",policy_general,33.875
Consensus,income,"$30,000 to $55,999",policy_role_mean,48.094
Consensus,income,"$30,000 to $55,999",policy_specific_mean,51.482
Consensus,income,"$30,000 to $55,999",trust_multidimensional,50.833
Consensus,income,"$30,000 to $55,999",trust_post,45.375
Consensus,income,"$56,000 to $99,999",behavior_mean,48.255
Consensus,income,"$56,000 to $99,999",belief_post,56.412
Consensus,income,"$56,000 to $99,999",concern_mean,51.706
Consensus,income,"$56,000 to $99,999",distrust_post,39.529
Consensus,income,"$56,000 to $99,999",donation_ams,5.882
Consensus,income,"$56,000 to $99,999",funding_perceptions,47.471
Consensus,income,"$56,000 to $99,999",inst_trust_mean,50.306
Consensus,income,"$56,000 to $99,999",newsletter_signup,0.118
Consensus,income,"$56,000 to $99,999",policy_general,49
Consensus,income,"$56,000 to $99,999",policy_role_mean,50.456
Consensus,income,"$56,000 to $99,999",policy_specific_mean,51.252
Consensus,income,"$56,000 to $99,999",trust_multidimensional,53.064
Consensus,income,"$56,000 to $99,999",trust_post,49.588
Consensus,income,"$100,000 to $167,999",behavior_mean,53.583
Consensus,income,"$100,000 to $167,999",belief_post,46.7
Consensus,income,"$100,000 to $167,999",concern_mean,50.9
Consensus,income,"$100,000 to $167,999",distrust_post,42.3
Consensus,income,"$100,000 to $167,999",donation_ams,4.9
Consensus,income,"$100,000 to $167,999",funding_perceptions,46.3
Consensus,income,"$100,000 to $167,999",inst_trust_mean,44.22
Consensus,income,"$100,000 to $167,999",newsletter_signup,0.2
Consensus,income,"$100,000 to $167,999",policy_general,43.5
Consensus,income,"$100,000 to $167,999",policy_role_mean,46.2
Consensus,income,"$100,000 to $167,999",policy_specific_mean,48.129
Consensus,income,"$100,000 to $167,999",trust_multidimensional,51.117
Consensus,income,"$100,000 to $167,999",trust_post,59.6
Consensus,income,"$168,000 or more",behavior_mean,49.107
Consensus,income,"$168,000 or more",belief_post,58.214
Consensus,income,"$168,000 or more",concern_mean,44.048
Consensus,income,"$168,000 or more",distrust_post,48.929
Consensus,income,"$168,000 or more",donation_ams,3.5
Consensus,income,"$168,000 or more",funding_perceptions,35.643
Consensus,income,"$168,000 or more",inst_trust_mean,49.971
Consensus,income,"$168,000 or more",newsletter_signup,0.5
Consensus,income,"$168,000 or more",policy_general,57.214
Consensus,income,"$168,000 or more",policy_role_mean,45.696
Consensus,income,"$168,000 or more",policy_specific_mean,52.173
Consensus,income,"$168,000 or more",trust_multidimensional,52.381
Consensus,income,"$168,000 or more",trust_post,50.5
Portrait Prof. Cherry,income,"Less than $30,000",behavior_mean,48.067
Portrait Prof. Cherry,income,"Less than $30,000",belief_post,58.467
Portrait Prof. Cherry,income,"Less than $30,000",concern_mean,45.356
Portrait Prof. Cherry,income,"Less than $30,000",distrust_post,43.867
Portrait Prof. Cherry,income,"Less than $30,000",donation_ams,4.067
Portrait Prof. Cherry,income,"Less than $30,000",funding_perceptions,41.867
Portrait Prof. Cherry,income,"Less than $30,000",inst_trust_mean,43.52
Portrait Prof. Cherry,income,"Less than $30,000",newsletter_signup,0.333
Portrait Prof. Cherry,income,"Less than $30,000",policy_general,58.333
Portrait Prof. Cherry,income,"Less than $30,000",policy_role_mean,50.083
Portrait Prof. Cherry,income,"Less than $30,000",policy_specific_mean,48.59
Portrait Prof. Cherry,income,"Less than $30,000",trust_multidimensional,46.7
Portrait Prof. Cherry,income,"Less than $30,000",trust_post,37.467
Portrait Prof. Cherry,income,"$30,000 to $55,999",behavior_mean,43.111
Portrait Prof. Cherry,income,"$30,000 to $55,999",belief_post,40.333
Portrait Prof. Cherry,income,"$30,000 to $55,999",concern_mean,48.278
Portrait Prof. Cherry,income,"$30,000 to $55,999",distrust_post,40.167
Portrait Prof. Cherry,income,"$30,000 to $55,999",donation_ams,5.167
Portrait Prof. Cherry,income,"$30,000 to $55,999",funding_perceptions,44.167
Portrait Prof. Cherry,income,"$30,000 to $55,999",inst_trust_mean,49.5
Portrait Prof. Cherry,income,"$30,000 to $55,999",newsletter_signup,0.167
Portrait Prof. Cherry,income,"$30,000 to $55,999",policy_general,48.833
Portrait Prof. Cherry,income,"$30,000 to $55,999",policy_role_mean,42.75
Portrait Prof. Cherry,income,"$30,000 to $55,999",policy_specific_mean,51.048
Portrait Prof. Cherry,income,"$30,000 to $55,999",trust_multidimensional,46.736
Portrait Prof. Cherry,income,"$30,000 to $55,999",trust_post,49.167
Portrait Prof. Cherry,income,"$56,000 to $99,999",behavior_mean,53.576
Portrait Prof. Cherry,income,"$56,000 to $99,999",belief_post,50.727
Portrait Prof. Cherry,income,"$56,000 to $99,999",concern_mean,50.364
Portrait Prof. Cherry,income,"$56,000 to $99,999",distrust_post,56.182
Portrait Prof. Cherry,income,"$56,000 to $99,999",donation_ams,5.455
Portrait Prof. Cherry,income,"$56,000 to $99,999",funding_perceptions,48.909
Portrait Prof. Cherry,income,"$56,000 to $99,999",inst_trust_mean,49.364
Portrait Prof. Cherry,income,"$56,000 to $99,999",newsletter_signup,0
Portrait Prof. Cherry,income,"$56,000 to $99,999",policy_general,55.909
Portrait Prof. Cherry,income,"$56,000 to $99,999",policy_role_mean,45.159
Portrait Prof. Cherry,income,"$56,000 to $99,999",policy_specific_mean,49.532
Portrait Prof. Cherry,income,"$56,000 to $99,999",trust_multidimensional,48.402
Portrait Prof. Cherry,income,"$56,000 to $99,999",trust_post,44.818
Portrait Prof. Cherry,income,"$100,000 to $167,999",behavior_mean,51.512
Portrait Prof. Cherry,income,"$100,000 to $167,999",belief_post,64
Portrait Prof. Cherry,income,"$100,000 to $167,999",concern_mean,51.595
Portrait Prof. Cherry,income,"$100,000 to $167,999",distrust_post,43.214
Portrait Prof. Cherry,income,"$100,000 to $167,999",donation_ams,5.929
Portrait Prof. Cherry,income,"$100,000 to $167,999",funding_perceptions,54.214
Portrait Prof. Cherry,income,"$100,000 to $167,999",inst_trust_mean,51.7
Portrait Prof. Cherry,income,"$100,000 to $167,999",newsletter_signup,0.286
Portrait Prof. Cherry,income,"$100,000 to $167,999",policy_general,59.929
Portrait Prof. Cherry,income,"$100,000 to $167,999",policy_role_mean,50.089
Portrait Prof. Cherry,income,"$100,000 to $167,999",policy_specific_mean,48.224
Portrait Prof. Cherry,income,"$100,000 to $167,999",trust_multidimensional,48.893
Portrait Prof. Cherry,income,"$100,000 to $167,999",trust_post,51.071
Portrait Prof. Cherry,income,"$168,000 or more",behavior_mean,49.083
Portrait Prof. Cherry,income,"$168,000 or more",belief_post,50.714
Portrait Prof. Cherry,income,"$168,000 or more",concern_mean,53.143
Portrait Prof. Cherry,income,"$168,000 or more",distrust_post,50.214
Portrait Prof. Cherry,income,"$168,000 or more",donation_ams,6.143
Portrait Prof. Cherry,income,"$168,000 or more",funding_perceptions,41.143
Portrait Prof. Cherry,income,"$168,000 or more",inst_trust_mean,49.143
Portrait Prof. Cherry,income,"$168,000 or more",newsletter_signup,0.214
Portrait Prof. Cherry,income,"$168,000 or more",policy_general,39.5
Portrait Prof. Cherry,income,"$168,000 or more",policy_role_mean,46.446
Portrait Prof. Cherry,income,"$168,000 or more",policy_specific_mean,53.061
Portrait Prof. Cherry,income,"$168,000 or more",trust_multidimensional,53.036
Portrait Prof. Cherry,income,"$168,000 or more",trust_post,47.714
Model accuracy,income,"Less than $30,000",behavior_mean,52.403
Model accuracy,income,"Less than $30,000",belief_post,45.583
Model accuracy,income,"Less than $30,000",concern_mean,48.722
Model accuracy,income,"Less than $30,000",distrust_post,57.833
Model accuracy,income,"Less than $30,000",donation_ams,3.167
Model accuracy,income,"Less than $30,000",funding_perceptions,49.667
Model accuracy,income,"Less than $30,000",inst_trust_mean,46.383
Model accuracy,income,"Less than $30,000",newsletter_signup,0.5
Model accuracy,income,"Less than $30,000",policy_general,39.333
Model accuracy,income,"Less than $30,000",policy_role_mean,46.812
Model accuracy,income,"Less than $30,000",policy_specific_mean,48.143
Model accuracy,income,"Less than $30,000",trust_multidimensional,50.653
Model accuracy,income,"Less than $30,000",trust_post,41.5
Model accuracy,income,"$30,000 to $55,999",behavior_mean,52.683
Model accuracy,income,"$30,000 to $55,999",belief_post,45.6
Model accuracy,income,"$30,000 to $55,999",concern_mean,61.3
Model accuracy,income,"$30,000 to $55,999",distrust_post,42.7
Model accuracy,income,"$30,000 to $55,999",donation_ams,4.2
Model accuracy,income,"$30,000 to $55,999",funding_perceptions,52.8
Model accuracy,income,"$30,000 to $55,999",inst_trust_mean,55.76
Model accuracy,income,"$30,000 to $55,999",newsletter_signup,0
Model accuracy,income,"$30,000 to $55,999",policy_general,50.4
Model accuracy,income,"$30,000 to $55,999",policy_role_mean,42.95
Model accuracy,income,"$30,000 to $55,999",policy_specific_mean,50.729
Model accuracy,income,"$30,000 to $55,999",trust_multidimensional,54.417
Model accuracy,income,"$30,000 to $55,999",trust_post,52.1
Model accuracy,income,"$56,000 to $99,999",behavior_mean,52.683
Model accuracy,income,"$56,000 to $99,999",belief_post,34.7
Model accuracy,income,"$56,000 to $99,999",concern_mean,53.433
Model accuracy,income,"$56,000 to $99,999",distrust_post,46.2
Model accuracy,income,"$56,000 to $99,999",donation_ams,7.3
Model accuracy,income,"$56,000 to $99,999",funding_perceptions,45.3
Model accuracy,income,"$56,000 to $99,999",inst_trust_mean,47.3
Model accuracy,income,"$56,000 to $99,999",newsletter_signup,0.2
Model accuracy,income,"$56,000 to $99,999",policy_general,47.4
Model accuracy,income,"$56,000 to $99,999",policy_role_mean,46.675
Model accuracy,income,"$56,000 to $99,999",policy_specific_mean,52.486
Model accuracy,income,"$56,000 to $99,999",trust_multidimensional,50.283
Model accuracy,income,"$56,000 to $99,999",trust_post,42.1
Model accuracy,income,"$100,000 to $167,999",behavior_mean,40.786
Model accuracy,income,"$100,000 to $167,999",belief_post,51.429
Model accuracy,income,"$100,000 to $167,999",concern_mean,40.476
Model accuracy,income,"$100,000 to $167,999",distrust_post,66.857
Model accuracy,income,"$100,000 to $167,999",donation_ams,4
Model accuracy,income,"$100,000 to $167,999",funding_perceptions,38.429
Model accuracy,income,"$100,000 to $167,999",inst_trust_mean,53.4
Model accuracy,income,"$100,000 to $167,999",newsletter_signup,0.143
Model accuracy,income,"$100,000 to $167,999",policy_general,34.286
Model accuracy,income,"$100,000 to $167,999",policy_role_mean,57.679
Model accuracy,income,"$100,000 to $167,999",policy_specific_mean,51.571
Model accuracy,income,"$100,000 to $167,999",trust_multidimensional,46.726
Model accuracy,income,"$100,000 to $167,999",trust_post,27.571
Model accuracy,income,"$168,000 or more",behavior_mean,54.81
Model accuracy,income,"$168,000 or more",belief_post,46.429
Model accuracy,income,"$168,000 or more",concern_mean,52.889
Model accuracy,income,"$168,000 or more",distrust_post,55.143
Model accuracy,income,"$168,000 or more",donation_ams,4.667
Model accuracy,income,"$168,000 or more",funding_perceptions,42.857
Model accuracy,income,"$168,000 or more",inst_trust_mean,47.924
Model accuracy,income,"$168,000 or more",newsletter_signup,0.238
Model accuracy,income,"$168,000 or more",policy_general,56.238
Model accuracy,income,"$168,000 or more",policy_role_mean,44.667
Model accuracy,income,"$168,000 or more",policy_specific_mean,49.823
Model accuracy,income,"$168,000 or more",trust_multidimensional,48.433
Model accuracy,income,"$168,000 or more",trust_post,57.429
Interview Prof. Sebille,income,"Less than $30,000",behavior_mean,49.447
Interview Prof. Sebille,income,"Less than $30,000",belief_post,45.211
Interview Prof. Sebille,income,"Less than $30,000",concern_mean,41.789
Interview Prof. Sebille,income,"Less than $30,000",distrust_post,42.421
Interview Prof. Sebille,income,"Less than $30,000",donation_ams,4.579
Interview Prof. Sebille,income,"Less than $30,000",funding_perceptions,52.632
Interview Prof. Sebille,income,"Less than $30,000",inst_trust_mean,47.579
Interview Prof. Sebille,income,"Less than $30,000",newsletter_signup,0.158
Interview Prof. Sebille,income,"Less than $30,000",policy_general,46.632
Interview Prof. Sebille,income,"Less than $30,000",policy_role_mean,47.974
Interview Prof. Sebille,income,"Less than $30,000",policy_specific_mean,47.789
Interview Prof. Sebille,income,"Less than $30,000",trust_multidimensional,49.754
Interview Prof. Sebille,income,"Less than $30,000",trust_post,50.684
Interview Prof. Sebille,income,"$30,000 to $55,999",behavior_mean,53.396
Interview Prof. Sebille,income,"$30,000 to $55,999",belief_post,34.375
Interview Prof. Sebille,income,"$30,000 to $55,999",concern_mean,57.25
Interview Prof. Sebille,income,"$30,000 to $55,999",distrust_post,30.75
Interview Prof. Sebille,income,"$30,000 to $55,999",donation_ams,5.875
Interview Prof. Sebille,income,"$30,000 to $55,999",funding_perceptions,47.875
Interview Prof. Sebille,income,"$30,000 to $55,999",inst_trust_mean,47.875
Interview Prof. Sebille,income,"$30,000 to $55,999",newsletter_signup,0.25
Interview Prof. Sebille,income,"$30,000 to $55,999",policy_general,58.125
Interview Prof. Sebille,income,"$30,000 to $55,999",policy_role_mean,50.594
Interview Prof. Sebille,income,"$30,000 to $55,999",policy_specific_mean,52.018
Interview Prof. Sebille,income,"$30,000 to $55,999",trust_multidimensional,55.333
Interview Prof. Sebille,income,"$30,000 to $55,999",trust_post,47.5
Interview Prof. Sebille,income,"$56,000 to $99,999",behavior_mean,50.417
Interview Prof. Sebille,income,"$56,000 to $99,999",belief_post,48
Interview Prof. Sebille,income,"$56,000 to $99,999",concern_mean,49.8
Interview Prof. Sebille,income,"$56,000 to $99,999",distrust_post,36.5
Interview Prof. Sebille,income,"$56,000 to $99,999",donation_ams,4.1
Interview Prof. Sebille,income,"$56,000 to $99,999",funding_perceptions,61.7
Interview Prof. Sebille,income,"$56,000 to $99,999",inst_trust_mean,50.26
Interview Prof. Sebille,income,"$56,000 to $99,999",newsletter_signup,0.1
Interview Prof. Sebille,income,"$56,000 to $99,999",policy_general,42.4
Interview Prof. Sebille,income,"$56,000 to $99,999",policy_role_mean,40.325
Interview Prof. Sebille,income,"$56,000 to $99,999",policy_specific_mean,53.357
Interview Prof. Sebille,income,"$56,000 to $99,999",trust_multidimensional,48.283
Interview Prof. Sebille,income,"$56,000 to $99,999",trust_post,72.9
Interview Prof. Sebille,income,"$100,000 to $167,999",behavior_mean,46.033
Interview Prof. Sebille,income,"$100,000 to $167,999",belief_post,50
Interview Prof. Sebille,income,"$100,000 to $167,999",concern_mean,50.1
Interview Prof. Sebille,income,"$100,000 to $167,999",distrust_post,47.7
Interview Prof. Sebille,income,"$100,000 to $167,999",donation_ams,4.3
Interview Prof. Sebille,income,"$100,000 to $167,999",funding_perceptions,48.1
Interview Prof. Sebille,income,"$100,000 to $167,999",inst_trust_mean,50.92
Interview Prof. Sebille,income,"$100,000 to $167,999",newsletter_signup,0.1
Interview Prof. Sebille,income,"$100,000 to $167,999",policy_general,54.7
Interview Prof. Sebille,income,"$100,000 to $167,999",policy_role_mean,54.625
Interview Prof. Sebille,income,"$100,000 to $167,999",policy_specific_mean,53.6
Interview Prof. Sebille,income,"$100,000 to $167,999",trust_multidimensional,48.542
Interview Prof. Sebille,income,"$100,000 to $167,999",trust_post,43.4
Interview Prof. Sebille,income,"$168,000 or more",behavior_mean,53.231
Interview Prof. Sebille,income,"$168,000 or more",belief_post,48.615
Interview Prof. Sebille,income,"$168,000 or more",concern_mean,52.897
Interview Prof. Sebille,income,"$168,000 or more",distrust_post,51.077
Interview Prof. Sebille,income,"$168,000 or more",donation_ams,4.462
Interview Prof. Sebille,income,"$168,000 or more",funding_perceptions,54.385
Interview Prof. Sebille,income,"$168,000 or more",inst_trust_mean,48.369
Interview Prof. Sebille,income,"$168,000 or more",newsletter_signup,0.231
Interview Prof. Sebille,income,"$168,000 or more",policy_general,51.462
Interview Prof. Sebille,income,"$168,000 or more",policy_role_mean,47.788
Interview Prof. Sebille,income,"$168,000 or more",policy_specific_mean,48.582
Interview Prof. Sebille,income,"$168,000 or more",trust_multidimensional,50.006
Interview Prof. Sebille,income,"$168,000 or more",trust_post,56.308
Extreme weather predictions,income,"Less than $30,000",behavior_mean,47.51
Extreme weather predictions,income,"Less than $30,000",belief_post,48.588
Extreme weather predictions,income,"Less than $30,000",concern_mean,52.765
Extreme weather predictions,income,"Less than $30,000",distrust_post,51.294
Extreme weather predictions,income,"Less than $30,000",donation_ams,5.471
Extreme weather predictions,income,"Less than $30,000",funding_perceptions,56.765
Extreme weather predictions,income,"Less than $30,000",inst_trust_mean,49.024
Extreme weather predictions,income,"Less than $30,000",newsletter_signup,0.118
Extreme weather predictions,income,"Less than $30,000",policy_general,51
Extreme weather predictions,income,"Less than $30,000",policy_role_mean,53.265
Extreme weather predictions,income,"Less than $30,000",policy_specific_mean,49.025
Extreme weather predictions,income,"Less than $30,000",trust_multidimensional,52.353
Extreme weather predictions,income,"Less than $30,000",trust_post,48.235
Extreme weather predictions,income,"$30,000 to $55,999",behavior_mean,49.955
Extreme weather predictions,income,"$30,000 to $55,999",belief_post,65.364
Extreme weather predictions,income,"$30,000 to $55,999",concern_mean,51.455
Extreme weather predictions,income,"$30,000 to $55,999",distrust_post,61.091
Extreme weather predictions,income,"$30,000 to $55,999",donation_ams,4.727
Extreme weather predictions,income,"$30,000 to $55,999",funding_perceptions,54.636
Extreme weather predictions,income,"$30,000 to $55,999",inst_trust_mean,48.436
Extreme weather predictions,income,"$30,000 to $55,999",newsletter_signup,0.545
Extreme weather predictions,income,"$30,000 to $55,999",policy_general,43.182
Extreme weather predictions,income,"$30,000 to $55,999",policy_role_mean,56.159
Extreme weather predictions,income,"$30,000 to $55,999",policy_specific_mean,55.61
Extreme weather predictions,income,"$30,000 to $55,999",trust_multidimensional,45.758
Extreme weather predictions,income,"$30,000 to $55,999",trust_post,46.909
Extreme weather predictions,income,"$56,000 to $99,999",behavior_mean,49.217
Extreme weather predictions,income,"$56,000 to $99,999",belief_post,40.6
Extreme weather predictions,income,"$56,000 to $99,999",concern_mean,46.9
Extreme weather predictions,income,"$56,000 to $99,999",distrust_post,63.4
Extreme weather predictions,income,"$56,000 to $99,999",donation_ams,3.9
Extreme weather predictions,income,"$56,000 to $99,999",funding_perceptions,55
Extreme weather predictions,income,"$56,000 to $99,999",inst_trust_mean,52.5
Extreme weather predictions,income,"$56,000 to $99,999",newsletter_signup,0.2
Extreme weather predictions,income,"$56,000 to $99,999",policy_general,43
Extreme weather predictions,income,"$56,000 to $99,999",policy_role_mean,53.625
Extreme weather predictions,income,"$56,000 to $99,999",policy_specific_mean,49.257
Extreme weather predictions,income,"$56,000 to $99,999",trust_multidimensional,48.942
Extreme weather predictions,income,"$56,000 to $99,999",trust_post,45.4
Extreme weather predictions,income,"$100,000 to $167,999",behavior_mean,55.217
Extreme weather predictions,income,"$100,000 to $167,999",belief_post,52.8
Extreme weather predictions,income,"$100,000 to $167,999",concern_mean,47.033
Extreme weather predictions,income,"$100,000 to $167,999",distrust_post,51.4
Extreme weather predictions,income,"$100,000 to $167,999",donation_ams,4.1
Extreme weather predictions,income,"$100,000 to $167,999",funding_perceptions,37.6
Extreme weather predictions,income,"$100,000 to $167,999",inst_trust_mean,42.1
Extreme weather predictions,income,"$100,000 to $167,999",newsletter_signup,0
Extreme weather predictions,income,"$100,000 to $167,999",policy_general,43.2
Extreme weather predictions,income,"$100,000 to $167,999",policy_role_mean,40.05
Extreme weather predictions,income,"$100,000 to $167,999",policy_specific_mean,49.857
Extreme weather predictions,income,"$100,000 to $167,999",trust_multidimensional,54.742
Extreme weather predictions,income,"$100,000 to $167,999",trust_post,54.9
Extreme weather predictions,income,"$168,000 or more",behavior_mean,48.514
Extreme weather predictions,income,"$168,000 or more",belief_post,54.583
Extreme weather predictions,income,"$168,000 or more",concern_mean,57.944
Extreme weather predictions,income,"$168,000 or more",distrust_post,60.417
Extreme weather predictions,income,"$168,000 or more",donation_ams,5.25
Extreme weather predictions,income,"$168,000 or more",funding_perceptions,41.583
Extreme weather predictions,income,"$168,000 or more",inst_trust_mean,49.467
Extreme weather predictions,income,"$168,000 or more",newsletter_signup,0.083
Extreme weather predictions,income,"$168,000 or more",policy_general,49
Extreme weather predictions,income,"$168,000 or more",policy_role_mean,55.083
Extreme weather predictions,income,"$168,000 or more",policy_specific_mean,53.786
Extreme weather predictions,income,"$168,000 or more",trust_multidimensional,50.167
Extreme weather predictions,income,"$168,000 or more",trust_post,48.167
control,party,Republican,behavior_mean,45.315
control,party,Republican,belief_post,51.667
control,party,Republican,concern_mean,55.963
control,party,Republican,distrust_post,50.667
control,party,Republican,donation_ams,5.444
control,party,Republican,funding_perceptions,46.333
control,party,Republican,inst_trust_mean,45.289
control,party,Republican,newsletter_signup,0.333
control,party,Republican,policy_general,64.222
control,party,Republican,policy_role_mean,48.167
control,party,Republican,policy_specific_mean,50.714
control,party,Republican,trust_multidimensional,48.778
control,party,Republican,trust_post,52.111
control,party,Democrat,behavior_mean,47.351
control,party,Democrat,belief_post,52.947
control,party,Democrat,concern_mean,57.351
control,party,Democrat,distrust_post,62.737
control,party,Democrat,donation_ams,4.158
control,party,Democrat,funding_perceptions,52.421
control,party,Democrat,inst_trust_mean,44.432
control,party,Democrat,newsletter_signup,0.158
control,party,Democrat,policy_general,37.316
control,party,Democrat,policy_role_mean,47.921
control,party,Democrat,policy_specific_mean,47.714
control,party,Democrat,trust_multidimensional,51.031
control,party,Democrat,trust_post,46.053
control,party,Independent,behavior_mean,52.595
control,party,Independent,belief_post,53.214
control,party,Independent,concern_mean,47.857
control,party,Independent,distrust_post,39.357
control,party,Independent,donation_ams,3.643
control,party,Independent,funding_perceptions,59.357
control,party,Independent,inst_trust_mean,46.971
control,party,Independent,newsletter_signup,0.071
control,party,Independent,policy_general,45.357
control,party,Independent,policy_role_mean,52.071
control,party,Independent,policy_specific_mean,53.01
control,party,Independent,trust_multidimensional,50.167
control,party,Independent,trust_post,49.571
control,party,Other,behavior_mean,47.444
control,party,Other,belief_post,50.056
control,party,Other,concern_mean,51.481
control,party,Other,distrust_post,39.611
control,party,Other,donation_ams,5.5
control,party,Other,funding_perceptions,53.833
control,party,Other,inst_trust_mean,48.1
control,party,Other,newsletter_signup,0.167
control,party,Other,policy_general,40.889
control,party,Other,policy_role_mean,50.347
control,party,Other,policy_specific_mean,52.429
control,party,Other,trust_multidimensional,51.361
control,party,Other,trust_post,59.611
Corporate reliance,party,Republican,behavior_mean,48.411
Corporate reliance,party,Republican,belief_post,50.333
Corporate reliance,party,Republican,concern_mean,49.622
Corporate reliance,party,Republican,distrust_post,51
Corporate reliance,party,Republican,donation_ams,5.333
Corporate reliance,party,Republican,funding_perceptions,57.733
Corporate reliance,party,Republican,inst_trust_mean,53.187
Corporate reliance,party,Republican,newsletter_signup,0.4
Corporate reliance,party,Republican,policy_general,43.267
Corporate reliance,party,Republican,policy_role_mean,51.2
Corporate reliance,party,Republican,policy_specific_mean,50.629
Corporate reliance,party,Republican,trust_multidimensional,50.972
Corporate reliance,party,Republican,trust_post,49.6
Corporate reliance,party,Democrat,behavior_mean,44.25
Corporate reliance,party,Democrat,belief_post,50.938
Corporate reliance,party,Democrat,concern_mean,51.646
Corporate reliance,party,Democrat,distrust_post,39.125
Corporate reliance,party,Democrat,donation_ams,4.938
Corporate reliance,party,Democrat,funding_perceptions,41
Corporate reliance,party,Democrat,inst_trust_mean,51.825
Corporate reliance,party,Democrat,newsletter_signup,0.312
Corporate reliance,party,Democrat,policy_general,51.938
Corporate reliance,party,Democrat,policy_role_mean,45.656
Corporate reliance,party,Democrat,policy_specific_mean,49.545
Corporate reliance,party,Democrat,trust_multidimensional,50.682
Corporate reliance,party,Democrat,trust_post,43.562
Corporate reliance,party,Independent,behavior_mean,46.583
Corporate reliance,party,Independent,belief_post,41.857
Corporate reliance,party,Independent,concern_mean,51.952
Corporate reliance,party,Independent,distrust_post,55.786
Corporate reliance,party,Independent,donation_ams,5.643
Corporate reliance,party,Independent,funding_perceptions,48.357
Corporate reliance,party,Independent,inst_trust_mean,53.371
Corporate reliance,party,Independent,newsletter_signup,0.357
Corporate reliance,party,Independent,policy_general,46.571
Corporate reliance,party,Independent,policy_role_mean,49.696
Corporate reliance,party,Independent,policy_specific_mean,47.622
Corporate reliance,party,Independent,trust_multidimensional,51.06
Corporate reliance,party,Independent,trust_post,48.786
Corporate reliance,party,Other,behavior_mean,52.022
Corporate reliance,party,Other,belief_post,41.733
Corporate reliance,party,Other,concern_mean,54.644
Corporate reliance,party,Other,distrust_post,37.933
Corporate reliance,party,Other,donation_ams,4.4
Corporate reliance,party,Other,funding_perceptions,48.8
Corporate reliance,party,Other,inst_trust_mean,50.853
Corporate reliance,party,Other,newsletter_signup,0.2
Corporate reliance,party,Other,policy_general,54.867
Corporate reliance,party,Other,policy_role_mean,52.333
Corporate reliance,party,Other,policy_specific_mean,49.619
Corporate reliance,party,Other,trust_multidimensional,48.917
Corporate reliance,party,Other,trust_post,45.467
Social justice,party,Republican,behavior_mean,52.773
Social justice,party,Republican,belief_post,43
Social justice,party,Republican,concern_mean,51.152
Social justice,party,Republican,distrust_post,49.909
Social justice,party,Republican,donation_ams,4
Social justice,party,Republican,funding_perceptions,41.455
Social justice,party,Republican,inst_trust_mean,48.8
Social justice,party,Republican,newsletter_signup,0.273
Social justice,party,Republican,policy_general,53.364
Social justice,party,Republican,policy_role_mean,53.432
Social justice,party,Republican,policy_specific_mean,47.26
Social justice,party,Republican,trust_multidimensional,50.788
Social justice,party,Republican,trust_post,62.182
Social justice,party,Democrat,behavior_mean,52.033
Social justice,party,Democrat,belief_post,64.333
Social justice,party,Democrat,concern_mean,50.978
Social justice,party,Democrat,distrust_post,51.467
Social justice,party,Democrat,donation_ams,4.267
Social justice,party,Democrat,funding_perceptions,42.067
Social justice,party,Democrat,inst_trust_mean,53.68
Social justice,party,Democrat,newsletter_signup,0.2
Social justice,party,Democrat,policy_general,48.667
Social justice,party,Democrat,policy_role_mean,48.7
Social justice,party,Democrat,policy_specific_mean,50.105
Social justice,party,Democrat,trust_multidimensional,53.467
Social justice,party,Democrat,trust_post,55.867
Social justice,party,Independent,behavior_mean,49.522
Social justice,party,Independent,belief_post,44.957
Social justice,party,Independent,concern_mean,47.739
Social justice,party,Independent,distrust_post,51
Social justice,party,Independent,donation_ams,4.826
Social justice,party,Independent,funding_perceptions,50.739
Social justice,party,Independent,inst_trust_mean,47.852
Social justice,party,Independent,newsletter_signup,0.174
Social justice,party,Independent,policy_general,55.478
Social justice,party,Independent,policy_role_mean,46.196
Social justice,party,Independent,policy_specific_mean,50.286
Social justice,party,Independent,trust_multidimensional,51.072
Social justice,party,Independent,trust_post,46
Social justice,party,Other,behavior_mean,45.864
Social justice,party,Other,belief_post,46
Social justice,party,Other,concern_mean,47.424
Social justice,party,Other,distrust_post,51.818
Social justice,party,Other,donation_ams,5.818
Social justice,party,Other,funding_perceptions,54.636
Social justice,party,Other,inst_trust_mean,47.182
Social justice,party,Other,newsletter_signup,0.182
Social justice,party,Other,policy_general,53.182
Social justice,party,Other,policy_role_mean,50.136
Social justice,party,Other,policy_specific_mean,49.597
Social justice,party,Other,trust_multidimensional,53.311
Social justice,party,Other,trust_post,45
Interview Prof. Maraun,party,Republican,behavior_mean,46.961
Interview Prof. Maraun,party,Republican,belief_post,52.059
Interview Prof. Maraun,party,Republican,concern_mean,45.51
Interview Prof. Maraun,party,Republican,distrust_post,55.353
Interview Prof. Maraun,party,Republican,donation_ams,4.647
Interview Prof. Maraun,party,Republican,funding_perceptions,43.765
Interview Prof. Maraun,party,Republican,inst_trust_mean,55.082
Interview Prof. Maraun,party,Republican,newsletter_signup,0.176
Interview Prof. Maraun,party,Republican,policy_general,38.294
Interview Prof. Maraun,party,Republican,policy_role_mean,50.103
Interview Prof. Maraun,party,Republican,policy_specific_mean,52.79
Interview Prof. Maraun,party,Republican,trust_multidimensional,50.534
Interview Prof. Maraun,party,Republican,trust_post,51.588
Interview Prof. Maraun,party,Democrat,behavior_mean,49.333
Interview Prof. Maraun,party,Democrat,belief_post,63.333
Interview Prof. Maraun,party,Democrat,concern_mean,49.778
Interview Prof. Maraun,party,Democrat,distrust_post,55.917
Interview Prof. Maraun,party,Democrat,donation_ams,5.583
Interview Prof. Maraun,party,Democrat,funding_perceptions,55.833
Interview Prof. Maraun,party,Democrat,inst_trust_mean,50.183
Interview Prof. Maraun,party,Democrat,newsletter_signup,0.333
Interview Prof. Maraun,party,Democrat,policy_general,52
Interview Prof. Maraun,party,Democrat,policy_role_mean,56.625
Interview Prof. Maraun,party,Democrat,policy_specific_mean,51.429
Interview Prof. Maraun,party,Democrat,trust_multidimensional,49.035
Interview Prof. Maraun,party,Democrat,trust_post,56.083
Interview Prof. Maraun,party,Independent,behavior_mean,55.146
Interview Prof. Maraun,party,Independent,belief_post,45
Interview Prof. Maraun,party,Independent,concern_mean,52.917
Interview Prof. Maraun,party,Independent,distrust_post,42.062
Interview Prof. Maraun,party,Independent,donation_ams,5.562
Interview Prof. Maraun,party,Independent,funding_perceptions,48.625
Interview Prof. Maraun,party,Independent,inst_trust_mean,54.075
Interview Prof. Maraun,party,Independent,newsletter_signup,0.062
Interview Prof. Maraun,party,Independent,policy_general,57.812
Interview Prof. Maraun,party,Independent,policy_role_mean,49.766
Interview Prof. Maraun,party,Independent,policy_specific_mean,47.893
Interview Prof. Maraun,party,Independent,trust_multidimensional,53.448
Interview Prof. Maraun,party,Independent,trust_post,42.688
Interview Prof. Maraun,party,Other,behavior_mean,53.422
Interview Prof. Maraun,party,Other,belief_post,49.467
Interview Prof. Maraun,party,Other,concern_mean,50.733
Interview Prof. Maraun,party,Other,distrust_post,52.467
Interview Prof. Maraun,party,Other,donation_ams,4.533
Interview Prof. Maraun,party,Other,funding_perceptions,55.8
Interview Prof. Maraun,party,Other,inst_trust_mean,50.173
Interview Prof. Maraun,party,Other,newsletter_signup,0.133
Interview Prof. Maraun,party,Other,policy_general,56.067
Interview Prof. Maraun,party,Other,policy_role_mean,47.2
Interview Prof. Maraun,party,Other,policy_specific_mean,47.543
Interview Prof. Maraun,party,Other,trust_multidimensional,48.722
Interview Prof. Maraun,party,Other,trust_post,40.8
Funding,party,Republican,behavior_mean,48.452
Funding,party,Republican,belief_post,51.429
Funding,party,Republican,concern_mean,49.738
Funding,party,Republican,distrust_post,55.857
Funding,party,Republican,donation_ams,5.5
Funding,party,Republican,funding_perceptions,62.857
Funding,party,Republican,inst_trust_mean,46.929
Funding,party,Republican,newsletter_signup,0.214
Funding,party,Republican,policy_general,63.5
Funding,party,Republican,policy_role_mean,47.143
Funding,party,Republican,policy_specific_mean,48.041
Funding,party,Republican,trust_multidimensional,54.018
Funding,party,Republican,trust_post,48.857
Funding,party,Democrat,behavior_mean,48.458
Funding,party,Democrat,belief_post,56.625
Funding,party,Democrat,concern_mean,48.306
Funding,party,Democrat,distrust_post,57.5
Funding,party,Democrat,donation_ams,5.083
Funding,party,Democrat,funding_perceptions,49.292
Funding,party,Democrat,inst_trust_mean,50.667
Funding,party,Democrat,newsletter_signup,0.208
Funding,party,Democrat,policy_general,43.708
Funding,party,Democrat,policy_role_mean,50.042
Funding,party,Democrat,policy_specific_mean,51.744
Funding,party,Democrat,trust_multidimensional,51.542
Funding,party,Democrat,trust_post,42.708
Funding,party,Independent,behavior_mean,52.931
Funding,party,Independent,belief_post,45.25
Funding,party,Independent,concern_mean,49.111
Funding,party,Independent,distrust_post,43.333
Funding,party,Independent,donation_ams,5.917
Funding,party,Independent,funding_perceptions,45.25
Funding,party,Independent,inst_trust_mean,45.2
Funding,party,Independent,newsletter_signup,0.083
Funding,party,Independent,policy_general,44.667
Funding,party,Independent,policy_role_mean,57.938
Funding,party,Independent,policy_specific_mean,48.833
Funding,party,Independent,trust_multidimensional,50.007
Funding,party,Independent,trust_post,52
Funding,party,Other,behavior_mean,53.383
Funding,party,Other,belief_post,62.3
Funding,party,Other,concern_mean,49.733
Funding,party,Other,distrust_post,54.9
Funding,party,Other,donation_ams,5.2
Funding,party,Other,funding_perceptions,56.6
Funding,party,Other,inst_trust_mean,49.4
Funding,party,Other,newsletter_signup,0.3
Funding,party,Other,policy_general,41.6
Funding,party,Other,policy_role_mean,48
Funding,party,Other,policy_specific_mean,55.329
Funding,party,Other,trust_multidimensional,53.367
Funding,party,Other,trust_post,57
Oil industry misinformation,party,Republican,behavior_mean,53
Oil industry misinformation,party,Republican,belief_post,47
Oil industry misinformation,party,Republican,concern_mean,50.9
Oil industry misinformation,party,Republican,distrust_post,52.9
Oil industry misinformation,party,Republican,donation_ams,3.9
Oil industry misinformation,party,Republican,funding_perceptions,45.5
Oil industry misinformation,party,Republican,inst_trust_mean,49.08
Oil industry misinformation,party,Republican,newsletter_signup,0.1
Oil industry misinformation,party,Republican,policy_general,49
Oil industry misinformation,party,Republican,policy_role_mean,51.575
Oil industry misinformation,party,Republican,policy_specific_mean,48.843
Oil industry misinformation,party,Republican,trust_multidimensional,50.05
Oil industry misinformation,party,Republican,trust_post,53.2
Oil industry misinformation,party,Democrat,behavior_mean,48.7
Oil industry misinformation,party,Democrat,belief_post,48.5
Oil industry misinformation,party,Democrat,concern_mean,56.167
Oil industry misinformation,party,Democrat,distrust_post,63.7
Oil industry misinformation,party,Democrat,donation_ams,4.4
Oil industry misinformation,party,Democrat,funding_perceptions,47.25
Oil industry misinformation,party,Democrat,inst_trust_mean,47.76
Oil industry misinformation,party,Democrat,newsletter_signup,0.25
Oil industry misinformation,party,Democrat,policy_general,45.45
Oil industry misinformation,party,Democrat,policy_role_mean,50.688
Oil industry misinformation,party,Democrat,policy_specific_mean,53.064
Oil industry misinformation,party,Democrat,trust_multidimensional,48.279
Oil industry misinformation,party,Democrat,trust_post,48
Oil industry misinformation,party,Independent,behavior_mean,48.1
Oil industry misinformation,party,Independent,belief_post,42.2
Oil industry misinformation,party,Independent,concern_mean,45.111
Oil industry misinformation,party,Independent,distrust_post,56.333
Oil industry misinformation,party,Independent,donation_ams,5.2
Oil industry misinformation,party,Independent,funding_perceptions,48.2
Oil industry misinformation,party,Independent,inst_trust_mean,45.413
Oil industry misinformation,party,Independent,newsletter_signup,0
Oil industry misinformation,party,Independent,policy_general,47.533
Oil industry misinformation,party,Independent,policy_role_mean,40.233
Oil industry misinformation,party,Independent,policy_specific_mean,47.057
Oil industry misinformation,party,Independent,trust_multidimensional,44.95
Oil industry misinformation,party,Independent,trust_post,49.667
Oil industry misinformation,party,Other,behavior_mean,44.267
Oil industry misinformation,party,Other,belief_post,51.6
Oil industry misinformation,party,Other,concern_mean,47.556
Oil industry misinformation,party,Other,distrust_post,52.267
Oil industry misinformation,party,Other,donation_ams,4.6
Oil industry misinformation,party,Other,funding_perceptions,56.667
Oil industry misinformation,party,Other,inst_trust_mean,45.133
Oil industry misinformation,party,Other,newsletter_signup,0.2
Oil industry misinformation,party,Other,policy_general,54.267
Oil industry misinformation,party,Other,policy_role_mean,48.033
Oil industry misinformation,party,Other,policy_specific_mean,50.229
Oil industry misinformation,party,Other,trust_multidimensional,49.45
Oil industry misinformation,party,Other,trust_post,47.333
Measurement & modeling (1),party,Republican,behavior_mean,46.405
Measurement & modeling (1),party,Republican,belief_post,45.5
Measurement & modeling (1),party,Republican,concern_mean,50.381
Measurement & modeling (1),party,Republican,distrust_post,51.357
Measurement & modeling (1),party,Republican,donation_ams,5.357
Measurement & modeling (1),party,Republican,funding_perceptions,56.071
Measurement & modeling (1),party,Republican,inst_trust_mean,49.943
Measurement & modeling (1),party,Republican,newsletter_signup,0.5
Measurement & modeling (1),party,Republican,policy_general,58.857
Measurement & modeling (1),party,Republican,policy_role_mean,52.75
Measurement & modeling (1),party,Republican,policy_specific_mean,57.592
Measurement & modeling (1),party,Republican,trust_multidimensional,45.476
Measurement & modeling (1),party,Republican,trust_post,44.857
Measurement & modeling (1),party,Democrat,behavior_mean,47.456
Measurement & modeling (1),party,Democrat,belief_post,53.632
Measurement & modeling (1),party,Democrat,concern_mean,42.842
Measurement & modeling (1),party,Democrat,distrust_post,51.579
Measurement & modeling (1),party,Democrat,donation_ams,5.474
Measurement & modeling (1),party,Democrat,funding_perceptions,49.474
Measurement & modeling (1),party,Democrat,inst_trust_mean,48.063
Measurement & modeling (1),party,Democrat,newsletter_signup,0.158
Measurement & modeling (1),party,Democrat,policy_general,46.579
Measurement & modeling (1),party,Democrat,policy_role_mean,47.776
Measurement & modeling (1),party,Democrat,policy_specific_mean,53.323
Measurement & modeling (1),party,Democrat,trust_multidimensional,52.259
Measurement & modeling (1),party,Democrat,trust_post,52.474
Measurement & modeling (1),party,Independent,behavior_mean,49.324
Measurement & modeling (1),party,Independent,belief_post,45.778
Measurement & modeling (1),party,Independent,concern_mean,52.963
Measurement & modeling (1),party,Independent,distrust_post,49.056
Measurement & modeling (1),party,Independent,donation_ams,6.333
Measurement & modeling (1),party,Independent,funding_perceptions,40.667
Measurement & modeling (1),party,Independent,inst_trust_mean,50.611
Measurement & modeling (1),party,Independent,newsletter_signup,0.222
Measurement & modeling (1),party,Independent,policy_general,45.944
Measurement & modeling (1),party,Independent,policy_role_mean,46.278
Measurement & modeling (1),party,Independent,policy_specific_mean,46.159
Measurement & modeling (1),party,Independent,trust_multidimensional,48.088
Measurement & modeling (1),party,Independent,trust_post,44.5
Measurement & modeling (1),party,Other,behavior_mean,47.389
Measurement & modeling (1),party,Other,belief_post,52.667
Measurement & modeling (1),party,Other,concern_mean,53.148
Measurement & modeling (1),party,Other,distrust_post,54.889
Measurement & modeling (1),party,Other,donation_ams,7.333
Measurement & modeling (1),party,Other,funding_perceptions,36.667
Measurement & modeling (1),party,Other,inst_trust_mean,49.644
Measurement & modeling (1),party,Other,newsletter_signup,0.333
Measurement & modeling (1),party,Other,policy_general,60.556
Measurement & modeling (1),party,Other,policy_role_mean,47.639
Measurement & modeling (1),party,Other,policy_specific_mean,49.476
Measurement & modeling (1),party,Other,trust_multidimensional,46.306
Measurement & modeling (1),party,Other,trust_post,44.556
Former skeptics,party,Republican,behavior_mean,46.361
Former skeptics,party,Republican,belief_post,49.417
Former skeptics,party,Republican,concern_mean,46.389
Former skeptics,party,Republican,distrust_post,50.5
Former skeptics,party,Republican,donation_ams,5
Former skeptics,party,Republican,funding_perceptions,31.083
Former skeptics,party,Republican,inst_trust_mean,56.117
Former skeptics,party,Republican,newsletter_signup,0.417
Former skeptics,party,Republican,policy_general,46.75
Former skeptics,party,Republican,policy_role_mean,51.729
Former skeptics,party,Republican,policy_specific_mean,47.905
Former skeptics,party,Republican,trust_multidimensional,51.132
Former skeptics,party,Republican,trust_post,52.333
Former skeptics,party,Democrat,behavior_mean,48.343
Former skeptics,party,Democrat,belief_post,51.647
Former skeptics,party,Democrat,concern_mean,47.549
Former skeptics,party,Democrat,distrust_post,47.647
Former skeptics,party,Democrat,donation_ams,5.353
Former skeptics,party,Democrat,funding_perceptions,51.588
Former skeptics,party,Democrat,inst_trust_mean,47.647
Former skeptics,party,Democrat,newsletter_signup,0.176
Former skeptics,party,Democrat,policy_general,46.118
Former skeptics,party,Democrat,policy_role_mean,44.779
Former skeptics,party,Democrat,policy_specific_mean,48.538
Former skeptics,party,Democrat,trust_multidimensional,49.73
Former skeptics,party,Democrat,trust_post,59.353
Former skeptics,party,Independent,behavior_mean,49.867
Former skeptics,party,Independent,belief_post,46.8
Former skeptics,party,Independent,concern_mean,47.533
Former skeptics,party,Independent,distrust_post,44.2
Former skeptics,party,Independent,donation_ams,5.2
Former skeptics,party,Independent,funding_perceptions,45.1
Former skeptics,party,Independent,inst_trust_mean,49.9
Former skeptics,party,Independent,newsletter_signup,0.2
Former skeptics,party,Independent,policy_general,54.8
Former skeptics,party,Independent,policy_role_mean,47.4
Former skeptics,party,Independent,policy_specific_mean,43.543
Former skeptics,party,Independent,trust_multidimensional,47.4
Former skeptics,party,Independent,trust_post,52
Former skeptics,party,Other,behavior_mean,53.841
Former skeptics,party,Other,belief_post,49
Former skeptics,party,Other,concern_mean,50.413
Former skeptics,party,Other,distrust_post,48.476
Former skeptics,party,Other,donation_ams,5.286
Former skeptics,party,Other,funding_perceptions,46
Former skeptics,party,Other,inst_trust_mean,51.429
Former skeptics,party,Other,newsletter_signup,0.19
Former skeptics,party,Other,policy_general,59.857
Former skeptics,party,Other,policy_role_mean,51.583
Former skeptics,party,Other,policy_specific_mean,52.905
Former skeptics,party,Other,trust_multidimensional,49.012
Former skeptics,party,Other,trust_post,49.143
High public trust,party,Republican,behavior_mean,47.686
High public trust,party,Republican,belief_post,57.176
High public trust,party,Republican,concern_mean,51.412
High public trust,party,Republican,distrust_post,50
High public trust,party,Republican,donation_ams,6.353
High public trust,party,Republican,funding_perceptions,49.353
High public trust,party,Republican,inst_trust_mean,48.776
High public trust,party,Republican,newsletter_signup,0.294
High public trust,party,Republican,policy_general,56.882
High public trust,party,Republican,policy_role_mean,48.368
High public trust,party,Republican,policy_specific_mean,50.504
High public trust,party,Republican,trust_multidimensional,47.99
High public trust,party,Republican,trust_post,53.882
High public trust,party,Democrat,behavior_mean,46.583
High public trust,party,Democrat,belief_post,54.375
High public trust,party,Democrat,concern_mean,56
High public trust,party,Democrat,distrust_post,44.75
High public trust,party,Democrat,donation_ams,3.75
High public trust,party,Democrat,funding_perceptions,46.438
High public trust,party,Democrat,inst_trust_mean,51.05
High public trust,party,Democrat,newsletter_signup,0.25
High public trust,party,Democrat,policy_general,46.438
High public trust,party,Democrat,policy_role_mean,47.344
High public trust,party,Democrat,policy_specific_mean,52.464
High public trust,party,Democrat,trust_multidimensional,49.849
High public trust,party,Democrat,trust_post,52.125
High public trust,party,Independent,behavior_mean,51.083
High public trust,party,Independent,belief_post,57.125
High public trust,party,Independent,concern_mean,50.688
High public trust,party,Independent,distrust_post,57.938
High public trust,party,Independent,donation_ams,4.188
High public trust,party,Independent,funding_perceptions,54.375
High public trust,party,Independent,inst_trust_mean,53.175
High public trust,party,Independent,newsletter_signup,0.188
High public trust,party,Independent,policy_general,58.312
High public trust,party,Independent,policy_role_mean,51.062
High public trust,party,Independent,policy_specific_mean,53.25
High public trust,party,Independent,trust_multidimensional,50.245
High public trust,party,Independent,trust_post,55.375
High public trust,party,Other,behavior_mean,51.348
High public trust,party,Other,belief_post,55.818
High public trust,party,Other,concern_mean,50.455
High public trust,party,Other,distrust_post,61.182
High public trust,party,Other,donation_ams,5.364
High public trust,party,Other,funding_perceptions,49.545
High public trust,party,Other,inst_trust_mean,50.691
High public trust,party,Other,newsletter_signup,0.455
High public trust,party,Other,policy_general,56.545
High public trust,party,Other,policy_role_mean,46.432
High public trust,party,Other,policy_specific_mean,48.675
High public trust,party,Other,trust_multidimensional,49.568
High public trust,party,Other,trust_post,47.727
Measurement & modeling (2),party,Republican,behavior_mean,51.406
Measurement & modeling (2),party,Republican,belief_post,47.062
Measurement & modeling (2),party,Republican,concern_mean,50.667
Measurement & modeling (2),party,Republican,distrust_post,51.625
Measurement & modeling (2),party,Republican,donation_ams,4.062
Measurement & modeling (2),party,Republican,funding_perceptions,50.438
Measurement & modeling (2),party,Republican,inst_trust_mean,51.65
Measurement & modeling (2),party,Republican,newsletter_signup,0.188
Measurement & modeling (2),party,Republican,policy_general,54.562
Measurement & modeling (2),party,Republican,policy_role_mean,47.344
Measurement & modeling (2),party,Republican,policy_specific_mean,51.25
Measurement & modeling (2),party,Republican,trust_multidimensional,50.969
Measurement & modeling (2),party,Republican,trust_post,39.125
Measurement & modeling (2),party,Democrat,behavior_mean,50.478
Measurement & modeling (2),party,Democrat,belief_post,54
Measurement & modeling (2),party,Democrat,concern_mean,43.4
Measurement & modeling (2),party,Democrat,distrust_post,50.6
Measurement & modeling (2),party,Democrat,donation_ams,5.133
Measurement & modeling (2),party,Democrat,funding_perceptions,56.133
Measurement & modeling (2),party,Democrat,inst_trust_mean,54.52
Measurement & modeling (2),party,Democrat,newsletter_signup,0.267
Measurement & modeling (2),party,Democrat,policy_general,50.667
Measurement & modeling (2),party,Democrat,policy_role_mean,53.717
Measurement & modeling (2),party,Democrat,policy_specific_mean,48.867
Measurement & modeling (2),party,Democrat,trust_multidimensional,47.711
Measurement & modeling (2),party,Democrat,trust_post,58.333
Measurement & modeling (2),party,Independent,behavior_mean,55.486
Measurement & modeling (2),party,Independent,belief_post,48
Measurement & modeling (2),party,Independent,concern_mean,49.25
Measurement & modeling (2),party,Independent,distrust_post,60.167
Measurement & modeling (2),party,Independent,donation_ams,5
Measurement & modeling (2),party,Independent,funding_perceptions,53
Measurement & modeling (2),party,Independent,inst_trust_mean,55.533
Measurement & modeling (2),party,Independent,newsletter_signup,0.167
Measurement & modeling (2),party,Independent,policy_general,51.833
Measurement & modeling (2),party,Independent,policy_role_mean,48.021
Measurement & modeling (2),party,Independent,policy_specific_mean,51.298
Measurement & modeling (2),party,Independent,trust_multidimensional,49.792
Measurement & modeling (2),party,Independent,trust_post,59.5
Measurement & modeling (2),party,Other,behavior_mean,48.461
Measurement & modeling (2),party,Other,belief_post,46.471
Measurement & modeling (2),party,Other,concern_mean,47.804
Measurement & modeling (2),party,Other,distrust_post,45.294
Measurement & modeling (2),party,Other,donation_ams,5.647
Measurement & modeling (2),party,Other,funding_perceptions,41.529
Measurement & modeling (2),party,Other,inst_trust_mean,52.824
Measurement & modeling (2),party,Other,newsletter_signup,0.176
Measurement & modeling (2),party,Other,policy_general,50.647
Measurement & modeling (2),party,Other,policy_role_mean,50.176
Measurement & modeling (2),party,Other,policy_specific_mean,50.269
Measurement & modeling (2),party,Other,trust_multidimensional,49.377
Measurement & modeling (2),party,Other,trust_post,67.471
Peer-review,party,Republican,behavior_mean,51.077
Peer-review,party,Republican,belief_post,52.538
Peer-review,party,Republican,concern_mean,48.026
Peer-review,party,Republican,distrust_post,53
Peer-review,party,Republican,donation_ams,4.923
Peer-review,party,Republican,funding_perceptions,45.385
Peer-review,party,Republican,inst_trust_mean,46.892
Peer-review,party,Republican,newsletter_signup,0.077
Peer-review,party,Republican,policy_general,40.538
Peer-review,party,Republican,policy_role_mean,45.231
Peer-review,party,Republican,policy_specific_mean,45.846
Peer-review,party,Republican,trust_multidimensional,50.545
Peer-review,party,Republican,trust_post,51.769
Peer-review,party,Democrat,behavior_mean,49.631
Peer-review,party,Democrat,belief_post,53.714
Peer-review,party,Democrat,concern_mean,44.095
Peer-review,party,Democrat,distrust_post,38.786
Peer-review,party,Democrat,donation_ams,4.357
Peer-review,party,Democrat,funding_perceptions,43.143
Peer-review,party,Democrat,inst_trust_mean,54.843
Peer-review,party,Democrat,newsletter_signup,0.357
Peer-review,party,Democrat,policy_general,46.214
Peer-review,party,Democrat,policy_role_mean,50.232
Peer-review,party,Democrat,policy_specific_mean,48.204
Peer-review,party,Democrat,trust_multidimensional,51.72
Peer-review,party,Democrat,trust_post,37.714
Peer-review,party,Independent,behavior_mean,52.153
Peer-review,party,Independent,belief_post,52
Peer-review,party,Independent,concern_mean,43.528
Peer-review,party,Independent,distrust_post,61.917
Peer-review,party,Independent,donation_ams,5
Peer-review,party,Independent,funding_perceptions,45.5
Peer-review,party,Independent,inst_trust_mean,46.617
Peer-review,party,Independent,newsletter_signup,0.333
Peer-review,party,Independent,policy_general,52.25
Peer-review,party,Independent,policy_role_mean,56.667
Peer-review,party,Independent,policy_specific_mean,50.655
Peer-review,party,Independent,trust_multidimensional,50.708
Peer-review,party,Independent,trust_post,61.667
Peer-review,party,Other,behavior_mean,47.349
Peer-review,party,Other,belief_post,46.143
Peer-review,party,Other,concern_mean,47.857
Peer-review,party,Other,distrust_post,42.238
Peer-review,party,Other,donation_ams,4.857
Peer-review,party,Other,funding_perceptions,51.952
Peer-review,party,Other,inst_trust_mean,48.219
Peer-review,party,Other,newsletter_signup,0.19
Peer-review,party,Other,policy_general,45.048
Peer-review,party,Other,policy_role_mean,44.262
Peer-review,party,Other,policy_specific_mean,48.116
Peer-review,party,Other,trust_multidimensional,50.333
Peer-review,party,Other,trust_post,40.952
Scientist community helpers,party,Republican,behavior_mean,52.033
Scientist community helpers,party,Republican,belief_post,49.467
Scientist community helpers,party,Republican,concern_mean,47.333
Scientist community helpers,party,Republican,distrust_post,47.933
Scientist community helpers,party,Republican,donation_ams,7.133
Scientist community helpers,party,Republican,funding_perceptions,51.467
Scientist community helpers,party,Republican,inst_trust_mean,50.28
Scientist community helpers,party,Republican,newsletter_signup,0.2
Scientist community helpers,party,Republican,policy_general,43.067
Scientist community helpers,party,Republican,policy_role_mean,48.45
Scientist community helpers,party,Republican,policy_specific_mean,51.362
Scientist community helpers,party,Republican,trust_multidimensional,53.244
Scientist community helpers,party,Republican,trust_post,61
Scientist community helpers,party,Democrat,behavior_mean,53.657
Scientist community helpers,party,Democrat,belief_post,34
Scientist community helpers,party,Democrat,concern_mean,50.241
Scientist community helpers,party,Democrat,distrust_post,52.111
Scientist community helpers,party,Democrat,donation_ams,5.444
Scientist community helpers,party,Democrat,funding_perceptions,55.444
Scientist community helpers,party,Democrat,inst_trust_mean,50.789
Scientist community helpers,party,Democrat,newsletter_signup,0.111
Scientist community helpers,party,Democrat,policy_general,46.778
Scientist community helpers,party,Democrat,policy_role_mean,54.111
Scientist community helpers,party,Democrat,policy_specific_mean,47.468
Scientist community helpers,party,Democrat,trust_multidimensional,49.694
Scientist community helpers,party,Democrat,trust_post,48.056
Scientist community helpers,party,Independent,behavior_mean,52.024
Scientist community helpers,party,Independent,belief_post,45.429
Scientist community helpers,party,Independent,concern_mean,45.857
Scientist community helpers,party,Independent,distrust_post,54.143
Scientist community helpers,party,Independent,donation_ams,3.786
Scientist community helpers,party,Independent,funding_perceptions,48.857
Scientist community helpers,party,Independent,inst_trust_mean,48.214
Scientist community helpers,party,Independent,newsletter_signup,0.214
Scientist community helpers,party,Independent,policy_general,52.857
Scientist community helpers,party,Independent,policy_role_mean,46.286
Scientist community helpers,party,Independent,policy_specific_mean,49.612
Scientist community helpers,party,Independent,trust_multidimensional,50.756
Scientist community helpers,party,Independent,trust_post,54.929
Scientist community helpers,party,Other,behavior_mean,47.962
Scientist community helpers,party,Other,belief_post,60.615
Scientist community helpers,party,Other,concern_mean,44.359
Scientist community helpers,party,Other,distrust_post,43.308
Scientist community helpers,party,Other,donation_ams,4.462
Scientist community helpers,party,Other,funding_perceptions,51.077
Scientist community helpers,party,Other,inst_trust_mean,48.954
Scientist community helpers,party,Other,newsletter_signup,0.308
Scientist community helpers,party,Other,policy_general,59.769
Scientist community helpers,party,Other,policy_role_mean,54.096
Scientist community helpers,party,Other,policy_specific_mean,50.989
Scientist community helpers,party,Other,trust_multidimensional,45.782
Scientist community helpers,party,Other,trust_post,52.615
Consensus,party,Republican,behavior_mean,51.135
Consensus,party,Republican,belief_post,51.75
Consensus,party,Republican,concern_mean,51.167
Consensus,party,Republican,distrust_post,38.062
Consensus,party,Republican,donation_ams,4.938
Consensus,party,Republican,funding_perceptions,45.75
Consensus,party,Republican,inst_trust_mean,52.737
Consensus,party,Republican,newsletter_signup,0.438
Consensus,party,Republican,policy_general,43.5
Consensus,party,Republican,policy_role_mean,45.734
Consensus,party,Republican,policy_specific_mean,51.938
Consensus,party,Republican,trust_multidimensional,51.854
Consensus,party,Republican,trust_post,58.188
Consensus,party,Democrat,behavior_mean,48.298
Consensus,party,Democrat,belief_post,56.643
Consensus,party,Democrat,concern_mean,46.429
Consensus,party,Democrat,distrust_post,32.429
Consensus,party,Democrat,donation_ams,5.071
Consensus,party,Democrat,funding_perceptions,45.929
Consensus,party,Democrat,inst_trust_mean,53.157
Consensus,party,Democrat,newsletter_signup,0.143
Consensus,party,Democrat,policy_general,40.071
Consensus,party,Democrat,policy_role_mean,49.196
Consensus,party,Democrat,policy_specific_mean,55.571
Consensus,party,Democrat,trust_multidimensional,50.089
Consensus,party,Democrat,trust_post,58.5
Consensus,party,Independent,behavior_mean,52.216
Consensus,party,Independent,belief_post,54.529
Consensus,party,Independent,concern_mean,45.137
Consensus,party,Independent,distrust_post,50.176
Consensus,party,Independent,donation_ams,4.471
Consensus,party,Independent,funding_perceptions,48.941
Consensus,party,Independent,inst_trust_mean,44.188
Consensus,party,Independent,newsletter_signup,0.118
Consensus,party,Independent,policy_general,55.059
Consensus,party,Independent,policy_role_mean,47.971
Consensus,party,Independent,policy_specific_mean,47.193
Consensus,party,Independent,trust_multidimensional,56.093
Consensus,party,Independent,trust_post,46.059
Consensus,party,Other,behavior_mean,51.744
Consensus,party,Other,belief_post,56.692
Consensus,party,Other,concern_mean,49.564
Consensus,party,Other,distrust_post,57.769
Consensus,party,Other,donation_ams,6.308
Consensus,party,Other,funding_perceptions,35
Consensus,party,Other,inst_trust_mean,48.923
Consensus,party,Other,newsletter_signup,0.154
Consensus,party,Other,policy_general,45.846
Consensus,party,Other,policy_role_mean,48.788
Consensus,party,Other,policy_specific_mean,51.33
Consensus,party,Other,trust_multidimensional,48.372
Consensus,party,Other,trust_post,45.462
Portrait Prof. Cherry,party,Republican,behavior_mean,48.192
Portrait Prof. Cherry,party,Republican,belief_post,46.308
Portrait Prof. Cherry,party,Republican,concern_mean,45.359
Portrait Prof. Cherry,party,Republican,distrust_post,59.154
Portrait Prof. Cherry,party,Republican,donation_ams,5
Portrait Prof. Cherry,party,Republican,funding_perceptions,47.846
Portrait Prof. Cherry,party,Republican,inst_trust_mean,42.4
Portrait Prof. Cherry,party,Republican,newsletter_signup,0.154
Portrait Prof. Cherry,party,Republican,policy_general,48.462
Portrait Prof. Cherry,party,Republican,policy_role_mean,45.635
Portrait Prof. Cherry,party,Republican,policy_specific_mean,47.923
Portrait Prof. Cherry,party,Republican,trust_multidimensional,49.429
Portrait Prof. Cherry,party,Republican,trust_post,41.538
Portrait Prof. Cherry,party,Democrat,behavior_mean,51.155
Portrait Prof. Cherry,party,Democrat,belief_post,59.429
Portrait Prof. Cherry,party,Democrat,concern_mean,45.286
Portrait Prof. Cherry,party,Democrat,distrust_post,44.857
Portrait Prof. Cherry,party,Democrat,donation_ams,4.929
Portrait Prof. Cherry,party,Democrat,funding_perceptions,55.429
Portrait Prof. Cherry,party,Democrat,inst_trust_mean,56.071
Portrait Prof. Cherry,party,Democrat,newsletter_signup,0.214
Portrait Prof. Cherry,party,Democrat,policy_general,55.071
Portrait Prof. Cherry,party,Democrat,policy_role_mean,49.589
Portrait Prof. Cherry,party,Democrat,policy_specific_mean,51.276
Portrait Prof. Cherry,party,Democrat,trust_multidimensional,48.143
Portrait Prof. Cherry,party,Democrat,trust_post,45.786
Portrait Prof. Cherry,party,Independent,behavior_mean,51.867
Portrait Prof. Cherry,party,Independent,belief_post,56.2
Portrait Prof. Cherry,party,Independent,concern_mean,55.267
Portrait Prof. Cherry,party,Independent,distrust_post,41.733
Portrait Prof. Cherry,party,Independent,donation_ams,6.933
Portrait Prof. Cherry,party,Independent,funding_perceptions,49.8
Portrait Prof. Cherry,party,Independent,inst_trust_mean,47.28
Portrait Prof. Cherry,party,Independent,newsletter_signup,0.067
Portrait Prof. Cherry,party,Independent,policy_general,39.933
Portrait Prof. Cherry,party,Independent,policy_role_mean,48.65
Portrait Prof. Cherry,party,Independent,policy_specific_mean,50.095
Portrait Prof. Cherry,party,Independent,trust_multidimensional,49.167
Portrait Prof. Cherry,party,Independent,trust_post,41.867
Portrait Prof. Cherry,party,Other,behavior_mean,47.593
Portrait Prof. Cherry,party,Other,belief_post,55.889
Portrait Prof. Cherry,party,Other,concern_mean,52.093
Portrait Prof. Cherry,party,Other,distrust_post,44.556
Portrait Prof. Cherry,party,Other,donation_ams,4.611
Portrait Prof. Cherry,party,Other,funding_perceptions,34.5
Portrait Prof. Cherry,party,Other,inst_trust_mean,47.733
Portrait Prof. Cherry,party,Other,newsletter_signup,0.389
Portrait Prof. Cherry,party,Other,policy_general,65.278
Portrait Prof. Cherry,party,Other,policy_role_mean,46.597
Portrait Prof. Cherry,party,Other,policy_specific_mean,50.317
Portrait Prof. Cherry,party,Other,trust_multidimensional,49.236
Portrait Prof. Cherry,party,Other,trust_post,51.333
Model accuracy,party,Republican,behavior_mean,54.074
Model accuracy,party,Republican,belief_post,41
Model accuracy,party,Republican,concern_mean,49.481
Model accuracy,party,Republican,distrust_post,55.111
Model accuracy,party,Republican,donation_ams,4.278
Model accuracy,party,Republican,funding_perceptions,45.111
Model accuracy,party,Republican,inst_trust_mean,49.711
Model accuracy,party,Republican,newsletter_signup,0.444
Model accuracy,party,Republican,policy_general,52.167
Model accuracy,party,Republican,policy_role_mean,48.347
Model accuracy,party,Republican,policy_specific_mean,48.921
Model accuracy,party,Republican,trust_multidimensional,51.69
Model accuracy,party,Republican,trust_post,44
Model accuracy,party,Democrat,behavior_mean,53.964
Model accuracy,party,Democrat,belief_post,44.5
Model accuracy,party,Democrat,concern_mean,47.881
Model accuracy,party,Democrat,distrust_post,57.214
Model accuracy,party,Democrat,donation_ams,5.286
Model accuracy,party,Democrat,funding_perceptions,40
Model accuracy,party,Democrat,inst_trust_mean,46.843
Model accuracy,party,Democrat,newsletter_signup,0.071
Model accuracy,party,Democrat,policy_general,57.571
Model accuracy,party,Democrat,policy_role_mean,46.482
Model accuracy,party,Democrat,policy_specific_mean,52.582
Model accuracy,party,Democrat,trust_multidimensional,48.875
Model accuracy,party,Democrat,trust_post,51.286
Model accuracy,party,Independent,behavior_mean,45.405
Model accuracy,party,Independent,belief_post,43.571
Model accuracy,party,Independent,concern_mean,55.429
Model accuracy,party,Independent,distrust_post,56.429
Model accuracy,party,Independent,donation_ams,5.143
Model accuracy,party,Independent,funding_perceptions,41.714
Model accuracy,party,Independent,inst_trust_mean,48.657
Model accuracy,party,Independent,newsletter_signup,0.143
Model accuracy,party,Independent,policy_general,51.571
Model accuracy,party,Independent,policy_role_mean,52
Model accuracy,party,Independent,policy_specific_mean,47.49
Model accuracy,party,Independent,trust_multidimensional,48.095
Model accuracy,party,Independent,trust_post,47.571
Model accuracy,party,Other,behavior_mean,51.063
Model accuracy,party,Other,belief_post,48.524
Model accuracy,party,Other,concern_mean,56.048
Model accuracy,party,Other,distrust_post,48.619
Model accuracy,party,Other,donation_ams,4.381
Model accuracy,party,Other,funding_perceptions,51.524
Model accuracy,party,Other,inst_trust_mean,51.248
Model accuracy,party,Other,newsletter_signup,0.19
Model accuracy,party,Other,policy_general,36.429
Model accuracy,party,Other,policy_role_mean,43.56
Model accuracy,party,Other,policy_specific_mean,50.857
Model accuracy,party,Other,trust_multidimensional,49.889
Model accuracy,party,Other,trust_post,47.429
Interview Prof. Sebille,party,Republican,behavior_mean,51.333
Interview Prof. Sebille,party,Republican,belief_post,51.143
Interview Prof. Sebille,party,Republican,concern_mean,45.833
Interview Prof. Sebille,party,Republican,distrust_post,43.071
Interview Prof. Sebille,party,Republican,donation_ams,5.5
Interview Prof. Sebille,party,Republican,funding_perceptions,52.071
Interview Prof. Sebille,party,Republican,inst_trust_mean,48.171
Interview Prof. Sebille,party,Republican,newsletter_signup,0.071
Interview Prof. Sebille,party,Republican,policy_general,47.571
Interview Prof. Sebille,party,Republican,policy_role_mean,45.393
Interview Prof. Sebille,party,Republican,policy_specific_mean,49.694
Interview Prof. Sebille,party,Republican,trust_multidimensional,47.042
Interview Prof. Sebille,party,Republican,trust_post,56.143
Interview Prof. Sebille,party,Democrat,behavior_mean,52.758
Interview Prof. Sebille,party,Democrat,belief_post,42.818
Interview Prof. Sebille,party,Democrat,concern_mean,48.303
Interview Prof. Sebille,party,Democrat,distrust_post,37.182
Interview Prof. Sebille,party,Democrat,donation_ams,3.909
Interview Prof. Sebille,party,Democrat,funding_perceptions,46.091
Interview Prof. Sebille,party,Democrat,inst_trust_mean,48.382
Interview Prof. Sebille,party,Democrat,newsletter_signup,0.091
Interview Prof. Sebille,party,Democrat,policy_general,39.182
Interview Prof. Sebille,party,Democrat,policy_role_mean,50.955
Interview Prof. Sebille,party,Democrat,policy_specific_mean,48.117
Interview Prof. Sebille,party,Democrat,trust_multidimensional,48.939
Interview Prof. Sebille,party,Democrat,trust_post,50.091
Interview Prof. Sebille,party,Independent,behavior_mean,49.389
Interview Prof. Sebille,party,Independent,belief_post,37.222
Interview Prof. Sebille,party,Independent,concern_mean,46.556
Interview Prof. Sebille,party,Independent,distrust_post,48.722
Interview Prof. Sebille,party,Independent,donation_ams,4.778
Interview Prof. Sebille,party,Independent,funding_perceptions,51.833
Interview Prof. Sebille,party,Independent,inst_trust_mean,49
Interview Prof. Sebille,party,Independent,newsletter_signup,0.111
Interview Prof. Sebille,party,Independent,policy_general,58.222
Interview Prof. Sebille,party,Independent,policy_role_mean,45.597
Interview Prof. Sebille,party,Independent,policy_specific_mean,51.587
Interview Prof. Sebille,party,Independent,trust_multidimensional,53.12
Interview Prof. Sebille,party,Independent,trust_post,48.222
Interview Prof. Sebille,party,Other,behavior_mean,49.127
Interview Prof. Sebille,party,Other,belief_post,52.294
Interview Prof. Sebille,party,Other,concern_mean,54.569
Interview Prof. Sebille,party,Other,distrust_post,39.353
Interview Prof. Sebille,party,Other,donation_ams,4.118
Interview Prof. Sebille,party,Other,funding_perceptions,59.941
Interview Prof. Sebille,party,Other,inst_trust_mean,49.353
Interview Prof. Sebille,party,Other,newsletter_signup,0.353
Interview Prof. Sebille,party,Other,policy_general,49.765
Interview Prof. Sebille,party,Other,policy_role_mean,51.191
Interview Prof. Sebille,party,Other,policy_specific_mean,51.277
Interview Prof. Sebille,party,Other,trust_multidimensional,50.191
Interview Prof. Sebille,party,Other,trust_post,60.765
Extreme weather predictions,party,Republican,behavior_mean,50.333
Extreme weather predictions,party,Republican,belief_post,48.789
Extreme weather predictions,party,Republican,concern_mean,52.982
Extreme weather predictions,party,Republican,distrust_post,58.211
Extreme weather predictions,party,Republican,donation_ams,5.684
Extreme weather predictions,party,Republican,funding_perceptions,47.737
Extreme weather predictions,party,Republican,inst_trust_mean,46.579
Extreme weather predictions,party,Republican,newsletter_signup,0.105
Extreme weather predictions,party,Republican,policy_general,48.421
Extreme weather predictions,party,Republican,policy_role_mean,49.039
Extreme weather predictions,party,Republican,policy_specific_mean,52.113
Extreme weather predictions,party,Republican,trust_multidimensional,50.061
Extreme weather predictions,party,Republican,trust_post,51
Extreme weather predictions,party,Democrat,behavior_mean,50.441
Extreme weather predictions,party,Democrat,belief_post,47.941
Extreme weather predictions,party,Democrat,concern_mean,50.882
Extreme weather predictions,party,Democrat,distrust_post,46.529
Extreme weather predictions,party,Democrat,donation_ams,4.118
Extreme weather predictions,party,Democrat,funding_perceptions,53.824
Extreme weather predictions,party,Democrat,inst_trust_mean,50.106
Extreme weather predictions,party,Democrat,newsletter_signup,0.294
Extreme weather predictions,party,Democrat,policy_general,37.765
Extreme weather predictions,party,Democrat,policy_role_mean,52.088
Extreme weather predictions,party,Democrat,policy_specific_mean,51.202
Extreme weather predictions,party,Democrat,trust_multidimensional,52.069
Extreme weather predictions,party,Democrat,trust_post,44.471
Extreme weather predictions,party,Independent,behavior_mean,46.846
Extreme weather predictions,party,Independent,belief_post,63.077
Extreme weather predictions,party,Independent,concern_mean,49.564
Extreme weather predictions,party,Independent,distrust_post,64.462
Extreme weather predictions,party,Independent,donation_ams,5.615
Extreme weather predictions,party,Independent,funding_perceptions,53.077
Extreme weather predictions,party,Independent,inst_trust_mean,46.985
Extreme weather predictions,party,Independent,newsletter_signup,0
Extreme weather predictions,party,Independent,policy_general,44.308
Extreme weather predictions,party,Independent,policy_role_mean,49.596
Extreme weather predictions,party,Independent,policy_specific_mean,51.956
Extreme weather predictions,party,Independent,trust_multidimensional,51.782
Extreme weather predictions,party,Independent,trust_post,49
Extreme weather predictions,party,Other,behavior_mean,50.985
Extreme weather predictions,party,Other,belief_post,52
Extreme weather predictions,party,Other,concern_mean,52.879
Extreme weather predictions,party,Other,distrust_post,62
Extreme weather predictions,party,Other,donation_ams,3.364
Extreme weather predictions,party,Other,funding_perceptions,43.545
Extreme weather predictions,party,Other,inst_trust_mean,50.745
Extreme weather predictions,party,Other,newsletter_signup,0.364
Extreme weather predictions,party,Other,policy_general,59.455
Extreme weather predictions,party,Other,policy_role_mean,59.909
Extreme weather predictions,party,Other,policy_specific_mean,49.61
Extreme weather predictions,party,Other,trust_multidimensional,47.515
Extreme weather predictions,party,Other,trust_post,50.455
